player_id,nickname,date,marketValue,bids
68,Unai Simón,2026-06-29T00:00:00+02:00,20000000,0
68,Unai Simón,2026-06-30T00:00:00+02:00,20000000,0
68,Unai Simón,2026-07-01T00:00:00+02:00,20000000,0
68,Unai Simón,2026-07-02T00:00:00+02:00,20000000,0
68,Unai Simón,2026-07-03T00:00:00+02:00,20009499,0
68,Unai Simón,2026-07-04T00:00:00+02:00,20032719,0
68,Unai Simón,2026-07-05T00:00:00+02:00,20052510,0
68,Unai Simón,2026-07-06T00:00:00+02:00,20077267,0
68,Unai Simón,2026-07-07T00:00:00+02:00,20076230,0
68,Unai Simón,2026-07-08T00:00:00+02:00,20040686,0
68,Unai Simón,2026-07-09T00:00:00+02:00,20648523,0
68,Unai Simón,2026-07-10T00:00:00+02:00,20937431,0
68,Unai Simón,2026-07-11T00:00:00+02:00,21730251,0
68,Unai Simón,2026-07-12T00:00:00+02:00,22710007,0
68,Unai Simón,2026-07-13T00:00:00+02:00,24013869,0
68,Unai Simón,2026-07-14T00:00:00+02:00,25076275,0
68,Unai Simón,2026-07-15T00:00:00+02:00,26071104,0
68,Unai Simón,2026-07-16T00:00:00+02:00,27485368,0
68,Unai Simón,2026-07-17T00:00:00+02:00,28835991,0
68,Unai Simón,2026-07-18T00:00:00+02:00,30303694,0
68,Unai Simón,2026-07-19T00:00:00+02:00,31883370,0
68,Unai Simón,2026-07-20T00:00:00+02:00,33288620,0
68,Unai Simón,2026-07-21T00:00:00+02:00,34914257,0
68,Unai Simón,2026-07-22T00:00:00+02:00,35934226,0
68,Unai Simón,2026-07-23T00:00:00+02:00,37730252,0
68,Unai Simón,2026-07-24T00:00:00+02:00,39278330,0
68,Unai Simón,2026-07-25T00:00:00+02:00,41269389,0
68,Unai Simón,2026-07-26T00:00:00+02:00,43164690,0
68,Unai Simón,2026-07-27T00:00:00+02:00,44749957,0
68,Unai Simón,2026-07-28T00:00:00+02:00,46575860,0
68,Unai Simón,2026-07-29T00:00:00+02:00,47993177,0
68,Unai Simón,2026-07-30T00:00:00+02:00,49738390,0
68,Unai Simón,2026-07-31T00:00:00+02:00,51260783,0
68,Unai Simón,2026-08-01T00:00:00+02:00,52643224,0
68,Unai Simón,2026-08-02T00:00:00+02:00,54352817,0
68,Unai Simón,2026-08-03T00:00:00+02:00,55795361,0
68,Unai Simón,2026-08-04T00:00:00+02:00,56983641,0
68,Unai Simón,2026-08-05T00:00:00+02:00,58175160,0
68,Unai Simón,2026-08-06T00:00:00+02:00,58878379,0
68,Unai Simón,2026-08-07T00:00:00+02:00,59313658,0
68,Unai Simón,2026-08-08T00:00:00+02:00,59502722,0
68,Unai Simón,2026-08-09T00:00:00+02:00,59251820,0
68,Unai Simón,2026-08-10T00:00:00+02:00,58575310,0
68,Unai Simón,2026-08-11T00:00:00+02:00,57614577,0
68,Unai Simón,2026-08-12T00:00:00+02:00,56756447,0
68,Unai Simón,2026-08-13T00:00:00+02:00,55748489,0
68,Unai Simón,2026-08-14T00:00:00+02:00,55040028,0
68,Unai Simón,2026-08-15T00:00:00+02:00,54470083,0
68,Unai Simón,2026-08-16T00:00:00+02:00,54032285,0
140,Iván Villar,2026-06-29T00:00:00+02:00,2500000,0
140,Iván Villar,2026-06-30T00:00:00+02:00,2500000,0
140,Iván Villar,2026-07-01T00:00:00+02:00,2500000,0
140,Iván Villar,2026-07-02T00:00:00+02:00,2500000,0
140,Iván Villar,2026-07-03T00:00:00+02:00,2501187,0
140,Iván Villar,2026-07-04T00:00:00+02:00,2504089,0
140,Iván Villar,2026-07-05T00:00:00+02:00,2506562,0
140,Iván Villar,2026-07-06T00:00:00+02:00,2509656,0
140,Iván Villar,2026-07-07T00:00:00+02:00,2509526,0
140,Iván Villar,2026-07-08T00:00:00+02:00,2439454,0
140,Iván Villar,2026-07-09T00:00:00+02:00,2382887,0
140,Iván Villar,2026-07-10T00:00:00+02:00,2324093,0
140,Iván Villar,2026-07-11T00:00:00+02:00,2266382,0
140,Iván Villar,2026-07-12T00:00:00+02:00,2206197,0
140,Iván Villar,2026-07-13T00:00:00+02:00,2141027,0
140,Iván Villar,2026-07-14T00:00:00+02:00,2078549,0
140,Iván Villar,2026-07-15T00:00:00+02:00,2016466,0
140,Iván Villar,2026-07-16T00:00:00+02:00,1958169,0
140,Iván Villar,2026-07-17T00:00:00+02:00,1901161,0
140,Iván Villar,2026-07-18T00:00:00+02:00,1848394,0
140,Iván Villar,2026-07-19T00:00:00+02:00,1795088,0
140,Iván Villar,2026-07-20T00:00:00+02:00,1744979,0
140,Iván Villar,2026-07-21T00:00:00+02:00,1698378,0
140,Iván Villar,2026-07-22T00:00:00+02:00,1649276,0
140,Iván Villar,2026-07-23T00:00:00+02:00,1603199,0
140,Iván Villar,2026-07-24T00:00:00+02:00,1559106,0
140,Iván Villar,2026-07-25T00:00:00+02:00,1523261,0
140,Iván Villar,2026-07-26T00:00:00+02:00,1484969,0
140,Iván Villar,2026-07-27T00:00:00+02:00,1446147,0
140,Iván Villar,2026-07-28T00:00:00+02:00,1416135,0
140,Iván Villar,2026-07-29T00:00:00+02:00,1382036,0
140,Iván Villar,2026-07-30T00:00:00+02:00,1355614,0
140,Iván Villar,2026-07-31T00:00:00+02:00,1326483,0
140,Iván Villar,2026-08-01T00:00:00+02:00,1300301,0
140,Iván Villar,2026-08-02T00:00:00+02:00,1274073,0
140,Iván Villar,2026-08-03T00:00:00+02:00,1246957,0
140,Iván Villar,2026-08-04T00:00:00+02:00,1221331,0
140,Iván Villar,2026-08-05T00:00:00+02:00,1194441,0
140,Iván Villar,2026-08-06T00:00:00+02:00,1168144,0
140,Iván Villar,2026-08-07T00:00:00+02:00,1143146,0
140,Iván Villar,2026-08-08T00:00:00+02:00,1119840,0
140,Iván Villar,2026-08-09T00:00:00+02:00,1095234,0
140,Iván Villar,2026-08-10T00:00:00+02:00,1071922,0
140,Iván Villar,2026-08-11T00:00:00+02:00,1051104,0
140,Iván Villar,2026-08-12T00:00:00+02:00,1032286,0
140,Iván Villar,2026-08-13T00:00:00+02:00,1010900,0
140,Iván Villar,2026-08-14T00:00:00+02:00,996820,0
140,Iván Villar,2026-08-15T00:00:00+02:00,978446,0
140,Iván Villar,2026-08-16T00:00:00+02:00,963997,0
184,David Soria,2026-06-29T00:00:00+02:00,20000000,0
184,David Soria,2026-06-30T00:00:00+02:00,20000000,0
184,David Soria,2026-07-01T00:00:00+02:00,20000000,0
184,David Soria,2026-07-02T00:00:00+02:00,20000000,0
184,David Soria,2026-07-03T00:00:00+02:00,20009499,0
184,David Soria,2026-07-04T00:00:00+02:00,20032719,0
184,David Soria,2026-07-05T00:00:00+02:00,19272465,0
184,David Soria,2026-08-11T00:00:00+02:00,18634699,0
184,David Soria,2026-08-12T00:00:00+02:00,18016939,0
184,David Soria,2026-08-13T00:00:00+02:00,18030902,0
184,David Soria,2026-08-14T00:00:00+02:00,18831782,0
184,David Soria,2026-08-15T00:00:00+02:00,19481437,0
184,David Soria,2026-08-16T00:00:00+02:00,19976720,0
204,Aitor Fdez,2026-06-29T00:00:00+02:00,1000000,0
204,Aitor Fdez,2026-06-30T00:00:00+02:00,1000000,0
204,Aitor Fdez,2026-07-01T00:00:00+02:00,1000000,0
204,Aitor Fdez,2026-07-02T00:00:00+02:00,1000000,0
204,Aitor Fdez,2026-07-03T00:00:00+02:00,1000475,0
204,Aitor Fdez,2026-07-04T00:00:00+02:00,1001636,0
204,Aitor Fdez,2026-07-05T00:00:00+02:00,1002625,0
204,Aitor Fdez,2026-07-06T00:00:00+02:00,1003862,0
204,Aitor Fdez,2026-07-07T00:00:00+02:00,1003810,0
204,Aitor Fdez,2026-07-08T00:00:00+02:00,990860,0
204,Aitor Fdez,2026-07-09T00:00:00+02:00,962612,0
204,Aitor Fdez,2026-07-10T00:00:00+02:00,934670,0
204,Aitor Fdez,2026-07-11T00:00:00+02:00,908262,0
204,Aitor Fdez,2026-07-12T00:00:00+02:00,884044,0
204,Aitor Fdez,2026-07-13T00:00:00+02:00,861612,0
204,Aitor Fdez,2026-07-14T00:00:00+02:00,839908,0
204,Aitor Fdez,2026-07-15T00:00:00+02:00,819638,0
204,Aitor Fdez,2026-07-16T00:00:00+02:00,801486,0
204,Aitor Fdez,2026-07-17T00:00:00+02:00,784360,0
204,Aitor Fdez,2026-07-18T00:00:00+02:00,768273,0
204,Aitor Fdez,2026-07-19T00:00:00+02:00,753074,0
204,Aitor Fdez,2026-07-20T00:00:00+02:00,739194,0
204,Aitor Fdez,2026-07-21T00:00:00+02:00,727386,0
204,Aitor Fdez,2026-07-22T00:00:00+02:00,711586,0
204,Aitor Fdez,2026-07-23T00:00:00+02:00,697970,0
204,Aitor Fdez,2026-07-24T00:00:00+02:00,683948,0
204,Aitor Fdez,2026-07-25T00:00:00+02:00,672141,0
204,Aitor Fdez,2026-07-26T00:00:00+02:00,661426,0
204,Aitor Fdez,2026-07-27T00:00:00+02:00,650748,0
204,Aitor Fdez,2026-07-28T00:00:00+02:00,640616,0
204,Aitor Fdez,2026-07-29T00:00:00+02:00,628685,0
204,Aitor Fdez,2026-07-30T00:00:00+02:00,617954,0
204,Aitor Fdez,2026-07-31T00:00:00+02:00,607200,0
204,Aitor Fdez,2026-08-01T00:00:00+02:00,596981,0
204,Aitor Fdez,2026-08-02T00:00:00+02:00,588085,0
204,Aitor Fdez,2026-08-03T00:00:00+02:00,578970,0
204,Aitor Fdez,2026-08-04T00:00:00+02:00,569572,0
204,Aitor Fdez,2026-08-05T00:00:00+02:00,560953,0
204,Aitor Fdez,2026-08-06T00:00:00+02:00,551834,0
204,Aitor Fdez,2026-08-07T00:00:00+02:00,543771,0
204,Aitor Fdez,2026-08-08T00:00:00+02:00,535920,0
204,Aitor Fdez,2026-08-09T00:00:00+02:00,529400,0
204,Aitor Fdez,2026-08-10T00:00:00+02:00,534186,0
204,Aitor Fdez,2026-08-11T00:00:00+02:00,526864,0
204,Aitor Fdez,2026-08-12T00:00:00+02:00,520942,0
204,Aitor Fdez,2026-08-13T00:00:00+02:00,513046,0
204,Aitor Fdez,2026-08-14T00:00:00+02:00,505922,0
204,Aitor Fdez,2026-08-15T00:00:00+02:00,503695,0
204,Aitor Fdez,2026-08-16T00:00:00+02:00,498466,0
230,Courtois,2026-06-29T00:00:00+02:00,40000000,0
230,Courtois,2026-06-30T00:00:00+02:00,40000000,0
230,Courtois,2026-07-01T00:00:00+02:00,40000000,0
230,Courtois,2026-07-02T00:00:00+02:00,40000000,0
230,Courtois,2026-07-03T00:00:00+02:00,40018999,0
230,Courtois,2026-07-04T00:00:00+02:00,40065439,0
230,Courtois,2026-07-05T00:00:00+02:00,40105021,0
230,Courtois,2026-07-06T00:00:00+02:00,40154536,0
230,Courtois,2026-07-07T00:00:00+02:00,40152462,0
230,Courtois,2026-07-08T00:00:00+02:00,41311079,0
230,Courtois,2026-07-09T00:00:00+02:00,42194194,0
230,Courtois,2026-07-10T00:00:00+02:00,43851096,0
230,Courtois,2026-07-11T00:00:00+02:00,45525198,0
230,Courtois,2026-07-12T00:00:00+02:00,47561792,0
230,Courtois,2026-07-13T00:00:00+02:00,49456236,0
230,Courtois,2026-07-14T00:00:00+02:00,51104959,0
230,Courtois,2026-07-15T00:00:00+02:00,53187917,0
230,Courtois,2026-07-16T00:00:00+02:00,54985188,0
230,Courtois,2026-07-17T00:00:00+02:00,56263356,0
230,Courtois,2026-07-18T00:00:00+02:00,57256173,0
230,Courtois,2026-07-19T00:00:00+02:00,58233045,0
230,Courtois,2026-07-20T00:00:00+02:00,58787453,0
230,Courtois,2026-07-21T00:00:00+02:00,59463679,0
230,Courtois,2026-07-22T00:00:00+02:00,59203062,0
230,Courtois,2026-07-23T00:00:00+02:00,59726357,0
230,Courtois,2026-07-24T00:00:00+02:00,59801721,0
230,Courtois,2026-07-25T00:00:00+02:00,59853693,0
230,Courtois,2026-07-26T00:00:00+02:00,60076347,0
230,Courtois,2026-07-27T00:00:00+02:00,59872031,0
230,Courtois,2026-07-28T00:00:00+02:00,59670336,0
230,Courtois,2026-07-29T00:00:00+02:00,59417353,0
230,Courtois,2026-07-30T00:00:00+02:00,59338614,0
230,Courtois,2026-07-31T00:00:00+02:00,58937671,0
230,Courtois,2026-08-01T00:00:00+02:00,58795460,0
230,Courtois,2026-08-02T00:00:00+02:00,58607297,0
230,Courtois,2026-08-03T00:00:00+02:00,58415155,0
230,Courtois,2026-08-04T00:00:00+02:00,58155336,0
230,Courtois,2026-08-05T00:00:00+02:00,57941688,0
230,Courtois,2026-08-06T00:00:00+02:00,57425191,0
230,Courtois,2026-08-07T00:00:00+02:00,57116837,0
230,Courtois,2026-08-08T00:00:00+02:00,56937506,0
230,Courtois,2026-08-09T00:00:00+02:00,56682795,0
230,Courtois,2026-08-10T00:00:00+02:00,56479265,0
230,Courtois,2026-08-11T00:00:00+02:00,57010235,0
230,Courtois,2026-08-12T00:00:00+02:00,57798228,0
230,Courtois,2026-08-13T00:00:00+02:00,58705705,0
230,Courtois,2026-08-14T00:00:00+02:00,59603740,0
230,Courtois,2026-08-15T00:00:00+02:00,60229714,0
230,Courtois,2026-08-16T00:00:00+02:00,60825268,0
274,Remiro,2026-06-29T00:00:00+02:00,20000000,0
274,Remiro,2026-06-30T00:00:00+02:00,20000000,0
274,Remiro,2026-07-01T00:00:00+02:00,20000000,0
274,Remiro,2026-07-02T00:00:00+02:00,20000000,0
274,Remiro,2026-07-03T00:00:00+02:00,20009499,0
274,Remiro,2026-07-04T00:00:00+02:00,20032719,0
274,Remiro,2026-07-05T00:00:00+02:00,20052510,0
274,Remiro,2026-07-06T00:00:00+02:00,20077267,0
274,Remiro,2026-07-07T00:00:00+02:00,20076230,0
274,Remiro,2026-07-08T00:00:00+02:00,19929175,0
274,Remiro,2026-07-09T00:00:00+02:00,20211402,0
274,Remiro,2026-07-10T00:00:00+02:00,20891940,0
274,Remiro,2026-07-11T00:00:00+02:00,21338989,0
274,Remiro,2026-07-12T00:00:00+02:00,22026612,0
274,Remiro,2026-07-13T00:00:00+02:00,22900510,0
274,Remiro,2026-07-14T00:00:00+02:00,23631003,0
274,Remiro,2026-07-15T00:00:00+02:00,24284764,0
274,Remiro,2026-07-16T00:00:00+02:00,25132052,0
274,Remiro,2026-07-17T00:00:00+02:00,25896314,0
274,Remiro,2026-07-18T00:00:00+02:00,26993096,0
274,Remiro,2026-07-19T00:00:00+02:00,27665164,0
274,Remiro,2026-07-20T00:00:00+02:00,28697238,0
274,Remiro,2026-07-21T00:00:00+02:00,29574969,0
274,Remiro,2026-07-22T00:00:00+02:00,30124749,0
274,Remiro,2026-07-23T00:00:00+02:00,30935661,0
274,Remiro,2026-07-24T00:00:00+02:00,31588993,0
274,Remiro,2026-07-25T00:00:00+02:00,32624594,0
274,Remiro,2026-07-26T00:00:00+02:00,33589321,0
274,Remiro,2026-07-27T00:00:00+02:00,34525733,0
274,Remiro,2026-07-28T00:00:00+02:00,35750885,0
274,Remiro,2026-07-29T00:00:00+02:00,36491671,0
274,Remiro,2026-07-30T00:00:00+02:00,37596069,0
274,Remiro,2026-07-31T00:00:00+02:00,38441824,0
274,Remiro,2026-08-01T00:00:00+02:00,39701479,0
274,Remiro,2026-08-02T00:00:00+02:00,40900284,0
274,Remiro,2026-08-03T00:00:00+02:00,42127024,0
274,Remiro,2026-08-04T00:00:00+02:00,43193004,0
274,Remiro,2026-08-05T00:00:00+02:00,43976247,0
274,Remiro,2026-08-06T00:00:00+02:00,44507121,0
274,Remiro,2026-08-07T00:00:00+02:00,44980690,0
274,Remiro,2026-08-08T00:00:00+02:00,45326148,0
274,Remiro,2026-08-09T00:00:00+02:00,45543388,0
274,Remiro,2026-08-10T00:00:00+02:00,45432160,0
274,Remiro,2026-08-11T00:00:00+02:00,45001585,0
274,Remiro,2026-08-12T00:00:00+02:00,44634642,0
274,Remiro,2026-08-13T00:00:00+02:00,44029475,0
274,Remiro,2026-08-14T00:00:00+02:00,43561947,0
274,Remiro,2026-08-15T00:00:00+02:00,43264149,0
274,Remiro,2026-08-16T00:00:00+02:00,43040286,0
644,Sergio Herrera,2026-06-29T00:00:00+02:00,16000000,0
644,Sergio Herrera,2026-06-30T00:00:00+02:00,16000000,0
644,Sergio Herrera,2026-07-01T00:00:00+02:00,16000000,0
644,Sergio Herrera,2026-07-02T00:00:00+02:00,16000000,0
644,Sergio Herrera,2026-07-03T00:00:00+02:00,16007599,0
644,Sergio Herrera,2026-07-04T00:00:00+02:00,16026175,0
644,Sergio Herrera,2026-07-05T00:00:00+02:00,16042008,0
644,Sergio Herrera,2026-07-06T00:00:00+02:00,16061814,0
644,Sergio Herrera,2026-07-07T00:00:00+02:00,16060984,0
644,Sergio Herrera,2026-07-08T00:00:00+02:00,16000729,0
644,Sergio Herrera,2026-07-09T00:00:00+02:00,16381088,0
644,Sergio Herrera,2026-07-10T00:00:00+02:00,16794775,0
644,Sergio Herrera,2026-07-11T00:00:00+02:00,17273613,0
644,Sergio Herrera,2026-07-12T00:00:00+02:00,17742433,0
644,Sergio Herrera,2026-07-13T00:00:00+02:00,18393432,0
644,Sergio Herrera,2026-07-14T00:00:00+02:00,18894315,0
644,Sergio Herrera,2026-07-15T00:00:00+02:00,19403856,0
644,Sergio Herrera,2026-07-16T00:00:00+02:00,20052076,0
644,Sergio Herrera,2026-07-17T00:00:00+02:00,20784135,0
644,Sergio Herrera,2026-07-18T00:00:00+02:00,21549724,0
644,Sergio Herrera,2026-07-19T00:00:00+02:00,22172533,0
644,Sergio Herrera,2026-07-20T00:00:00+02:00,22720549,0
644,Sergio Herrera,2026-07-21T00:00:00+02:00,23309521,0
644,Sergio Herrera,2026-07-22T00:00:00+02:00,23650837,0
644,Sergio Herrera,2026-07-23T00:00:00+02:00,24354908,0
644,Sergio Herrera,2026-07-24T00:00:00+02:00,24890580,0
644,Sergio Herrera,2026-07-25T00:00:00+02:00,25727208,0
644,Sergio Herrera,2026-07-26T00:00:00+02:00,26326136,0
644,Sergio Herrera,2026-07-27T00:00:00+02:00,27056845,0
644,Sergio Herrera,2026-07-28T00:00:00+02:00,27905701,0
644,Sergio Herrera,2026-07-29T00:00:00+02:00,28657014,0
644,Sergio Herrera,2026-07-30T00:00:00+02:00,29532595,0
644,Sergio Herrera,2026-07-31T00:00:00+02:00,30485914,0
644,Sergio Herrera,2026-08-01T00:00:00+02:00,31485973,0
644,Sergio Herrera,2026-08-02T00:00:00+02:00,32465246,0
644,Sergio Herrera,2026-08-03T00:00:00+02:00,33341027,0
644,Sergio Herrera,2026-08-04T00:00:00+02:00,34335190,0
644,Sergio Herrera,2026-08-05T00:00:00+02:00,35192868,0
644,Sergio Herrera,2026-08-06T00:00:00+02:00,35982163,0
644,Sergio Herrera,2026-08-07T00:00:00+02:00,36881140,0
644,Sergio Herrera,2026-08-08T00:00:00+02:00,37674037,0
644,Sergio Herrera,2026-08-09T00:00:00+02:00,38432847,0
644,Sergio Herrera,2026-08-10T00:00:00+02:00,39038859,0
644,Sergio Herrera,2026-08-11T00:00:00+02:00,39646218,0
644,Sergio Herrera,2026-08-12T00:00:00+02:00,40098689,0
644,Sergio Herrera,2026-08-13T00:00:00+02:00,40218567,0
644,Sergio Herrera,2026-08-14T00:00:00+02:00,40093025,0
644,Sergio Herrera,2026-08-15T00:00:00+02:00,39866725,0
644,Sergio Herrera,2026-08-16T00:00:00+02:00,39602509,0
988,Sivera,2026-06-29T00:00:00+02:00,15000000,0
988,Sivera,2026-06-30T00:00:00+02:00,15000000,0
988,Sivera,2026-07-01T00:00:00+02:00,15000000,0
988,Sivera,2026-07-02T00:00:00+02:00,15000000,0
988,Sivera,2026-07-03T00:00:00+02:00,14430356,0
988,Sivera,2026-07-04T00:00:00+02:00,14447101,0
988,Sivera,2026-07-05T00:00:00+02:00,14461374,0
988,Sivera,2026-07-06T00:00:00+02:00,14479228,0
988,Sivera,2026-07-07T00:00:00+02:00,14478480,0
988,Sivera,2026-07-08T00:00:00+02:00,14432194,0
988,Sivera,2026-07-09T00:00:00+02:00,14621082,0
988,Sivera,2026-07-10T00:00:00+02:00,14666249,0
988,Sivera,2026-07-11T00:00:00+02:00,14799782,0
988,Sivera,2026-07-12T00:00:00+02:00,15061174,0
988,Sivera,2026-07-13T00:00:00+02:00,15483703,0
988,Sivera,2026-07-14T00:00:00+02:00,15847653,0
988,Sivera,2026-07-15T00:00:00+02:00,16181927,0
988,Sivera,2026-07-16T00:00:00+02:00,16539318,0
988,Sivera,2026-07-17T00:00:00+02:00,16886889,0
988,Sivera,2026-07-18T00:00:00+02:00,17237995,0
988,Sivera,2026-07-19T00:00:00+02:00,17568616,0
988,Sivera,2026-07-20T00:00:00+02:00,17938136,0
988,Sivera,2026-07-21T00:00:00+02:00,18314479,0
988,Sivera,2026-07-22T00:00:00+02:00,18447771,0
988,Sivera,2026-07-23T00:00:00+02:00,19032929,0
988,Sivera,2026-07-24T00:00:00+02:00,19403891,0
988,Sivera,2026-07-25T00:00:00+02:00,19810799,0
988,Sivera,2026-07-26T00:00:00+02:00,20232016,0
988,Sivera,2026-07-27T00:00:00+02:00,20658602,0
988,Sivera,2026-07-28T00:00:00+02:00,21193545,0
988,Sivera,2026-07-29T00:00:00+02:00,21634103,0
988,Sivera,2026-07-30T00:00:00+02:00,22304753,0
988,Sivera,2026-07-31T00:00:00+02:00,22809098,0
988,Sivera,2026-08-01T00:00:00+02:00,23504684,0
988,Sivera,2026-08-02T00:00:00+02:00,24259016,0
988,Sivera,2026-08-03T00:00:00+02:00,24958495,0
988,Sivera,2026-08-04T00:00:00+02:00,25703663,0
988,Sivera,2026-08-05T00:00:00+02:00,26458840,0
988,Sivera,2026-08-06T00:00:00+02:00,27120724,0
988,Sivera,2026-08-07T00:00:00+02:00,27900685,0
988,Sivera,2026-08-08T00:00:00+02:00,28700083,0
988,Sivera,2026-08-09T00:00:00+02:00,29360966,0
988,Sivera,2026-08-10T00:00:00+02:00,29984533,0
988,Sivera,2026-08-11T00:00:00+02:00,30456940,0
988,Sivera,2026-08-12T00:00:00+02:00,30912627,0
988,Sivera,2026-08-13T00:00:00+02:00,31087858,0
988,Sivera,2026-08-14T00:00:00+02:00,31318850,0
988,Sivera,2026-08-15T00:00:00+02:00,31474726,0
988,Sivera,2026-08-16T00:00:00+02:00,31592971,0
1219,Agirrezabala,2026-06-29T00:00:00+02:00,2900000,0
1219,Agirrezabala,2026-06-30T00:00:00+02:00,2900000,0
1219,Agirrezabala,2026-07-01T00:00:00+02:00,2900000,0
1219,Agirrezabala,2026-07-02T00:00:00+02:00,2900000,0
1219,Agirrezabala,2026-07-03T00:00:00+02:00,2901377,0
1219,Agirrezabala,2026-07-04T00:00:00+02:00,2904743,0
1219,Agirrezabala,2026-07-05T00:00:00+02:00,2907612,0
1219,Agirrezabala,2026-08-14T00:00:00+02:00,2807557,0
1219,Agirrezabala,2026-08-15T00:00:00+02:00,2713464,0
1219,Agirrezabala,2026-08-16T00:00:00+02:00,2802725,0
2321,J. Musso,2026-06-29T00:00:00+02:00,10000000,0
2321,J. Musso,2026-06-30T00:00:00+02:00,10000000,0
2321,J. Musso,2026-07-01T00:00:00+02:00,10000000,0
2321,J. Musso,2026-07-02T00:00:00+02:00,10000000,0
2321,J. Musso,2026-07-03T00:00:00+02:00,10004749,0
2321,J. Musso,2026-07-04T00:00:00+02:00,10016359,0
2321,J. Musso,2026-07-05T00:00:00+02:00,10026254,0
2321,J. Musso,2026-07-06T00:00:00+02:00,10038632,0
2321,J. Musso,2026-07-07T00:00:00+02:00,10038113,0
2321,J. Musso,2026-07-08T00:00:00+02:00,9973907,0
2321,J. Musso,2026-07-09T00:00:00+02:00,9853819,0
2321,J. Musso,2026-07-10T00:00:00+02:00,9639439,0
2321,J. Musso,2026-07-11T00:00:00+02:00,9449686,0
2321,J. Musso,2026-07-12T00:00:00+02:00,9254638,0
2321,J. Musso,2026-07-13T00:00:00+02:00,9074386,0
2321,J. Musso,2026-07-14T00:00:00+02:00,8895590,0
2321,J. Musso,2026-07-15T00:00:00+02:00,8691384,0
2321,J. Musso,2026-07-16T00:00:00+02:00,8502454,0
2321,J. Musso,2026-07-17T00:00:00+02:00,8326129,0
2321,J. Musso,2026-07-18T00:00:00+02:00,8153475,0
2321,J. Musso,2026-07-19T00:00:00+02:00,7976334,0
2321,J. Musso,2026-07-20T00:00:00+02:00,7813106,0
2321,J. Musso,2026-07-21T00:00:00+02:00,7648553,0
2321,J. Musso,2026-07-22T00:00:00+02:00,7463934,0
2321,J. Musso,2026-07-23T00:00:00+02:00,7311377,0
2321,J. Musso,2026-07-24T00:00:00+02:00,7159152,0
2321,J. Musso,2026-07-25T00:00:00+02:00,6988194,0
2321,J. Musso,2026-07-26T00:00:00+02:00,6833396,0
2321,J. Musso,2026-07-27T00:00:00+02:00,6678436,0
2321,J. Musso,2026-07-28T00:00:00+02:00,6555887,0
2321,J. Musso,2026-07-29T00:00:00+02:00,6407089,0
2321,J. Musso,2026-07-30T00:00:00+02:00,6294649,0
2321,J. Musso,2026-07-31T00:00:00+02:00,6165916,0
2321,J. Musso,2026-08-01T00:00:00+02:00,6040783,0
2321,J. Musso,2026-08-02T00:00:00+02:00,5925320,0
2321,J. Musso,2026-08-03T00:00:00+02:00,5816012,0
2321,J. Musso,2026-08-04T00:00:00+02:00,5690155,0
2321,J. Musso,2026-08-05T00:00:00+02:00,5558448,0
2321,J. Musso,2026-08-06T00:00:00+02:00,5437142,0
2321,J. Musso,2026-08-07T00:00:00+02:00,5313924,0
2321,J. Musso,2026-08-08T00:00:00+02:00,5203870,0
2321,J. Musso,2026-08-09T00:00:00+02:00,5100819,0
2321,J. Musso,2026-08-10T00:00:00+02:00,4988659,0
2321,J. Musso,2026-08-11T00:00:00+02:00,4884169,0
2321,J. Musso,2026-08-12T00:00:00+02:00,4776319,0
2321,J. Musso,2026-08-13T00:00:00+02:00,4670460,0
2321,J. Musso,2026-08-14T00:00:00+02:00,4569064,0
2321,J. Musso,2026-08-15T00:00:00+02:00,4494711,0
2321,J. Musso,2026-08-16T00:00:00+02:00,4422796,0
2322,Oblak,2026-06-29T00:00:00+02:00,35000000,0
2322,Oblak,2026-06-30T00:00:00+02:00,35000000,0
2322,Oblak,2026-07-01T00:00:00+02:00,35000000,0
2322,Oblak,2026-07-02T00:00:00+02:00,35000000,0
2322,Oblak,2026-07-03T00:00:00+02:00,35016624,0
2322,Oblak,2026-07-04T00:00:00+02:00,35057259,0
2322,Oblak,2026-07-05T00:00:00+02:00,35091893,0
2322,Oblak,2026-07-06T00:00:00+02:00,35135219,0
2322,Oblak,2026-07-07T00:00:00+02:00,35133404,0
2322,Oblak,2026-07-08T00:00:00+02:00,35216811,0
2322,Oblak,2026-07-09T00:00:00+02:00,36050730,0
2322,Oblak,2026-07-10T00:00:00+02:00,36840876,0
2322,Oblak,2026-07-11T00:00:00+02:00,37651320,0
2322,Oblak,2026-07-12T00:00:00+02:00,38729603,0
2322,Oblak,2026-07-13T00:00:00+02:00,39833908,0
2322,Oblak,2026-07-14T00:00:00+02:00,40763248,0
2322,Oblak,2026-07-15T00:00:00+02:00,41910182,0
2322,Oblak,2026-07-16T00:00:00+02:00,42780481,0
2322,Oblak,2026-07-17T00:00:00+02:00,43539617,0
2322,Oblak,2026-07-18T00:00:00+02:00,44526305,0
2322,Oblak,2026-07-19T00:00:00+02:00,45062813,0
2322,Oblak,2026-07-20T00:00:00+02:00,45861263,0
2322,Oblak,2026-07-21T00:00:00+02:00,46583706,0
2322,Oblak,2026-07-22T00:00:00+02:00,46697400,0
2322,Oblak,2026-07-23T00:00:00+02:00,47338215,0
2322,Oblak,2026-07-24T00:00:00+02:00,47633221,0
2322,Oblak,2026-07-25T00:00:00+02:00,48389012,0
2322,Oblak,2026-07-26T00:00:00+02:00,49004432,0
2322,Oblak,2026-07-27T00:00:00+02:00,49488941,0
2322,Oblak,2026-07-28T00:00:00+02:00,50380155,0
2322,Oblak,2026-07-29T00:00:00+02:00,50670981,0
2322,Oblak,2026-07-30T00:00:00+02:00,51246431,0
2322,Oblak,2026-07-31T00:00:00+02:00,51782676,0
2322,Oblak,2026-08-01T00:00:00+02:00,52334926,0
2322,Oblak,2026-08-02T00:00:00+02:00,52814276,0
2322,Oblak,2026-08-03T00:00:00+02:00,53370167,0
2322,Oblak,2026-08-04T00:00:00+02:00,54093322,0
2322,Oblak,2026-08-05T00:00:00+02:00,54586198,0
2322,Oblak,2026-08-06T00:00:00+02:00,54928812,0
2322,Oblak,2026-08-07T00:00:00+02:00,55287823,0
2322,Oblak,2026-08-08T00:00:00+02:00,55394016,0
2322,Oblak,2026-08-09T00:00:00+02:00,55386296,0
2322,Oblak,2026-08-10T00:00:00+02:00,54982571,0
2322,Oblak,2026-08-11T00:00:00+02:00,54352468,0
2322,Oblak,2026-08-12T00:00:00+02:00,53981340,0
2322,Oblak,2026-08-13T00:00:00+02:00,53404436,0
2322,Oblak,2026-08-14T00:00:00+02:00,52885380,0
2322,Oblak,2026-08-15T00:00:00+02:00,52596376,0
2322,Oblak,2026-08-16T00:00:00+02:00,52330272,0
2351,Iñaki Peña,2026-06-29T00:00:00+02:00,4000000,0
2351,Iñaki Peña,2026-06-30T00:00:00+02:00,4000000,0
2351,Iñaki Peña,2026-07-01T00:00:00+02:00,4000000,0
2351,Iñaki Peña,2026-07-02T00:00:00+02:00,4000000,0
2351,Iñaki Peña,2026-07-03T00:00:00+02:00,4001899,0
2351,Iñaki Peña,2026-07-04T00:00:00+02:00,4006543,0
2351,Iñaki Peña,2026-07-05T00:00:00+02:00,4010501,0
2363,Letacek,2026-06-29T00:00:00+02:00,1900000,0
2363,Letacek,2026-06-30T00:00:00+02:00,1900000,0
2363,Letacek,2026-07-01T00:00:00+02:00,1900000,0
2363,Letacek,2026-07-02T00:00:00+02:00,1900000,0
2363,Letacek,2026-07-03T00:00:00+02:00,1900902,0
2363,Letacek,2026-07-04T00:00:00+02:00,1903107,0
2363,Letacek,2026-07-05T00:00:00+02:00,1904987,0
2363,Letacek,2026-07-06T00:00:00+02:00,1907339,0
2363,Letacek,2026-07-07T00:00:00+02:00,1907240,0
2363,Letacek,2026-07-08T00:00:00+02:00,1857243,0
2363,Letacek,2026-07-09T00:00:00+02:00,1805247,0
2363,Letacek,2026-07-10T00:00:00+02:00,1751560,0
2363,Letacek,2026-07-11T00:00:00+02:00,1698915,0
2363,Letacek,2026-07-12T00:00:00+02:00,1650752,0
2363,Letacek,2026-07-13T00:00:00+02:00,1601342,0
2363,Letacek,2026-07-14T00:00:00+02:00,1553864,0
2363,Letacek,2026-07-15T00:00:00+02:00,1506419,0
2363,Letacek,2026-07-16T00:00:00+02:00,1462612,0
2363,Letacek,2026-07-17T00:00:00+02:00,1419719,0
2363,Letacek,2026-07-18T00:00:00+02:00,1378217,0
2363,Letacek,2026-07-19T00:00:00+02:00,1339113,0
2363,Letacek,2026-07-20T00:00:00+02:00,1301791,0
2363,Letacek,2026-07-21T00:00:00+02:00,1267479,0
2363,Letacek,2026-07-22T00:00:00+02:00,1230075,0
2363,Letacek,2026-07-23T00:00:00+02:00,1196315,0
2363,Letacek,2026-07-24T00:00:00+02:00,1162359,0
2363,Letacek,2026-07-25T00:00:00+02:00,1131415,0
2363,Letacek,2026-07-26T00:00:00+02:00,1102329,0
2363,Letacek,2026-07-27T00:00:00+02:00,1074015,0
2363,Letacek,2026-07-28T00:00:00+02:00,1046953,0
2363,Letacek,2026-07-29T00:00:00+02:00,1024302,0
2363,Letacek,2026-07-30T00:00:00+02:00,1000834,0
2363,Letacek,2026-07-31T00:00:00+02:00,977421,0
2363,Letacek,2026-08-01T00:00:00+02:00,955881,0
2363,Letacek,2026-08-02T00:00:00+02:00,935786,0
2363,Letacek,2026-08-03T00:00:00+02:00,914462,0
2363,Letacek,2026-08-04T00:00:00+02:00,895154,0
2363,Letacek,2026-08-05T00:00:00+02:00,876127,0
2363,Letacek,2026-08-06T00:00:00+02:00,856200,0
2363,Letacek,2026-08-07T00:00:00+02:00,837858,0
2363,Letacek,2026-08-08T00:00:00+02:00,819437,0
2363,Letacek,2026-08-09T00:00:00+02:00,802381,0
2363,Letacek,2026-08-10T00:00:00+02:00,785421,0
2363,Letacek,2026-08-11T00:00:00+02:00,768357,0
2363,Letacek,2026-08-12T00:00:00+02:00,752909,0
2363,Letacek,2026-08-13T00:00:00+02:00,736470,0
2363,Letacek,2026-08-14T00:00:00+02:00,721215,0
2363,Letacek,2026-08-15T00:00:00+02:00,708650,0
2363,Letacek,2026-08-16T00:00:00+02:00,696155,0
2378,D. Cárdenas,2026-06-29T00:00:00+02:00,1400000,0
2378,D. Cárdenas,2026-06-30T00:00:00+02:00,1400000,0
2378,D. Cárdenas,2026-07-01T00:00:00+02:00,1400000,0
2378,D. Cárdenas,2026-07-02T00:00:00+02:00,1400000,0
2378,D. Cárdenas,2026-07-03T00:00:00+02:00,1400665,0
2378,D. Cárdenas,2026-07-04T00:00:00+02:00,1402290,0
2378,D. Cárdenas,2026-07-05T00:00:00+02:00,1403675,0
2378,D. Cárdenas,2026-07-06T00:00:00+02:00,1405408,0
2378,D. Cárdenas,2026-07-07T00:00:00+02:00,1405335,0
2378,D. Cárdenas,2026-07-08T00:00:00+02:00,1362070,0
2378,D. Cárdenas,2026-07-09T00:00:00+02:00,1333288,0
2378,D. Cárdenas,2026-07-10T00:00:00+02:00,1293204,0
2378,D. Cárdenas,2026-07-11T00:00:00+02:00,1256172,0
2378,D. Cárdenas,2026-07-12T00:00:00+02:00,1222553,0
2378,D. Cárdenas,2026-07-13T00:00:00+02:00,1188482,0
2378,D. Cárdenas,2026-07-14T00:00:00+02:00,1153703,0
2378,D. Cárdenas,2026-07-15T00:00:00+02:00,1120881,0
2378,D. Cárdenas,2026-07-16T00:00:00+02:00,1090679,0
2378,D. Cárdenas,2026-07-17T00:00:00+02:00,1061985,0
2378,D. Cárdenas,2026-07-18T00:00:00+02:00,1034793,0
2378,D. Cárdenas,2026-07-19T00:00:00+02:00,1008933,0
2378,D. Cárdenas,2026-07-20T00:00:00+02:00,984819,0
2378,D. Cárdenas,2026-07-21T00:00:00+02:00,963186,0
2378,D. Cárdenas,2026-07-22T00:00:00+02:00,937954,0
2378,D. Cárdenas,2026-07-23T00:00:00+02:00,915283,0
2378,D. Cárdenas,2026-07-24T00:00:00+02:00,892568,0
2378,D. Cárdenas,2026-07-25T00:00:00+02:00,872416,0
2378,D. Cárdenas,2026-07-26T00:00:00+02:00,853690,0
2378,D. Cárdenas,2026-07-27T00:00:00+02:00,835321,0
2378,D. Cárdenas,2026-07-28T00:00:00+02:00,818269,0
2378,D. Cárdenas,2026-07-29T00:00:00+02:00,799969,0
2378,D. Cárdenas,2026-07-30T00:00:00+02:00,785636,0
2378,D. Cárdenas,2026-07-31T00:00:00+02:00,769933,0
2378,D. Cárdenas,2026-08-01T00:00:00+02:00,756166,0
2378,D. Cárdenas,2026-08-02T00:00:00+02:00,744173,0
2378,D. Cárdenas,2026-08-03T00:00:00+02:00,730522,0
2378,D. Cárdenas,2026-08-04T00:00:00+02:00,716301,0
2378,D. Cárdenas,2026-08-05T00:00:00+02:00,704512,0
2378,D. Cárdenas,2026-08-06T00:00:00+02:00,690419,0
2378,D. Cárdenas,2026-08-07T00:00:00+02:00,676219,0
2378,D. Cárdenas,2026-08-08T00:00:00+02:00,664800,0
2378,D. Cárdenas,2026-08-09T00:00:00+02:00,653124,0
2378,D. Cárdenas,2026-08-10T00:00:00+02:00,642135,0
2378,D. Cárdenas,2026-08-11T00:00:00+02:00,630495,0
2378,D. Cárdenas,2026-08-12T00:00:00+02:00,619659,0
2378,D. Cárdenas,2026-08-13T00:00:00+02:00,608187,0
2378,D. Cárdenas,2026-08-14T00:00:00+02:00,598154,0
2378,D. Cárdenas,2026-08-15T00:00:00+02:00,594741,0
2378,D. Cárdenas,2026-08-16T00:00:00+02:00,586960,0
2413,Adrián,2026-06-29T00:00:00+02:00,1900000,0
2413,Adrián,2026-06-30T00:00:00+02:00,1900000,0
2413,Adrián,2026-07-01T00:00:00+02:00,1900000,0
2413,Adrián,2026-07-02T00:00:00+02:00,1900000,0
2413,Adrián,2026-07-03T00:00:00+02:00,1900902,0
2413,Adrián,2026-07-04T00:00:00+02:00,1903107,0
2413,Adrián,2026-07-05T00:00:00+02:00,1904987,0
2423,Lunin,2026-06-29T00:00:00+02:00,4000000,0
2423,Lunin,2026-06-30T00:00:00+02:00,4000000,0
2423,Lunin,2026-07-01T00:00:00+02:00,4000000,0
2423,Lunin,2026-07-02T00:00:00+02:00,4000000,0
2423,Lunin,2026-07-03T00:00:00+02:00,4001899,0
2423,Lunin,2026-07-04T00:00:00+02:00,4006543,0
2423,Lunin,2026-07-05T00:00:00+02:00,4010501,0
2423,Lunin,2026-07-06T00:00:00+02:00,4015452,0
2423,Lunin,2026-07-07T00:00:00+02:00,4015244,0
2423,Lunin,2026-07-08T00:00:00+02:00,3998177,0
2423,Lunin,2026-07-09T00:00:00+02:00,3950105,0
2423,Lunin,2026-07-10T00:00:00+02:00,3834984,0
2423,Lunin,2026-07-11T00:00:00+02:00,3755475,0
2423,Lunin,2026-07-12T00:00:00+02:00,3696909,0
2423,Lunin,2026-07-13T00:00:00+02:00,3660015,0
2423,Lunin,2026-07-14T00:00:00+02:00,3594184,0
2423,Lunin,2026-07-15T00:00:00+02:00,3519947,0
2423,Lunin,2026-07-16T00:00:00+02:00,3449591,0
2423,Lunin,2026-07-17T00:00:00+02:00,3386402,0
2423,Lunin,2026-07-18T00:00:00+02:00,3333118,0
2423,Lunin,2026-07-19T00:00:00+02:00,3257559,0
2423,Lunin,2026-07-20T00:00:00+02:00,3199945,0
2423,Lunin,2026-07-21T00:00:00+02:00,3143672,0
2423,Lunin,2026-07-22T00:00:00+02:00,3068657,0
2423,Lunin,2026-07-23T00:00:00+02:00,3026418,0
2423,Lunin,2026-07-24T00:00:00+02:00,2962565,0
2423,Lunin,2026-07-25T00:00:00+02:00,2909587,0
2423,Lunin,2026-07-26T00:00:00+02:00,2862705,0
2423,Lunin,2026-07-27T00:00:00+02:00,2808943,0
2423,Lunin,2026-07-28T00:00:00+02:00,2769308,0
2423,Lunin,2026-07-29T00:00:00+02:00,2729020,0
2423,Lunin,2026-07-30T00:00:00+02:00,2694417,0
2423,Lunin,2026-07-31T00:00:00+02:00,2653395,0
2423,Lunin,2026-08-01T00:00:00+02:00,2619247,0
2423,Lunin,2026-08-02T00:00:00+02:00,2586165,0
2423,Lunin,2026-08-03T00:00:00+02:00,2545872,0
2423,Lunin,2026-08-04T00:00:00+02:00,2516026,0
2423,Lunin,2026-08-05T00:00:00+02:00,2478011,0
2423,Lunin,2026-08-06T00:00:00+02:00,2434902,0
2423,Lunin,2026-08-07T00:00:00+02:00,2401052,0
2423,Lunin,2026-08-08T00:00:00+02:00,2366707,0
2423,Lunin,2026-08-09T00:00:00+02:00,2335206,0
2423,Lunin,2026-08-10T00:00:00+02:00,2303683,0
2423,Lunin,2026-08-11T00:00:00+02:00,2267897,0
2423,Lunin,2026-08-12T00:00:00+02:00,2230854,0
2423,Lunin,2026-08-13T00:00:00+02:00,2190774,0
2423,Lunin,2026-08-14T00:00:00+02:00,2162311,0
2423,Lunin,2026-08-15T00:00:00+02:00,2157961,0
2423,Lunin,2026-08-16T00:00:00+02:00,2144162,0
2435,Marrero,2026-06-29T00:00:00+02:00,3000000,0
2435,Marrero,2026-06-30T00:00:00+02:00,3000000,0
2435,Marrero,2026-07-01T00:00:00+02:00,3000000,0
2435,Marrero,2026-07-02T00:00:00+02:00,3000000,0
2435,Marrero,2026-07-03T00:00:00+02:00,3001424,0
2435,Marrero,2026-07-04T00:00:00+02:00,3004907,0
2435,Marrero,2026-07-05T00:00:00+02:00,3007875,0
2435,Marrero,2026-07-06T00:00:00+02:00,3011588,0
2435,Marrero,2026-07-07T00:00:00+02:00,3011432,0
2435,Marrero,2026-07-08T00:00:00+02:00,2982035,0
2435,Marrero,2026-07-09T00:00:00+02:00,2884178,0
2435,Marrero,2026-07-10T00:00:00+02:00,2802609,0
2435,Marrero,2026-07-11T00:00:00+02:00,2728179,0
2435,Marrero,2026-07-12T00:00:00+02:00,2648206,0
2435,Marrero,2026-07-13T00:00:00+02:00,2569669,0
2435,Marrero,2026-07-14T00:00:00+02:00,2491861,0
2435,Marrero,2026-07-15T00:00:00+02:00,2414416,0
2435,Marrero,2026-07-16T00:00:00+02:00,2343378,0
2435,Marrero,2026-07-17T00:00:00+02:00,2282217,0
2435,Marrero,2026-07-18T00:00:00+02:00,2219649,0
2435,Marrero,2026-07-19T00:00:00+02:00,2158041,0
2435,Marrero,2026-07-20T00:00:00+02:00,2096472,0
2435,Marrero,2026-07-21T00:00:00+02:00,2041999,0
2435,Marrero,2026-07-22T00:00:00+02:00,1981769,0
2435,Marrero,2026-07-23T00:00:00+02:00,1928596,0
2435,Marrero,2026-07-24T00:00:00+02:00,1873783,0
2435,Marrero,2026-07-25T00:00:00+02:00,1825890,0
2435,Marrero,2026-07-26T00:00:00+02:00,1777808,0
2435,Marrero,2026-07-27T00:00:00+02:00,1733882,0
2435,Marrero,2026-07-28T00:00:00+02:00,1693325,0
2435,Marrero,2026-07-29T00:00:00+02:00,1651976,0
2435,Marrero,2026-07-30T00:00:00+02:00,1616807,0
2435,Marrero,2026-07-31T00:00:00+02:00,1577512,0
2435,Marrero,2026-08-01T00:00:00+02:00,1544149,0
2435,Marrero,2026-08-02T00:00:00+02:00,1512626,0
2435,Marrero,2026-08-03T00:00:00+02:00,1481317,0
2435,Marrero,2026-08-04T00:00:00+02:00,1451472,0
2435,Marrero,2026-08-05T00:00:00+02:00,1416042,0
2435,Marrero,2026-08-06T00:00:00+02:00,1384731,0
2435,Marrero,2026-08-07T00:00:00+02:00,1353140,0
2435,Marrero,2026-08-08T00:00:00+02:00,1324205,0
2435,Marrero,2026-08-09T00:00:00+02:00,1295342,0
2435,Marrero,2026-08-10T00:00:00+02:00,1266659,0
2435,Marrero,2026-08-11T00:00:00+02:00,1236936,0
2435,Marrero,2026-08-12T00:00:00+02:00,1211751,0
2435,Marrero,2026-08-13T00:00:00+02:00,1184381,0
2435,Marrero,2026-08-14T00:00:00+02:00,1163284,0
2435,Marrero,2026-08-15T00:00:00+02:00,1145341,0
2435,Marrero,2026-08-16T00:00:00+02:00,1124857,0
2457,Dimitrievski,2026-06-29T00:00:00+02:00,12000000,0
2457,Dimitrievski,2026-06-30T00:00:00+02:00,12000000,0
2457,Dimitrievski,2026-07-01T00:00:00+02:00,12000000,0
2457,Dimitrievski,2026-07-02T00:00:00+02:00,12000000,0
2457,Dimitrievski,2026-07-03T00:00:00+02:00,12005699,0
2457,Dimitrievski,2026-07-04T00:00:00+02:00,12019631,0
2457,Dimitrievski,2026-07-05T00:00:00+02:00,12031505,0
2457,Dimitrievski,2026-08-08T00:00:00+02:00,11634164,0
2457,Dimitrievski,2026-08-09T00:00:00+02:00,11759097,0
2457,Dimitrievski,2026-08-10T00:00:00+02:00,12050975,0
2457,Dimitrievski,2026-08-11T00:00:00+02:00,12441903,0
2457,Dimitrievski,2026-08-12T00:00:00+02:00,12904656,0
2457,Dimitrievski,2026-08-13T00:00:00+02:00,13277045,0
2457,Dimitrievski,2026-08-14T00:00:00+02:00,13718507,0
2457,Dimitrievski,2026-08-15T00:00:00+02:00,14106731,0
2457,Dimitrievski,2026-08-16T00:00:00+02:00,14397928,0
2467,Júnior R.,2026-06-29T00:00:00+02:00,20000000,0
2467,Júnior R.,2026-06-30T00:00:00+02:00,20000000,0
2467,Júnior R.,2026-07-01T00:00:00+02:00,20000000,0
2467,Júnior R.,2026-07-02T00:00:00+02:00,20000000,0
2467,Júnior R.,2026-07-03T00:00:00+02:00,20009499,0
2467,Júnior R.,2026-07-04T00:00:00+02:00,20032719,0
2467,Júnior R.,2026-07-05T00:00:00+02:00,20052510,0
2467,Júnior R.,2026-07-06T00:00:00+02:00,20077267,0
2467,Júnior R.,2026-07-07T00:00:00+02:00,20076230,0
2467,Júnior R.,2026-07-08T00:00:00+02:00,20457276,0
2467,Júnior R.,2026-07-09T00:00:00+02:00,20609048,0
2467,Júnior R.,2026-07-10T00:00:00+02:00,21113747,0
2467,Júnior R.,2026-07-11T00:00:00+02:00,21736686,0
2467,Júnior R.,2026-07-12T00:00:00+02:00,22146532,0
2467,Júnior R.,2026-07-13T00:00:00+02:00,22688328,0
2467,Júnior R.,2026-07-14T00:00:00+02:00,23236821,0
2467,Júnior R.,2026-07-15T00:00:00+02:00,23837689,0
2467,Júnior R.,2026-07-16T00:00:00+02:00,24412492,0
2467,Júnior R.,2026-07-17T00:00:00+02:00,24963363,0
2467,Júnior R.,2026-07-18T00:00:00+02:00,25629790,0
2467,Júnior R.,2026-07-19T00:00:00+02:00,26175945,0
2467,Júnior R.,2026-07-20T00:00:00+02:00,26852310,0
2467,Júnior R.,2026-07-21T00:00:00+02:00,27518652,0
2467,Júnior R.,2026-07-22T00:00:00+02:00,27753595,0
2467,Júnior R.,2026-07-23T00:00:00+02:00,28318420,0
2467,Júnior R.,2026-07-24T00:00:00+02:00,28820907,0
2467,Júnior R.,2026-07-25T00:00:00+02:00,29563473,0
2467,Júnior R.,2026-07-26T00:00:00+02:00,30388858,0
2467,Júnior R.,2026-07-27T00:00:00+02:00,31005506,0
2467,Júnior R.,2026-07-28T00:00:00+02:00,31935303,0
2467,Júnior R.,2026-07-29T00:00:00+02:00,32602936,0
2467,Júnior R.,2026-07-30T00:00:00+02:00,33682750,0
2467,Júnior R.,2026-07-31T00:00:00+02:00,34473792,0
2467,Júnior R.,2026-08-01T00:00:00+02:00,35597883,0
2467,Júnior R.,2026-08-02T00:00:00+02:00,36682705,0
2467,Júnior R.,2026-08-03T00:00:00+02:00,37570571,0
2467,Júnior R.,2026-08-04T00:00:00+02:00,38633687,0
2467,Júnior R.,2026-08-05T00:00:00+02:00,39522201,0
2467,Júnior R.,2026-08-06T00:00:00+02:00,40173980,0
2467,Júnior R.,2026-08-07T00:00:00+02:00,40588734,0
2467,Júnior R.,2026-08-08T00:00:00+02:00,40944511,0
2467,Júnior R.,2026-08-09T00:00:00+02:00,41006939,0
2467,Júnior R.,2026-08-10T00:00:00+02:00,40870232,0
2467,Júnior R.,2026-08-11T00:00:00+02:00,40391105,0
2467,Júnior R.,2026-08-12T00:00:00+02:00,39747306,0
2467,Júnior R.,2026-08-13T00:00:00+02:00,39106889,0
2467,Júnior R.,2026-08-14T00:00:00+02:00,38599207,0
2467,Júnior R.,2026-08-15T00:00:00+02:00,38260596,0
2467,Júnior R.,2026-08-16T00:00:00+02:00,38033274,0
2468,Diego Conde,2026-06-29T00:00:00+02:00,4500000,0
2468,Diego Conde,2026-06-30T00:00:00+02:00,4500000,0
2468,Diego Conde,2026-07-01T00:00:00+02:00,4500000,0
2468,Diego Conde,2026-07-02T00:00:00+02:00,4500000,0
2468,Diego Conde,2026-07-03T00:00:00+02:00,4502137,0
2468,Diego Conde,2026-07-04T00:00:00+02:00,4507361,0
2468,Diego Conde,2026-07-05T00:00:00+02:00,4511814,0
2468,Diego Conde,2026-07-06T00:00:00+02:00,4517384,0
2468,Diego Conde,2026-07-07T00:00:00+02:00,4517150,0
2468,Diego Conde,2026-07-08T00:00:00+02:00,4690131,0
2468,Diego Conde,2026-07-09T00:00:00+02:00,4561770,0
2468,Diego Conde,2026-07-10T00:00:00+02:00,4556198,0
2468,Diego Conde,2026-07-11T00:00:00+02:00,4465963,0
2468,Diego Conde,2026-07-12T00:00:00+02:00,4376990,0
2468,Diego Conde,2026-07-13T00:00:00+02:00,4265976,0
2468,Diego Conde,2026-07-14T00:00:00+02:00,4148304,0
2468,Diego Conde,2026-07-15T00:00:00+02:00,4035571,0
2468,Diego Conde,2026-07-16T00:00:00+02:00,3943581,0
2468,Diego Conde,2026-07-17T00:00:00+02:00,3857030,0
2468,Diego Conde,2026-07-18T00:00:00+02:00,3785670,0
2468,Diego Conde,2026-07-19T00:00:00+02:00,3718486,0
2468,Diego Conde,2026-07-20T00:00:00+02:00,3641624,0
2468,Diego Conde,2026-07-21T00:00:00+02:00,3578910,0
2468,Diego Conde,2026-07-22T00:00:00+02:00,3528957,0
2468,Diego Conde,2026-07-23T00:00:00+02:00,3502057,0
2468,Diego Conde,2026-07-24T00:00:00+02:00,3464354,0
2468,Diego Conde,2026-07-25T00:00:00+02:00,3409741,0
2468,Diego Conde,2026-07-26T00:00:00+02:00,3366006,0
2468,Diego Conde,2026-07-27T00:00:00+02:00,3302402,0
2468,Diego Conde,2026-07-28T00:00:00+02:00,3213173,0
2468,Diego Conde,2026-07-29T00:00:00+02:00,3124186,0
2468,Diego Conde,2026-07-30T00:00:00+02:00,3041589,0
2507,Dmitrovic,2026-06-29T00:00:00+02:00,15000000,0
2507,Dmitrovic,2026-06-30T00:00:00+02:00,15000000,0
2507,Dmitrovic,2026-07-01T00:00:00+02:00,15000000,0
2507,Dmitrovic,2026-07-02T00:00:00+02:00,15000000,0
2507,Dmitrovic,2026-07-03T00:00:00+02:00,15007124,0
2507,Dmitrovic,2026-07-04T00:00:00+02:00,15024539,0
2507,Dmitrovic,2026-07-05T00:00:00+02:00,15039382,0
2507,Dmitrovic,2026-07-06T00:00:00+02:00,14468813,0
2507,Dmitrovic,2026-07-07T00:00:00+02:00,14468065,0
2507,Dmitrovic,2026-07-08T00:00:00+02:00,14603095,0
2507,Dmitrovic,2026-07-09T00:00:00+02:00,14772067,0
2507,Dmitrovic,2026-07-10T00:00:00+02:00,15109304,0
2507,Dmitrovic,2026-07-11T00:00:00+02:00,15624468,0
2507,Dmitrovic,2026-07-12T00:00:00+02:00,16095246,0
2507,Dmitrovic,2026-07-13T00:00:00+02:00,16548064,0
2507,Dmitrovic,2026-07-14T00:00:00+02:00,17015212,0
2507,Dmitrovic,2026-07-15T00:00:00+02:00,17440880,0
2507,Dmitrovic,2026-07-16T00:00:00+02:00,17988058,0
2507,Dmitrovic,2026-07-17T00:00:00+02:00,18530229,0
2507,Dmitrovic,2026-07-18T00:00:00+02:00,19267293,0
2507,Dmitrovic,2026-07-19T00:00:00+02:00,19796660,0
2507,Dmitrovic,2026-07-20T00:00:00+02:00,20399743,0
2507,Dmitrovic,2026-07-21T00:00:00+02:00,20870474,0
2507,Dmitrovic,2026-07-22T00:00:00+02:00,21114931,0
2507,Dmitrovic,2026-07-23T00:00:00+02:00,21661679,0
2507,Dmitrovic,2026-07-24T00:00:00+02:00,22164957,0
2507,Dmitrovic,2026-07-25T00:00:00+02:00,22719917,0
2507,Dmitrovic,2026-07-26T00:00:00+02:00,23359370,0
2507,Dmitrovic,2026-07-27T00:00:00+02:00,23950203,0
2507,Dmitrovic,2026-07-28T00:00:00+02:00,24749307,0
2507,Dmitrovic,2026-07-29T00:00:00+02:00,25422791,0
2507,Dmitrovic,2026-07-30T00:00:00+02:00,26352465,0
2507,Dmitrovic,2026-07-31T00:00:00+02:00,27269106,0
2507,Dmitrovic,2026-08-01T00:00:00+02:00,28283508,0
2507,Dmitrovic,2026-08-02T00:00:00+02:00,29321102,0
2507,Dmitrovic,2026-08-03T00:00:00+02:00,30249104,0
2507,Dmitrovic,2026-08-04T00:00:00+02:00,31252518,0
2507,Dmitrovic,2026-08-05T00:00:00+02:00,32074573,0
2507,Dmitrovic,2026-08-06T00:00:00+02:00,32797231,0
2507,Dmitrovic,2026-08-07T00:00:00+02:00,33564912,0
2507,Dmitrovic,2026-08-08T00:00:00+02:00,34358897,0
2507,Dmitrovic,2026-08-09T00:00:00+02:00,35119026,0
2507,Dmitrovic,2026-08-10T00:00:00+02:00,35724996,0
2507,Dmitrovic,2026-08-11T00:00:00+02:00,36341363,0
2507,Dmitrovic,2026-08-12T00:00:00+02:00,36830575,0
2507,Dmitrovic,2026-08-13T00:00:00+02:00,37092712,0
2507,Dmitrovic,2026-08-14T00:00:00+02:00,37337913,0
2507,Dmitrovic,2026-08-15T00:00:00+02:00,37433024,0
2507,Dmitrovic,2026-08-16T00:00:00+02:00,37560135,0
2519,A. Batalla,2026-06-29T00:00:00+02:00,20000000,0
2519,A. Batalla,2026-06-30T00:00:00+02:00,20000000,0
2519,A. Batalla,2026-07-01T00:00:00+02:00,20000000,0
2519,A. Batalla,2026-07-02T00:00:00+02:00,20000000,0
2519,A. Batalla,2026-07-03T00:00:00+02:00,20009499,0
2519,A. Batalla,2026-07-04T00:00:00+02:00,20032719,0
2519,A. Batalla,2026-07-05T00:00:00+02:00,20052510,0
2519,A. Batalla,2026-07-06T00:00:00+02:00,20077267,0
2519,A. Batalla,2026-07-07T00:00:00+02:00,20076230,0
2519,A. Batalla,2026-07-08T00:00:00+02:00,20108047,0
2519,A. Batalla,2026-07-09T00:00:00+02:00,20257213,0
2519,A. Batalla,2026-07-10T00:00:00+02:00,21001202,0
2519,A. Batalla,2026-07-11T00:00:00+02:00,21501278,0
2519,A. Batalla,2026-07-12T00:00:00+02:00,22158979,0
2519,A. Batalla,2026-07-13T00:00:00+02:00,22824239,0
2519,A. Batalla,2026-07-14T00:00:00+02:00,23478447,0
2519,A. Batalla,2026-07-15T00:00:00+02:00,24076026,0
2519,A. Batalla,2026-07-16T00:00:00+02:00,24807684,0
2519,A. Batalla,2026-07-17T00:00:00+02:00,25614613,0
2519,A. Batalla,2026-07-18T00:00:00+02:00,26306353,0
2519,A. Batalla,2026-07-19T00:00:00+02:00,27031581,0
2519,A. Batalla,2026-07-20T00:00:00+02:00,27657501,0
2519,A. Batalla,2026-07-21T00:00:00+02:00,28444533,0
2519,A. Batalla,2026-07-22T00:00:00+02:00,28731465,0
2519,A. Batalla,2026-07-23T00:00:00+02:00,29293030,0
2519,A. Batalla,2026-07-24T00:00:00+02:00,29811897,0
2519,A. Batalla,2026-07-25T00:00:00+02:00,30767047,0
2519,A. Batalla,2026-07-26T00:00:00+02:00,31489678,0
2519,A. Batalla,2026-07-27T00:00:00+02:00,32240964,0
2519,A. Batalla,2026-07-28T00:00:00+02:00,33268735,0
2519,A. Batalla,2026-07-29T00:00:00+02:00,33817356,0
2519,A. Batalla,2026-07-30T00:00:00+02:00,34559732,0
2519,A. Batalla,2026-07-31T00:00:00+02:00,35209966,0
2519,A. Batalla,2026-08-01T00:00:00+02:00,36075090,0
2519,A. Batalla,2026-08-02T00:00:00+02:00,36971750,0
2519,A. Batalla,2026-08-03T00:00:00+02:00,37784780,0
2519,A. Batalla,2026-08-04T00:00:00+02:00,38651072,0
2519,A. Batalla,2026-08-05T00:00:00+02:00,39452936,0
2519,A. Batalla,2026-08-06T00:00:00+02:00,40281397,0
2519,A. Batalla,2026-08-07T00:00:00+02:00,40977425,0
2519,A. Batalla,2026-08-08T00:00:00+02:00,41509456,0
2519,A. Batalla,2026-08-09T00:00:00+02:00,41860609,0
2519,A. Batalla,2026-08-10T00:00:00+02:00,42002049,0
2519,A. Batalla,2026-08-11T00:00:00+02:00,41912820,0
2519,A. Batalla,2026-08-12T00:00:00+02:00,41539828,0
2519,A. Batalla,2026-08-13T00:00:00+02:00,41014388,0
2519,A. Batalla,2026-08-14T00:00:00+02:00,40594696,0
2519,A. Batalla,2026-08-15T00:00:00+02:00,40346548,0
2519,A. Batalla,2026-08-16T00:00:00+02:00,40067753,0
2540,C. Rivero,2026-06-29T00:00:00+02:00,1000000,0
2540,C. Rivero,2026-06-30T00:00:00+02:00,1000000,0
2540,C. Rivero,2026-07-01T00:00:00+02:00,1000000,0
2540,C. Rivero,2026-07-02T00:00:00+02:00,1000000,0
2540,C. Rivero,2026-07-03T00:00:00+02:00,1000475,0
2540,C. Rivero,2026-07-04T00:00:00+02:00,1001636,0
2540,C. Rivero,2026-07-05T00:00:00+02:00,1002625,0
2540,C. Rivero,2026-07-06T00:00:00+02:00,1003862,0
2540,C. Rivero,2026-07-07T00:00:00+02:00,1003810,0
2540,C. Rivero,2026-07-08T00:00:00+02:00,974510,0
2540,C. Rivero,2026-07-09T00:00:00+02:00,949684,0
2540,C. Rivero,2026-07-10T00:00:00+02:00,922259,0
2540,C. Rivero,2026-07-11T00:00:00+02:00,896347,0
2540,C. Rivero,2026-07-12T00:00:00+02:00,872606,0
2540,C. Rivero,2026-07-13T00:00:00+02:00,850631,0
2540,C. Rivero,2026-07-14T00:00:00+02:00,829366,0
2540,C. Rivero,2026-07-15T00:00:00+02:00,809517,0
2540,C. Rivero,2026-07-16T00:00:00+02:00,791770,0
2540,C. Rivero,2026-07-17T00:00:00+02:00,775033,0
2540,C. Rivero,2026-07-18T00:00:00+02:00,759319,0
2540,C. Rivero,2026-07-19T00:00:00+02:00,744478,0
2540,C. Rivero,2026-07-20T00:00:00+02:00,730942,0
2540,C. Rivero,2026-07-21T00:00:00+02:00,719464,0
2540,C. Rivero,2026-07-22T00:00:00+02:00,703980,0
2540,C. Rivero,2026-07-23T00:00:00+02:00,716058,0
2540,C. Rivero,2026-07-24T00:00:00+02:00,701312,0
2540,C. Rivero,2026-07-25T00:00:00+02:00,688810,0
2540,C. Rivero,2026-07-26T00:00:00+02:00,677429,0
2540,C. Rivero,2026-07-27T00:00:00+02:00,666111,0
2540,C. Rivero,2026-07-28T00:00:00+02:00,655365,0
2540,C. Rivero,2026-07-29T00:00:00+02:00,642844,0
2540,C. Rivero,2026-07-30T00:00:00+02:00,631546,0
2540,C. Rivero,2026-07-31T00:00:00+02:00,620249,0
2540,C. Rivero,2026-08-01T00:00:00+02:00,609508,0
2540,C. Rivero,2026-08-02T00:00:00+02:00,600111,0
2540,C. Rivero,2026-08-03T00:00:00+02:00,590515,0
2540,C. Rivero,2026-08-04T00:00:00+02:00,580637,0
2540,C. Rivero,2026-08-05T00:00:00+02:00,571226,0
2540,C. Rivero,2026-08-06T00:00:00+02:00,561696,0
2540,C. Rivero,2026-08-07T00:00:00+02:00,552645,0
2540,C. Rivero,2026-08-08T00:00:00+02:00,544439,0
2540,C. Rivero,2026-08-09T00:00:00+02:00,537578,0
2540,C. Rivero,2026-08-10T00:00:00+02:00,531211,0
2540,C. Rivero,2026-08-11T00:00:00+02:00,524008,0
2540,C. Rivero,2026-08-12T00:00:00+02:00,516699,0
2540,C. Rivero,2026-08-13T00:00:00+02:00,508571,0
2540,C. Rivero,2026-08-14T00:00:00+02:00,500044,0
2540,C. Rivero,2026-08-15T00:00:00+02:00,494974,0
2540,C. Rivero,2026-08-16T00:00:00+02:00,490094,0
2541,Á. Valles,2026-06-29T00:00:00+02:00,10000000,0
2541,Á. Valles,2026-06-30T00:00:00+02:00,10000000,0
2541,Á. Valles,2026-07-01T00:00:00+02:00,10000000,0
2541,Á. Valles,2026-07-02T00:00:00+02:00,10000000,0
2541,Á. Valles,2026-07-03T00:00:00+02:00,10004749,0
2541,Á. Valles,2026-07-04T00:00:00+02:00,10016359,0
2541,Á. Valles,2026-07-05T00:00:00+02:00,10026254,0
2541,Á. Valles,2026-07-06T00:00:00+02:00,10038632,0
2541,Á. Valles,2026-07-07T00:00:00+02:00,10038113,0
2541,Á. Valles,2026-07-08T00:00:00+02:00,10156532,0
2541,Á. Valles,2026-07-09T00:00:00+02:00,10285791,0
2541,Á. Valles,2026-07-10T00:00:00+02:00,10631114,0
2541,Á. Valles,2026-07-11T00:00:00+02:00,10907300,0
2541,Á. Valles,2026-07-12T00:00:00+02:00,11234232,0
2541,Á. Valles,2026-07-13T00:00:00+02:00,11555716,0
2541,Á. Valles,2026-07-14T00:00:00+02:00,11956526,0
2541,Á. Valles,2026-07-15T00:00:00+02:00,12356324,0
2541,Á. Valles,2026-07-16T00:00:00+02:00,12662306,0
2541,Á. Valles,2026-07-17T00:00:00+02:00,13039658,0
2541,Á. Valles,2026-07-18T00:00:00+02:00,13498051,0
2541,Á. Valles,2026-07-19T00:00:00+02:00,13894982,0
2541,Á. Valles,2026-07-20T00:00:00+02:00,14316641,0
2541,Á. Valles,2026-07-21T00:00:00+02:00,14779116,0
2541,Á. Valles,2026-07-22T00:00:00+02:00,15070508,0
2541,Á. Valles,2026-07-23T00:00:00+02:00,15523763,0
2541,Á. Valles,2026-07-24T00:00:00+02:00,15908228,0
2541,Á. Valles,2026-07-25T00:00:00+02:00,16454276,0
2541,Á. Valles,2026-07-26T00:00:00+02:00,16949543,0
2541,Á. Valles,2026-07-27T00:00:00+02:00,17448157,0
2541,Á. Valles,2026-07-28T00:00:00+02:00,18100814,0
2541,Á. Valles,2026-07-29T00:00:00+02:00,18632764,0
2541,Á. Valles,2026-07-30T00:00:00+02:00,19450247,0
2541,Á. Valles,2026-07-31T00:00:00+02:00,20172828,0
2541,Á. Valles,2026-08-01T00:00:00+02:00,21160177,0
2541,Á. Valles,2026-08-02T00:00:00+02:00,22044697,0
2541,Á. Valles,2026-08-03T00:00:00+02:00,22982066,0
2541,Á. Valles,2026-08-04T00:00:00+02:00,23900219,0
2541,Á. Valles,2026-08-05T00:00:00+02:00,24881378,0
2541,Á. Valles,2026-08-06T00:00:00+02:00,25702519,0
2541,Á. Valles,2026-08-07T00:00:00+02:00,26627567,0
2541,Á. Valles,2026-08-08T00:00:00+02:00,27748955,0
2541,Á. Valles,2026-08-09T00:00:00+02:00,28623873,0
2541,Á. Valles,2026-08-10T00:00:00+02:00,29497248,0
2541,Á. Valles,2026-08-11T00:00:00+02:00,30408903,0
2541,Á. Valles,2026-08-12T00:00:00+02:00,31271484,0
2541,Á. Valles,2026-08-13T00:00:00+02:00,31801291,0
2541,Á. Valles,2026-08-14T00:00:00+02:00,32394327,0
2541,Á. Valles,2026-08-15T00:00:00+02:00,32735727,0
2541,Á. Valles,2026-08-16T00:00:00+02:00,33113508,0
2565,A. Fortuño,2026-06-29T00:00:00+02:00,1200000,0
2565,A. Fortuño,2026-06-30T00:00:00+02:00,1200000,0
2565,A. Fortuño,2026-07-01T00:00:00+02:00,1200000,0
2565,A. Fortuño,2026-07-02T00:00:00+02:00,1200000,0
2565,A. Fortuño,2026-07-03T00:00:00+02:00,1200570,0
2565,A. Fortuño,2026-07-04T00:00:00+02:00,1201963,0
2565,A. Fortuño,2026-07-05T00:00:00+02:00,1203150,0
2565,A. Fortuño,2026-07-06T00:00:00+02:00,1204635,0
2565,A. Fortuño,2026-07-07T00:00:00+02:00,1204572,0
2565,A. Fortuño,2026-07-08T00:00:00+02:00,1173582,0
2565,A. Fortuño,2026-07-09T00:00:00+02:00,1145034,0
2565,A. Fortuño,2026-07-10T00:00:00+02:00,1109795,0
2565,A. Fortuño,2026-07-11T00:00:00+02:00,1076382,0
2565,A. Fortuño,2026-07-12T00:00:00+02:00,1045440,0
2565,A. Fortuño,2026-07-13T00:00:00+02:00,1016552,0
2565,A. Fortuño,2026-07-14T00:00:00+02:00,988651,0
2565,A. Fortuño,2026-07-15T00:00:00+02:00,962431,0
2565,A. Fortuño,2026-07-16T00:00:00+02:00,938567,0
2565,A. Fortuño,2026-07-17T00:00:00+02:00,915958,0
2565,A. Fortuño,2026-07-18T00:00:00+02:00,894607,0
2565,A. Fortuño,2026-07-19T00:00:00+02:00,874355,0
2565,A. Fortuño,2026-07-20T00:00:00+02:00,855624,0
2565,A. Fortuño,2026-07-21T00:00:00+02:00,839158,0
2565,A. Fortuño,2026-07-22T00:00:00+02:00,818887,0
2565,A. Fortuño,2026-07-23T00:00:00+02:00,800979,0
2565,A. Fortuño,2026-07-24T00:00:00+02:00,782836,0
2565,A. Fortuño,2026-07-25T00:00:00+02:00,767073,0
2565,A. Fortuño,2026-07-26T00:00:00+02:00,779630,0
2565,A. Fortuño,2026-07-27T00:00:00+02:00,764224,0
2565,A. Fortuño,2026-07-28T00:00:00+02:00,749553,0
2565,A. Fortuño,2026-07-29T00:00:00+02:00,733265,0
2565,A. Fortuño,2026-07-30T00:00:00+02:00,718351,0
2565,A. Fortuño,2026-07-31T00:00:00+02:00,703582,0
2565,A. Fortuño,2026-08-01T00:00:00+02:00,689508,0
2565,A. Fortuño,2026-08-02T00:00:00+02:00,676911,0
2565,A. Fortuño,2026-08-03T00:00:00+02:00,664243,0
2565,A. Fortuño,2026-08-04T00:00:00+02:00,651416,0
2565,A. Fortuño,2026-08-05T00:00:00+02:00,649543,0
2565,A. Fortuño,2026-08-06T00:00:00+02:00,636880,0
2565,A. Fortuño,2026-08-07T00:00:00+02:00,624822,0
2565,A. Fortuño,2026-08-08T00:00:00+02:00,613729,0
2565,A. Fortuño,2026-08-09T00:00:00+02:00,604096,0
2565,A. Fortuño,2026-08-10T00:00:00+02:00,595068,0
2565,A. Fortuño,2026-08-11T00:00:00+02:00,585310,0
2565,A. Fortuño,2026-08-12T00:00:00+02:00,575549,0
2565,A. Fortuño,2026-08-13T00:00:00+02:00,565067,0
2565,A. Fortuño,2026-08-14T00:00:00+02:00,554280,0
2565,A. Fortuño,2026-08-15T00:00:00+02:00,545787,0
2565,A. Fortuño,2026-08-16T00:00:00+02:00,538874,0
2567,Raúl Fernández,2026-06-29T00:00:00+02:00,900000,0
2567,Raúl Fernández,2026-06-30T00:00:00+02:00,900000,0
2567,Raúl Fernández,2026-07-01T00:00:00+02:00,900000,0
2567,Raúl Fernández,2026-07-02T00:00:00+02:00,900000,0
2567,Raúl Fernández,2026-07-03T00:00:00+02:00,900427,0
2567,Raúl Fernández,2026-07-04T00:00:00+02:00,901471,0
2567,Raúl Fernández,2026-07-05T00:00:00+02:00,902361,0
2567,Raúl Fernández,2026-07-06T00:00:00+02:00,903475,0
2579,Fran González,2026-06-29T00:00:00+02:00,700000,0
2579,Fran González,2026-06-30T00:00:00+02:00,700000,0
2579,Fran González,2026-07-01T00:00:00+02:00,700000,0
2579,Fran González,2026-07-02T00:00:00+02:00,700000,0
2579,Fran González,2026-07-03T00:00:00+02:00,700332,0
2579,Fran González,2026-07-04T00:00:00+02:00,701144,0
2579,Fran González,2026-07-05T00:00:00+02:00,701836,0
2579,Fran González,2026-08-10T00:00:00+02:00,688898,0
2579,Fran González,2026-08-11T00:00:00+02:00,675387,0
2579,Fran González,2026-08-12T00:00:00+02:00,674351,0
2579,Fran González,2026-08-13T00:00:00+02:00,671893,0
2579,Fran González,2026-08-14T00:00:00+02:00,670781,0
2579,Fran González,2026-08-15T00:00:00+02:00,670207,0
2579,Fran González,2026-08-16T00:00:00+02:00,667407,0
2597,Marc Vidal,2026-06-29T00:00:00+02:00,1000000,0
2597,Marc Vidal,2026-06-30T00:00:00+02:00,1000000,0
2597,Marc Vidal,2026-07-01T00:00:00+02:00,1000000,0
2597,Marc Vidal,2026-07-02T00:00:00+02:00,1000000,0
2597,Marc Vidal,2026-07-03T00:00:00+02:00,1000475,0
2597,Marc Vidal,2026-07-04T00:00:00+02:00,1001636,0
2597,Marc Vidal,2026-07-05T00:00:00+02:00,1002625,0
2610,Pau López,2026-06-29T00:00:00+02:00,3600000,0
2610,Pau López,2026-06-30T00:00:00+02:00,3600000,0
2610,Pau López,2026-07-01T00:00:00+02:00,3600000,0
2610,Pau López,2026-07-02T00:00:00+02:00,3600000,0
2610,Pau López,2026-07-03T00:00:00+02:00,3601709,0
2610,Pau López,2026-07-04T00:00:00+02:00,3605888,0
2610,Pau López,2026-07-05T00:00:00+02:00,3609450,0
2610,Pau López,2026-07-06T00:00:00+02:00,3613906,0
2610,Pau López,2026-07-07T00:00:00+02:00,3613719,0
2610,Pau López,2026-07-08T00:00:00+02:00,3591938,0
2610,Pau López,2026-07-09T00:00:00+02:00,3510306,0
2610,Pau López,2026-07-10T00:00:00+02:00,3413928,0
2610,Pau López,2026-07-11T00:00:00+02:00,3331309,0
2610,Pau López,2026-07-12T00:00:00+02:00,3249208,0
2610,Pau López,2026-07-13T00:00:00+02:00,3171041,0
2610,Pau López,2026-07-14T00:00:00+02:00,3084987,0
2610,Pau López,2026-07-15T00:00:00+02:00,3007318,0
2610,Pau López,2026-07-16T00:00:00+02:00,2926807,0
2610,Pau López,2026-07-17T00:00:00+02:00,2852333,0
2610,Pau López,2026-07-18T00:00:00+02:00,2778217,0
2610,Pau López,2026-07-19T00:00:00+02:00,2708029,0
2610,Pau López,2026-07-20T00:00:00+02:00,2634421,0
2613,M. Dituro,2026-06-29T00:00:00+02:00,8000000,0
2613,M. Dituro,2026-06-30T00:00:00+02:00,8000000,0
2613,M. Dituro,2026-07-01T00:00:00+02:00,8000000,0
2613,M. Dituro,2026-07-02T00:00:00+02:00,8000000,0
2613,M. Dituro,2026-07-03T00:00:00+02:00,8003799,0
2613,M. Dituro,2026-07-04T00:00:00+02:00,8013087,0
2613,M. Dituro,2026-07-05T00:00:00+02:00,8021003,0
2613,M. Dituro,2026-07-06T00:00:00+02:00,8030906,0
2613,M. Dituro,2026-07-07T00:00:00+02:00,8030491,0
2613,M. Dituro,2026-07-08T00:00:00+02:00,7981515,0
2613,M. Dituro,2026-07-09T00:00:00+02:00,7910152,0
2613,M. Dituro,2026-07-10T00:00:00+02:00,7861409,0
2613,M. Dituro,2026-07-11T00:00:00+02:00,7848938,0
2613,M. Dituro,2026-07-12T00:00:00+02:00,7792571,0
2613,M. Dituro,2026-07-13T00:00:00+02:00,7768396,0
2613,M. Dituro,2026-07-14T00:00:00+02:00,7715452,0
2613,M. Dituro,2026-07-15T00:00:00+02:00,7670189,0
2613,M. Dituro,2026-07-16T00:00:00+02:00,7608689,0
2613,M. Dituro,2026-07-17T00:00:00+02:00,7548299,0
2613,M. Dituro,2026-07-18T00:00:00+02:00,7507903,0
2613,M. Dituro,2026-07-19T00:00:00+02:00,7428615,0
2613,M. Dituro,2026-07-20T00:00:00+02:00,7360046,0
2613,M. Dituro,2026-07-21T00:00:00+02:00,7252295,0
2613,M. Dituro,2026-07-22T00:00:00+02:00,7143589,0
2613,M. Dituro,2026-07-23T00:00:00+02:00,7088378,0
2613,M. Dituro,2026-07-24T00:00:00+02:00,7027926,0
2613,M. Dituro,2026-07-25T00:00:00+02:00,6990271,0
2613,M. Dituro,2026-07-26T00:00:00+02:00,6965800,0
2613,M. Dituro,2026-07-27T00:00:00+02:00,6922954,0
2613,M. Dituro,2026-07-28T00:00:00+02:00,6919509,0
2613,M. Dituro,2026-07-29T00:00:00+02:00,6915633,0
2613,M. Dituro,2026-07-30T00:00:00+02:00,6837727,0
2613,M. Dituro,2026-07-31T00:00:00+02:00,6734174,0
2613,M. Dituro,2026-08-01T00:00:00+02:00,6685251,0
2613,M. Dituro,2026-08-02T00:00:00+02:00,6624824,0
2613,M. Dituro,2026-08-03T00:00:00+02:00,6587605,0
2613,M. Dituro,2026-08-04T00:00:00+02:00,6573424,0
2613,M. Dituro,2026-08-05T00:00:00+02:00,6596032,0
2613,M. Dituro,2026-08-06T00:00:00+02:00,6556229,0
2613,M. Dituro,2026-08-07T00:00:00+02:00,6569685,0
2613,M. Dituro,2026-08-08T00:00:00+02:00,6576517,0
2613,M. Dituro,2026-08-09T00:00:00+02:00,6592125,0
2613,M. Dituro,2026-08-10T00:00:00+02:00,6722893,0
2613,M. Dituro,2026-08-11T00:00:00+02:00,6860282,0
2613,M. Dituro,2026-08-12T00:00:00+02:00,7025321,0
2613,M. Dituro,2026-08-13T00:00:00+02:00,7158350,0
2613,M. Dituro,2026-08-14T00:00:00+02:00,7279292,0
2613,M. Dituro,2026-08-15T00:00:00+02:00,7483749,0
2613,M. Dituro,2026-08-16T00:00:00+02:00,7572315,0
2634,Joan García,2026-06-29T00:00:00+02:00,50000000,0
2634,Joan García,2026-06-30T00:00:00+02:00,50000000,0
2634,Joan García,2026-07-01T00:00:00+02:00,50000000,0
2634,Joan García,2026-07-02T00:00:00+02:00,50000000,0
2634,Joan García,2026-07-03T00:00:00+02:00,50023749,0
2634,Joan García,2026-07-04T00:00:00+02:00,50081799,0
2634,Joan García,2026-07-05T00:00:00+02:00,50131277,0
2634,Joan García,2026-08-03T00:00:00+02:00,48474113,0
2634,Joan García,2026-08-04T00:00:00+02:00,46868243,0
2634,Joan García,2026-08-05T00:00:00+02:00,48407982,0
2634,Joan García,2026-08-06T00:00:00+02:00,50340471,0
2634,Joan García,2026-08-07T00:00:00+02:00,52637852,0
2634,Joan García,2026-08-08T00:00:00+02:00,55244343,0
2634,Joan García,2026-08-09T00:00:00+02:00,57749365,0
2634,Joan García,2026-08-10T00:00:00+02:00,60176948,0
2634,Joan García,2026-08-11T00:00:00+02:00,62697364,0
2634,Joan García,2026-08-12T00:00:00+02:00,64625607,0
2634,Joan García,2026-08-13T00:00:00+02:00,66030897,0
2634,Joan García,2026-08-14T00:00:00+02:00,67288940,0
2634,Joan García,2026-08-15T00:00:00+02:00,68058272,0
2634,Joan García,2026-08-16T00:00:00+02:00,68689669,0
2643,Esquivel,2026-06-29T00:00:00+02:00,600000,0
2643,Esquivel,2026-06-30T00:00:00+02:00,600000,0
2643,Esquivel,2026-07-01T00:00:00+02:00,600000,0
2643,Esquivel,2026-07-02T00:00:00+02:00,600000,0
2643,Esquivel,2026-07-03T00:00:00+02:00,600285,0
2643,Esquivel,2026-07-04T00:00:00+02:00,600981,0
2643,Esquivel,2026-07-05T00:00:00+02:00,601574,0
2644,Padilla,2026-06-29T00:00:00+02:00,1500000,0
2644,Padilla,2026-06-30T00:00:00+02:00,1500000,0
2644,Padilla,2026-07-01T00:00:00+02:00,1500000,0
2644,Padilla,2026-07-02T00:00:00+02:00,1500000,0
2644,Padilla,2026-07-03T00:00:00+02:00,1500712,0
2644,Padilla,2026-07-04T00:00:00+02:00,1502453,0
2644,Padilla,2026-07-05T00:00:00+02:00,1503937,0
2647,Kochen,2026-06-29T00:00:00+02:00,700000,0
2647,Kochen,2026-06-30T00:00:00+02:00,700000,0
2647,Kochen,2026-07-01T00:00:00+02:00,700000,0
2647,Kochen,2026-07-02T00:00:00+02:00,700000,0
2647,Kochen,2026-07-03T00:00:00+02:00,700332,0
2647,Kochen,2026-07-04T00:00:00+02:00,676434,0
2647,Kochen,2026-07-05T00:00:00+02:00,677102,0
2658,Tristán,2026-06-29T00:00:00+02:00,500000,0
2658,Tristán,2026-06-30T00:00:00+02:00,500000,0
2658,Tristán,2026-07-01T00:00:00+02:00,500000,0
2658,Tristán,2026-07-02T00:00:00+02:00,500000,0
2658,Tristán,2026-07-03T00:00:00+02:00,500237,0
2658,Tristán,2026-07-04T00:00:00+02:00,500817,0
2658,Tristán,2026-07-05T00:00:00+02:00,501311,0
2666,P. Campos,2026-06-29T00:00:00+02:00,1800000,0
2666,P. Campos,2026-06-30T00:00:00+02:00,1800000,0
2666,P. Campos,2026-07-01T00:00:00+02:00,1800000,0
2666,P. Campos,2026-07-02T00:00:00+02:00,1800000,0
2666,P. Campos,2026-07-03T00:00:00+02:00,1800854,0
2666,P. Campos,2026-07-04T00:00:00+02:00,1802943,0
2666,P. Campos,2026-07-05T00:00:00+02:00,1804724,0
2666,P. Campos,2026-07-06T00:00:00+02:00,1806952,0
2666,P. Campos,2026-07-07T00:00:00+02:00,1806858,0
2666,P. Campos,2026-07-08T00:00:00+02:00,1773215,0
2666,P. Campos,2026-07-09T00:00:00+02:00,1743580,0
2666,P. Campos,2026-07-10T00:00:00+02:00,1692858,0
2666,P. Campos,2026-07-11T00:00:00+02:00,1654932,0
2666,P. Campos,2026-07-12T00:00:00+02:00,1612435,0
2666,P. Campos,2026-07-13T00:00:00+02:00,1572448,0
2666,P. Campos,2026-07-14T00:00:00+02:00,1531791,0
2666,P. Campos,2026-07-15T00:00:00+02:00,1491388,0
2666,P. Campos,2026-07-16T00:00:00+02:00,1453291,0
2666,P. Campos,2026-07-17T00:00:00+02:00,1417735,0
2666,P. Campos,2026-07-18T00:00:00+02:00,1385753,0
2666,P. Campos,2026-07-19T00:00:00+02:00,1352694,0
2666,P. Campos,2026-07-20T00:00:00+02:00,1325166,0
2666,P. Campos,2026-07-21T00:00:00+02:00,1296654,0
2666,P. Campos,2026-07-22T00:00:00+02:00,1270159,0
2666,P. Campos,2026-07-23T00:00:00+02:00,1249712,0
2666,P. Campos,2026-07-24T00:00:00+02:00,1230536,0
2666,P. Campos,2026-07-25T00:00:00+02:00,1216543,0
2666,P. Campos,2026-07-26T00:00:00+02:00,1205144,0
2666,P. Campos,2026-07-27T00:00:00+02:00,1195271,0
2666,P. Campos,2026-07-28T00:00:00+02:00,1201337,0
2666,P. Campos,2026-07-29T00:00:00+02:00,1207201,0
2666,P. Campos,2026-07-30T00:00:00+02:00,1233558,0
2666,P. Campos,2026-07-31T00:00:00+02:00,1254042,0
2666,P. Campos,2026-08-01T00:00:00+02:00,1290719,0
2666,P. Campos,2026-08-02T00:00:00+02:00,1298708,0
2666,P. Campos,2026-08-03T00:00:00+02:00,1294780,0
2666,P. Campos,2026-08-04T00:00:00+02:00,1284237,0
2666,P. Campos,2026-08-05T00:00:00+02:00,1266265,0
2666,P. Campos,2026-08-06T00:00:00+02:00,1246070,0
2666,P. Campos,2026-08-07T00:00:00+02:00,1230114,0
2666,P. Campos,2026-08-08T00:00:00+02:00,1207980,0
2666,P. Campos,2026-08-09T00:00:00+02:00,1185467,0
2666,P. Campos,2026-08-10T00:00:00+02:00,1162470,0
2666,P. Campos,2026-08-11T00:00:00+02:00,1142298,0
2666,P. Campos,2026-08-12T00:00:00+02:00,1122479,0
2666,P. Campos,2026-08-13T00:00:00+02:00,1104205,0
2666,P. Campos,2026-08-14T00:00:00+02:00,1084988,0
2666,P. Campos,2026-08-15T00:00:00+02:00,1072202,0
2666,P. Campos,2026-08-16T00:00:00+02:00,1056067,0
2667,A. Primo,2026-06-29T00:00:00+02:00,1100000,0
2667,A. Primo,2026-06-30T00:00:00+02:00,1100000,0
2667,A. Primo,2026-07-01T00:00:00+02:00,1100000,0
2667,A. Primo,2026-07-02T00:00:00+02:00,1100000,0
2667,A. Primo,2026-07-03T00:00:00+02:00,1100522,0
2667,A. Primo,2026-07-04T00:00:00+02:00,1101799,0
2667,A. Primo,2026-07-05T00:00:00+02:00,1102887,0
2668,Cayetano,2026-06-29T00:00:00+02:00,600000,0
2668,Cayetano,2026-06-30T00:00:00+02:00,600000,0
2668,Cayetano,2026-07-01T00:00:00+02:00,600000,0
2668,Cayetano,2026-07-02T00:00:00+02:00,600000,0
2668,Cayetano,2026-07-03T00:00:00+02:00,600285,0
2668,Cayetano,2026-07-04T00:00:00+02:00,600981,0
2668,Cayetano,2026-07-05T00:00:00+02:00,601574,0
2677,Rafa Romero,2026-06-29T00:00:00+02:00,600000,0
2677,Rafa Romero,2026-06-30T00:00:00+02:00,600000,0
2677,Rafa Romero,2026-07-01T00:00:00+02:00,600000,0
2677,Rafa Romero,2026-07-02T00:00:00+02:00,600000,0
2677,Rafa Romero,2026-07-03T00:00:00+02:00,600285,0
2677,Rafa Romero,2026-07-04T00:00:00+02:00,600981,0
2677,Rafa Romero,2026-07-05T00:00:00+02:00,601574,0
2696,Ruben,2026-06-29T00:00:00+02:00,600000,0
2696,Ruben,2026-06-30T00:00:00+02:00,600000,0
2696,Ruben,2026-07-01T00:00:00+02:00,600000,0
2696,Ruben,2026-07-02T00:00:00+02:00,600000,0
2696,Ruben,2026-07-03T00:00:00+02:00,600285,0
2696,Ruben,2026-07-04T00:00:00+02:00,600981,0
2696,Ruben,2026-07-05T00:00:00+02:00,601574,0
2696,Ruben,2026-08-13T00:00:00+02:00,590051,0
2696,Ruben,2026-08-14T00:00:00+02:00,578265,0
2696,Ruben,2026-08-15T00:00:00+02:00,573087,0
2696,Ruben,2026-08-16T00:00:00+02:00,565082,0
2713,Ionut Radu,2026-06-29T00:00:00+02:00,20000000,0
2713,Ionut Radu,2026-06-30T00:00:00+02:00,20000000,0
2713,Ionut Radu,2026-07-01T00:00:00+02:00,20000000,0
2713,Ionut Radu,2026-07-02T00:00:00+02:00,20000000,0
2713,Ionut Radu,2026-07-03T00:00:00+02:00,20009499,0
2713,Ionut Radu,2026-07-04T00:00:00+02:00,20032719,0
2713,Ionut Radu,2026-07-05T00:00:00+02:00,20052510,0
2713,Ionut Radu,2026-07-06T00:00:00+02:00,20077267,0
2713,Ionut Radu,2026-07-07T00:00:00+02:00,20076230,0
2713,Ionut Radu,2026-07-08T00:00:00+02:00,20090542,0
2713,Ionut Radu,2026-07-09T00:00:00+02:00,20256489,0
2713,Ionut Radu,2026-07-10T00:00:00+02:00,20280123,0
2713,Ionut Radu,2026-07-11T00:00:00+02:00,20669452,0
2713,Ionut Radu,2026-07-12T00:00:00+02:00,21146478,0
2713,Ionut Radu,2026-07-13T00:00:00+02:00,21785615,0
2713,Ionut Radu,2026-07-14T00:00:00+02:00,22430746,0
2713,Ionut Radu,2026-07-15T00:00:00+02:00,23041650,0
2713,Ionut Radu,2026-07-16T00:00:00+02:00,23748725,0
2713,Ionut Radu,2026-07-17T00:00:00+02:00,24393527,0
2713,Ionut Radu,2026-07-18T00:00:00+02:00,25113274,0
2713,Ionut Radu,2026-07-19T00:00:00+02:00,25962747,0
2713,Ionut Radu,2026-07-20T00:00:00+02:00,26503947,0
2713,Ionut Radu,2026-07-21T00:00:00+02:00,27244164,0
2713,Ionut Radu,2026-07-22T00:00:00+02:00,27502615,0
2713,Ionut Radu,2026-07-23T00:00:00+02:00,28247853,0
2713,Ionut Radu,2026-07-24T00:00:00+02:00,28610019,0
2713,Ionut Radu,2026-07-25T00:00:00+02:00,29165942,0
2713,Ionut Radu,2026-07-26T00:00:00+02:00,29826973,0
2713,Ionut Radu,2026-07-27T00:00:00+02:00,30388836,0
2713,Ionut Radu,2026-07-28T00:00:00+02:00,31318121,0
2713,Ionut Radu,2026-07-29T00:00:00+02:00,31898930,0
2713,Ionut Radu,2026-07-30T00:00:00+02:00,32709059,0
2713,Ionut Radu,2026-07-31T00:00:00+02:00,33358623,0
2713,Ionut Radu,2026-08-01T00:00:00+02:00,34192520,0
2713,Ionut Radu,2026-08-02T00:00:00+02:00,35028796,0
2713,Ionut Radu,2026-08-03T00:00:00+02:00,35781833,0
2713,Ionut Radu,2026-08-04T00:00:00+02:00,36716514,0
2713,Ionut Radu,2026-08-05T00:00:00+02:00,37493679,0
2713,Ionut Radu,2026-08-06T00:00:00+02:00,38136204,0
2713,Ionut Radu,2026-08-07T00:00:00+02:00,38689157,0
2713,Ionut Radu,2026-08-08T00:00:00+02:00,39231311,0
2713,Ionut Radu,2026-08-09T00:00:00+02:00,39681613,0
2713,Ionut Radu,2026-08-10T00:00:00+02:00,39944017,0
2713,Ionut Radu,2026-08-11T00:00:00+02:00,40216717,0
2713,Ionut Radu,2026-08-12T00:00:00+02:00,40312343,0
2713,Ionut Radu,2026-08-13T00:00:00+02:00,40061618,0
2713,Ionut Radu,2026-08-14T00:00:00+02:00,39655831,0
2713,Ionut Radu,2026-08-15T00:00:00+02:00,39248115,0
2713,Ionut Radu,2026-08-16T00:00:00+02:00,38934871,0
2715,A. Iturbe,2026-06-29T00:00:00+02:00,800000,0
2715,A. Iturbe,2026-06-30T00:00:00+02:00,800000,0
2715,A. Iturbe,2026-07-01T00:00:00+02:00,800000,0
2715,A. Iturbe,2026-07-02T00:00:00+02:00,800000,0
2715,A. Iturbe,2026-07-03T00:00:00+02:00,800380,0
2715,A. Iturbe,2026-07-04T00:00:00+02:00,801308,0
2715,A. Iturbe,2026-07-05T00:00:00+02:00,802099,0
2719,Stamatakis,2026-06-29T00:00:00+02:00,600000,0
2719,Stamatakis,2026-06-30T00:00:00+02:00,600000,0
2719,Stamatakis,2026-07-01T00:00:00+02:00,600000,0
2719,Stamatakis,2026-07-02T00:00:00+02:00,600000,0
2719,Stamatakis,2026-07-03T00:00:00+02:00,600285,0
2719,Stamatakis,2026-07-04T00:00:00+02:00,600981,0
2719,Stamatakis,2026-07-05T00:00:00+02:00,601574,0
2722,Mestre,2026-06-29T00:00:00+02:00,700000,0
2722,Mestre,2026-06-30T00:00:00+02:00,700000,0
2722,Mestre,2026-07-01T00:00:00+02:00,700000,0
2722,Mestre,2026-07-02T00:00:00+02:00,700000,0
2722,Mestre,2026-07-03T00:00:00+02:00,700332,0
2722,Mestre,2026-07-04T00:00:00+02:00,676434,0
2722,Mestre,2026-07-05T00:00:00+02:00,677102,0
2724,Adrián Molina,2026-06-29T00:00:00+02:00,600000,0
2724,Adrián Molina,2026-06-30T00:00:00+02:00,600000,0
2724,Adrián Molina,2026-07-01T00:00:00+02:00,600000,0
2724,Adrián Molina,2026-07-02T00:00:00+02:00,600000,0
2724,Adrián Molina,2026-07-03T00:00:00+02:00,600285,0
2724,Adrián Molina,2026-07-04T00:00:00+02:00,600981,0
2724,Adrián Molina,2026-07-05T00:00:00+02:00,601574,0
2744,Juanpe Gil,2026-06-29T00:00:00+02:00,600000,0
2744,Juanpe Gil,2026-06-30T00:00:00+02:00,600000,0
2744,Juanpe Gil,2026-07-01T00:00:00+02:00,600000,0
2744,Juanpe Gil,2026-07-02T00:00:00+02:00,600000,0
2744,Juanpe Gil,2026-07-03T00:00:00+02:00,600285,0
2744,Juanpe Gil,2026-07-04T00:00:00+02:00,600981,0
2744,Juanpe Gil,2026-07-05T00:00:00+02:00,601574,0
2747,Alberto F.,2026-06-29T00:00:00+02:00,700000,0
2747,Alberto F.,2026-06-30T00:00:00+02:00,700000,0
2747,Alberto F.,2026-07-01T00:00:00+02:00,700000,0
2747,Alberto F.,2026-07-02T00:00:00+02:00,700000,0
2747,Alberto F.,2026-07-03T00:00:00+02:00,700332,0
2747,Alberto F.,2026-07-04T00:00:00+02:00,701144,0
2747,Alberto F.,2026-07-05T00:00:00+02:00,701836,0
2749,Swiderski,2026-06-29T00:00:00+02:00,600000,0
2749,Swiderski,2026-06-30T00:00:00+02:00,600000,0
2749,Swiderski,2026-07-01T00:00:00+02:00,600000,0
2749,Swiderski,2026-07-02T00:00:00+02:00,600000,0
2749,Swiderski,2026-07-03T00:00:00+02:00,600285,0
2749,Swiderski,2026-07-04T00:00:00+02:00,600981,0
2749,Swiderski,2026-07-05T00:00:00+02:00,601574,0
2749,Swiderski,2026-07-06T00:00:00+02:00,602316,0
2755,Ryan,2026-06-29T00:00:00+02:00,13500000,0
2755,Ryan,2026-06-30T00:00:00+02:00,13500000,0
2755,Ryan,2026-07-01T00:00:00+02:00,13500000,0
2755,Ryan,2026-07-02T00:00:00+02:00,13500000,0
2755,Ryan,2026-07-03T00:00:00+02:00,13506412,0
2755,Ryan,2026-07-04T00:00:00+02:00,13522085,0
2755,Ryan,2026-07-05T00:00:00+02:00,13535444,0
2758,Arnau Tenas,2026-06-29T00:00:00+02:00,10000000,0
2758,Arnau Tenas,2026-06-30T00:00:00+02:00,10000000,0
2758,Arnau Tenas,2026-07-01T00:00:00+02:00,10000000,0
2758,Arnau Tenas,2026-07-02T00:00:00+02:00,10000000,0
2758,Arnau Tenas,2026-07-03T00:00:00+02:00,10004749,0
2758,Arnau Tenas,2026-07-04T00:00:00+02:00,10016359,0
2758,Arnau Tenas,2026-07-05T00:00:00+02:00,10026254,0
2758,Arnau Tenas,2026-07-06T00:00:00+02:00,10038632,0
2758,Arnau Tenas,2026-07-07T00:00:00+02:00,10038113,0
2758,Arnau Tenas,2026-07-08T00:00:00+02:00,9774427,0
2758,Arnau Tenas,2026-07-09T00:00:00+02:00,9598502,0
2758,Arnau Tenas,2026-07-10T00:00:00+02:00,9428302,0
2758,Arnau Tenas,2026-07-11T00:00:00+02:00,9222125,0
2758,Arnau Tenas,2026-07-12T00:00:00+02:00,9042633,0
2758,Arnau Tenas,2026-07-13T00:00:00+02:00,8862371,0
2758,Arnau Tenas,2026-07-14T00:00:00+02:00,8688118,0
2758,Arnau Tenas,2026-07-15T00:00:00+02:00,8490711,0
2758,Arnau Tenas,2026-07-16T00:00:00+02:00,8306921,0
2758,Arnau Tenas,2026-07-17T00:00:00+02:00,8135755,0
2758,Arnau Tenas,2026-07-18T00:00:00+02:00,7958707,0
2758,Arnau Tenas,2026-07-19T00:00:00+02:00,7787267,0
2758,Arnau Tenas,2026-07-20T00:00:00+02:00,7616730,0
2758,Arnau Tenas,2026-07-21T00:00:00+02:00,7427909,0
2758,Arnau Tenas,2026-07-22T00:00:00+02:00,7234053,0
2758,Arnau Tenas,2026-07-23T00:00:00+02:00,7062009,0
2758,Arnau Tenas,2026-07-24T00:00:00+02:00,6897126,0
2758,Arnau Tenas,2026-07-25T00:00:00+02:00,6744496,0
2758,Arnau Tenas,2026-07-26T00:00:00+02:00,6597370,0
2759,Vlachodimos,2026-06-29T00:00:00+02:00,15000000,0
2759,Vlachodimos,2026-06-30T00:00:00+02:00,15000000,0
2759,Vlachodimos,2026-07-01T00:00:00+02:00,15000000,0
2759,Vlachodimos,2026-07-02T00:00:00+02:00,15000000,0
2759,Vlachodimos,2026-07-03T00:00:00+02:00,15007124,0
2759,Vlachodimos,2026-07-04T00:00:00+02:00,15024539,0
2759,Vlachodimos,2026-07-05T00:00:00+02:00,15039382,0
2759,Vlachodimos,2026-08-04T00:00:00+02:00,14523178,0
2759,Vlachodimos,2026-08-05T00:00:00+02:00,14042817,0
2759,Vlachodimos,2026-08-06T00:00:00+02:00,14210162,0
2759,Vlachodimos,2026-08-07T00:00:00+02:00,14536504,0
2759,Vlachodimos,2026-08-08T00:00:00+02:00,14960255,0
2759,Vlachodimos,2026-08-09T00:00:00+02:00,15360863,0
2759,Vlachodimos,2026-08-10T00:00:00+02:00,15812916,0
2759,Vlachodimos,2026-08-11T00:00:00+02:00,16297273,0
2759,Vlachodimos,2026-08-12T00:00:00+02:00,16837396,0
2759,Vlachodimos,2026-08-13T00:00:00+02:00,17198308,0
2759,Vlachodimos,2026-08-14T00:00:00+02:00,17701318,0
2759,Vlachodimos,2026-08-15T00:00:00+02:00,18024861,0
2759,Vlachodimos,2026-08-16T00:00:00+02:00,18343601,0
2783,Szczesny,2026-06-29T00:00:00+02:00,3200000,0
2783,Szczesny,2026-06-30T00:00:00+02:00,3200000,0
2783,Szczesny,2026-07-01T00:00:00+02:00,3200000,0
2783,Szczesny,2026-07-02T00:00:00+02:00,3200000,0
2783,Szczesny,2026-07-03T00:00:00+02:00,3201519,0
2783,Szczesny,2026-07-04T00:00:00+02:00,3205234,0
2783,Szczesny,2026-07-05T00:00:00+02:00,3208400,0
2783,Szczesny,2026-08-03T00:00:00+02:00,3103107,0
2783,Szczesny,2026-08-04T00:00:00+02:00,3000306,0
2783,Szczesny,2026-08-05T00:00:00+02:00,2935629,0
2783,Szczesny,2026-08-06T00:00:00+02:00,2868591,0
2783,Szczesny,2026-08-07T00:00:00+02:00,2801634,0
2783,Szczesny,2026-08-08T00:00:00+02:00,2740861,0
2783,Szczesny,2026-08-09T00:00:00+02:00,2679964,0
2783,Szczesny,2026-08-10T00:00:00+02:00,2618810,0
2783,Szczesny,2026-08-11T00:00:00+02:00,2560637,0
2783,Szczesny,2026-08-12T00:00:00+02:00,2499290,0
2783,Szczesny,2026-08-13T00:00:00+02:00,2446668,0
2783,Szczesny,2026-08-14T00:00:00+02:00,2396035,0
2783,Szczesny,2026-08-15T00:00:00+02:00,2352050,0
2783,Szczesny,2026-08-16T00:00:00+02:00,2308693,0
2791,Montero,2026-06-29T00:00:00+02:00,600000,0
2791,Montero,2026-06-30T00:00:00+02:00,600000,0
2791,Montero,2026-07-01T00:00:00+02:00,600000,0
2791,Montero,2026-07-02T00:00:00+02:00,600000,0
2791,Montero,2026-07-03T00:00:00+02:00,600285,0
2791,Montero,2026-07-04T00:00:00+02:00,600981,0
2791,Montero,2026-07-05T00:00:00+02:00,601574,0
2791,Montero,2026-07-06T00:00:00+02:00,602316,0
2792,Folgado,2026-06-29T00:00:00+02:00,700000,0
2792,Folgado,2026-06-30T00:00:00+02:00,700000,0
2792,Folgado,2026-07-01T00:00:00+02:00,700000,0
2792,Folgado,2026-07-02T00:00:00+02:00,700000,0
2792,Folgado,2026-07-03T00:00:00+02:00,700332,0
2792,Folgado,2026-07-04T00:00:00+02:00,701144,0
2792,Folgado,2026-07-05T00:00:00+02:00,701836,0
2793,Germán,2026-06-29T00:00:00+02:00,700000,0
2793,Germán,2026-06-30T00:00:00+02:00,700000,0
2793,Germán,2026-07-01T00:00:00+02:00,700000,0
2793,Germán,2026-07-02T00:00:00+02:00,700000,0
2793,Germán,2026-07-03T00:00:00+02:00,700332,0
2793,Germán,2026-07-04T00:00:00+02:00,701144,0
2793,Germán,2026-07-05T00:00:00+02:00,701836,0
2794,Manu G.,2026-06-29T00:00:00+02:00,600000,0
2794,Manu G.,2026-06-30T00:00:00+02:00,600000,0
2794,Manu G.,2026-07-01T00:00:00+02:00,600000,0
2794,Manu G.,2026-07-02T00:00:00+02:00,600000,0
2794,Manu G.,2026-07-03T00:00:00+02:00,600285,0
2794,Manu G.,2026-07-04T00:00:00+02:00,600981,0
2794,Manu G.,2026-07-05T00:00:00+02:00,581040,0
2809,M. Santos,2026-06-29T00:00:00+02:00,700000,0
2809,M. Santos,2026-06-30T00:00:00+02:00,700000,0
2809,M. Santos,2026-07-01T00:00:00+02:00,700000,0
2809,M. Santos,2026-07-02T00:00:00+02:00,700000,0
2809,M. Santos,2026-07-03T00:00:00+02:00,700332,0
2809,M. Santos,2026-07-04T00:00:00+02:00,701144,0
2809,M. Santos,2026-07-05T00:00:00+02:00,701836,0
2819,Ferrer,2026-06-29T00:00:00+02:00,700000,0
2819,Ferrer,2026-06-30T00:00:00+02:00,700000,0
2819,Ferrer,2026-07-01T00:00:00+02:00,700000,0
2819,Ferrer,2026-07-02T00:00:00+02:00,700000,0
2819,Ferrer,2026-07-03T00:00:00+02:00,700332,0
2819,Ferrer,2026-07-04T00:00:00+02:00,701144,0
2819,Ferrer,2026-07-05T00:00:00+02:00,701836,0
2820,J. Benito,2026-06-29T00:00:00+02:00,600000,0
2820,J. Benito,2026-06-30T00:00:00+02:00,600000,0
2820,J. Benito,2026-07-01T00:00:00+02:00,600000,0
2820,J. Benito,2026-07-02T00:00:00+02:00,600000,0
2820,J. Benito,2026-07-03T00:00:00+02:00,600285,0
2820,J. Benito,2026-07-04T00:00:00+02:00,600981,0
2820,J. Benito,2026-07-05T00:00:00+02:00,601574,0
2823,Eder Aller,2026-06-29T00:00:00+02:00,700000,0
2823,Eder Aller,2026-06-30T00:00:00+02:00,700000,0
2823,Eder Aller,2026-07-01T00:00:00+02:00,700000,0
2823,Eder Aller,2026-07-02T00:00:00+02:00,700000,0
2823,Eder Aller,2026-07-03T00:00:00+02:00,700332,0
2823,Eder Aller,2026-07-04T00:00:00+02:00,701144,0
2823,Eder Aller,2026-07-05T00:00:00+02:00,701836,0
2835,Fraga,2026-06-29T00:00:00+02:00,600000,0
2835,Fraga,2026-06-30T00:00:00+02:00,600000,0
2835,Fraga,2026-07-01T00:00:00+02:00,600000,0
2835,Fraga,2026-07-02T00:00:00+02:00,600000,0
2835,Fraga,2026-07-03T00:00:00+02:00,600285,0
2835,Fraga,2026-07-04T00:00:00+02:00,600981,0
2835,Fraga,2026-07-05T00:00:00+02:00,601574,0
2837,Javi Navarro,2026-06-29T00:00:00+02:00,700000,0
2837,Javi Navarro,2026-06-30T00:00:00+02:00,700000,0
2837,Javi Navarro,2026-07-01T00:00:00+02:00,700000,0
2837,Javi Navarro,2026-07-02T00:00:00+02:00,700000,0
2837,Javi Navarro,2026-07-03T00:00:00+02:00,700332,0
2837,Javi Navarro,2026-07-04T00:00:00+02:00,701144,0
2837,Javi Navarro,2026-07-05T00:00:00+02:00,701836,0
2966,Bachmann,2026-06-29T00:00:00+02:00,500000,0
2966,Bachmann,2026-06-30T00:00:00+02:00,500000,0
2966,Bachmann,2026-07-01T00:00:00+02:00,500000,0
2966,Bachmann,2026-07-02T00:00:00+02:00,500000,0
2966,Bachmann,2026-07-03T00:00:00+02:00,500237,0
2966,Bachmann,2026-07-04T00:00:00+02:00,500817,0
2966,Bachmann,2026-07-05T00:00:00+02:00,501311,0
2971,Rios,2026-06-29T00:00:00+02:00,900000,0
2971,Rios,2026-06-30T00:00:00+02:00,900000,0
2971,Rios,2026-07-01T00:00:00+02:00,900000,0
2971,Rios,2026-07-02T00:00:00+02:00,900000,0
2971,Rios,2026-07-03T00:00:00+02:00,900427,0
2971,Rios,2026-07-04T00:00:00+02:00,901471,0
2971,Rios,2026-07-05T00:00:00+02:00,902361,0
2975,A. Ferllo,2026-06-29T00:00:00+02:00,9500000,0
2975,A. Ferllo,2026-06-30T00:00:00+02:00,9500000,0
2975,A. Ferllo,2026-07-01T00:00:00+02:00,9500000,0
2975,A. Ferllo,2026-07-02T00:00:00+02:00,9500000,0
2975,A. Ferllo,2026-07-03T00:00:00+02:00,9504512,0
2975,A. Ferllo,2026-07-04T00:00:00+02:00,9515541,0
2975,A. Ferllo,2026-07-05T00:00:00+02:00,9524941,0
2975,A. Ferllo,2026-07-06T00:00:00+02:00,9536700,0
2975,A. Ferllo,2026-07-07T00:00:00+02:00,9536207,0
2975,A. Ferllo,2026-07-08T00:00:00+02:00,9296522,0
2975,A. Ferllo,2026-07-09T00:00:00+02:00,9107685,0
2975,A. Ferllo,2026-07-10T00:00:00+02:00,8920218,0
2975,A. Ferllo,2026-07-11T00:00:00+02:00,8743079,0
2975,A. Ferllo,2026-07-12T00:00:00+02:00,8583549,0
2975,A. Ferllo,2026-07-13T00:00:00+02:00,8427675,0
2975,A. Ferllo,2026-07-14T00:00:00+02:00,8248629,0
2975,A. Ferllo,2026-07-15T00:00:00+02:00,8094407,0
2975,A. Ferllo,2026-07-16T00:00:00+02:00,7929763,0
2975,A. Ferllo,2026-07-17T00:00:00+02:00,7785101,0
2975,A. Ferllo,2026-07-18T00:00:00+02:00,7651347,0
2975,A. Ferllo,2026-07-19T00:00:00+02:00,7493476,0
2975,A. Ferllo,2026-07-20T00:00:00+02:00,7340785,0
2975,A. Ferllo,2026-07-21T00:00:00+02:00,7186033,0
2975,A. Ferllo,2026-07-22T00:00:00+02:00,7019358,0
2975,A. Ferllo,2026-07-23T00:00:00+02:00,6880827,0
2975,A. Ferllo,2026-07-24T00:00:00+02:00,6735697,0
2975,A. Ferllo,2026-07-25T00:00:00+02:00,6592758,0
2975,A. Ferllo,2026-07-26T00:00:00+02:00,6457489,0
2975,A. Ferllo,2026-07-27T00:00:00+02:00,6313093,0
2975,A. Ferllo,2026-07-28T00:00:00+02:00,6233782,0
2975,A. Ferllo,2026-07-29T00:00:00+02:00,6134065,0
2975,A. Ferllo,2026-07-30T00:00:00+02:00,6072041,0
2975,A. Ferllo,2026-07-31T00:00:00+02:00,5985031,0
2975,A. Ferllo,2026-08-01T00:00:00+02:00,5905101,0
2975,A. Ferllo,2026-08-02T00:00:00+02:00,5836999,0
2975,A. Ferllo,2026-08-03T00:00:00+02:00,5740084,0
2975,A. Ferllo,2026-08-04T00:00:00+02:00,5646497,0
2975,A. Ferllo,2026-08-05T00:00:00+02:00,5550923,0
2975,A. Ferllo,2026-08-06T00:00:00+02:00,5463679,0
2975,A. Ferllo,2026-08-07T00:00:00+02:00,5372850,0
2975,A. Ferllo,2026-08-08T00:00:00+02:00,5298067,0
2975,A. Ferllo,2026-08-09T00:00:00+02:00,5220339,0
2975,A. Ferllo,2026-08-10T00:00:00+02:00,5131138,0
2975,A. Ferllo,2026-08-11T00:00:00+02:00,5047461,0
2975,A. Ferllo,2026-08-12T00:00:00+02:00,4968054,0
2975,A. Ferllo,2026-08-13T00:00:00+02:00,4873912,0
2975,A. Ferllo,2026-08-14T00:00:00+02:00,4792235,0
2975,A. Ferllo,2026-08-15T00:00:00+02:00,4728806,0
2975,A. Ferllo,2026-08-16T00:00:00+02:00,4650459,0
2983,Eric Puerto,2026-06-29T00:00:00+02:00,400000,0
2983,Eric Puerto,2026-06-30T00:00:00+02:00,400000,0
2983,Eric Puerto,2026-07-01T00:00:00+02:00,400000,0
2983,Eric Puerto,2026-07-02T00:00:00+02:00,400000,0
2983,Eric Puerto,2026-07-03T00:00:00+02:00,400190,0
2983,Eric Puerto,2026-07-04T00:00:00+02:00,400654,0
2983,Eric Puerto,2026-07-05T00:00:00+02:00,401049,0
2983,Eric Puerto,2026-07-06T00:00:00+02:00,401544,0
2983,Eric Puerto,2026-07-07T00:00:00+02:00,401523,0
2983,Eric Puerto,2026-07-08T00:00:00+02:00,396314,0
2983,Eric Puerto,2026-07-09T00:00:00+02:00,389774,0
2983,Eric Puerto,2026-07-10T00:00:00+02:00,384746,0
2983,Eric Puerto,2026-07-11T00:00:00+02:00,380335,0
2983,Eric Puerto,2026-07-12T00:00:00+02:00,377235,0
2983,Eric Puerto,2026-07-13T00:00:00+02:00,375075,0
2983,Eric Puerto,2026-07-14T00:00:00+02:00,372833,0
2983,Eric Puerto,2026-07-15T00:00:00+02:00,371246,0
2983,Eric Puerto,2026-07-16T00:00:00+02:00,371030,0
2983,Eric Puerto,2026-07-17T00:00:00+02:00,371122,0
2983,Eric Puerto,2026-07-18T00:00:00+02:00,371564,0
2983,Eric Puerto,2026-07-19T00:00:00+02:00,372234,0
2983,Eric Puerto,2026-07-20T00:00:00+02:00,373587,0
2983,Eric Puerto,2026-07-21T00:00:00+02:00,376403,0
2983,Eric Puerto,2026-07-22T00:00:00+02:00,374642,0
2983,Eric Puerto,2026-07-23T00:00:00+02:00,374504,0
2983,Eric Puerto,2026-07-24T00:00:00+02:00,373420,0
2983,Eric Puerto,2026-07-25T00:00:00+02:00,374034,0
2983,Eric Puerto,2026-07-26T00:00:00+02:00,375244,0
2983,Eric Puerto,2026-07-27T00:00:00+02:00,376013,0
2983,Eric Puerto,2026-07-28T00:00:00+02:00,376871,0
2983,Eric Puerto,2026-07-29T00:00:00+02:00,375490,0
2983,Eric Puerto,2026-07-30T00:00:00+02:00,374887,0
2983,Eric Puerto,2026-07-31T00:00:00+02:00,373856,0
2983,Eric Puerto,2026-08-01T00:00:00+02:00,372971,0
2983,Eric Puerto,2026-08-02T00:00:00+02:00,373035,0
2983,Eric Puerto,2026-08-03T00:00:00+02:00,372522,0
2983,Eric Puerto,2026-08-04T00:00:00+02:00,371364,0
2983,Eric Puerto,2026-08-05T00:00:00+02:00,370324,0
2983,Eric Puerto,2026-08-06T00:00:00+02:00,368830,0
2983,Eric Puerto,2026-08-07T00:00:00+02:00,367494,0
2983,Eric Puerto,2026-08-08T00:00:00+02:00,366694,0
2983,Eric Puerto,2026-08-09T00:00:00+02:00,368969,0
2983,Eric Puerto,2026-08-10T00:00:00+02:00,369346,0
2983,Eric Puerto,2026-08-11T00:00:00+02:00,368617,0
2983,Eric Puerto,2026-08-12T00:00:00+02:00,367523,0
2988,Germán,2026-06-29T00:00:00+02:00,700000,0
2988,Germán,2026-06-30T00:00:00+02:00,700000,0
2988,Germán,2026-07-01T00:00:00+02:00,700000,0
2988,Germán,2026-07-02T00:00:00+02:00,700000,0
2988,Germán,2026-07-03T00:00:00+02:00,700332,0
2988,Germán,2026-07-04T00:00:00+02:00,701144,0
2988,Germán,2026-07-05T00:00:00+02:00,701836,0
2988,Germán,2026-08-07T00:00:00+02:00,687180,0
2988,Germán,2026-08-08T00:00:00+02:00,673592,0
2988,Germán,2026-08-09T00:00:00+02:00,661565,0
2988,Germán,2026-08-10T00:00:00+02:00,650238,0
2988,Germán,2026-08-11T00:00:00+02:00,638507,0
2988,Germán,2026-08-12T00:00:00+02:00,627799,0
2988,Germán,2026-08-13T00:00:00+02:00,617300,0
2988,Germán,2026-08-14T00:00:00+02:00,607112,0
2988,Germán,2026-08-15T00:00:00+02:00,602357,0
2988,Germán,2026-08-16T00:00:00+02:00,593635,0
3001,Jokin Ezkieta,2026-06-29T00:00:00+02:00,9000000,0
3001,Jokin Ezkieta,2026-06-30T00:00:00+02:00,9000000,0
3001,Jokin Ezkieta,2026-07-01T00:00:00+02:00,9000000,0
3001,Jokin Ezkieta,2026-07-02T00:00:00+02:00,9000000,0
3001,Jokin Ezkieta,2026-07-03T00:00:00+02:00,9004274,0
3001,Jokin Ezkieta,2026-07-04T00:00:00+02:00,9014723,0
3001,Jokin Ezkieta,2026-07-05T00:00:00+02:00,9023629,0
3001,Jokin Ezkieta,2026-07-06T00:00:00+02:00,9034770,0
3001,Jokin Ezkieta,2026-07-07T00:00:00+02:00,9034303,0
3001,Jokin Ezkieta,2026-07-08T00:00:00+02:00,8780568,0
3001,Jokin Ezkieta,2026-07-09T00:00:00+02:00,8576324,0
3001,Jokin Ezkieta,2026-07-10T00:00:00+02:00,8416102,0
3001,Jokin Ezkieta,2026-07-11T00:00:00+02:00,8227971,0
3001,Jokin Ezkieta,2026-07-12T00:00:00+02:00,8045940,0
3001,Jokin Ezkieta,2026-07-13T00:00:00+02:00,7877179,0
3001,Jokin Ezkieta,2026-07-14T00:00:00+02:00,7702854,0
3001,Jokin Ezkieta,2026-07-15T00:00:00+02:00,7535753,0
3001,Jokin Ezkieta,2026-07-16T00:00:00+02:00,7353536,0
3001,Jokin Ezkieta,2026-07-17T00:00:00+02:00,7191510,0
3001,Jokin Ezkieta,2026-07-18T00:00:00+02:00,7042447,0
3001,Jokin Ezkieta,2026-07-19T00:00:00+02:00,6898897,0
3001,Jokin Ezkieta,2026-07-20T00:00:00+02:00,6748196,0
3001,Jokin Ezkieta,2026-07-21T00:00:00+02:00,6618731,0
3001,Jokin Ezkieta,2026-07-22T00:00:00+02:00,6464045,0
3001,Jokin Ezkieta,2026-07-23T00:00:00+02:00,6321618,0
3001,Jokin Ezkieta,2026-07-24T00:00:00+02:00,6196561,0
3001,Jokin Ezkieta,2026-07-25T00:00:00+02:00,6071608,0
3001,Jokin Ezkieta,2026-07-26T00:00:00+02:00,5949251,0
3016,Alvaro J.,2026-06-29T00:00:00+02:00,600000,0
3016,Alvaro J.,2026-06-30T00:00:00+02:00,600000,0
3016,Alvaro J.,2026-07-01T00:00:00+02:00,600000,0
3016,Alvaro J.,2026-07-02T00:00:00+02:00,600000,0
3016,Alvaro J.,2026-07-03T00:00:00+02:00,600285,0
3016,Alvaro J.,2026-07-04T00:00:00+02:00,600981,0
3016,Alvaro J.,2026-07-05T00:00:00+02:00,601574,0
3018,Eriksson,2026-06-29T00:00:00+02:00,3000000,0
3018,Eriksson,2026-06-30T00:00:00+02:00,3000000,0
3018,Eriksson,2026-07-01T00:00:00+02:00,3000000,0
3018,Eriksson,2026-07-02T00:00:00+02:00,3000000,0
3018,Eriksson,2026-07-03T00:00:00+02:00,3001424,0
3018,Eriksson,2026-07-04T00:00:00+02:00,3004907,0
3018,Eriksson,2026-07-05T00:00:00+02:00,3007875,0
3018,Eriksson,2026-07-06T00:00:00+02:00,3011588,0
3018,Eriksson,2026-07-07T00:00:00+02:00,3011432,0
3018,Eriksson,2026-07-08T00:00:00+02:00,2973372,0
3018,Eriksson,2026-07-09T00:00:00+02:00,2985782,0
3018,Eriksson,2026-07-10T00:00:00+02:00,2954062,0
3018,Eriksson,2026-07-11T00:00:00+02:00,2897307,0
3018,Eriksson,2026-07-12T00:00:00+02:00,2827089,0
3018,Eriksson,2026-07-13T00:00:00+02:00,2778576,0
3018,Eriksson,2026-07-14T00:00:00+02:00,2713808,0
3018,Eriksson,2026-07-15T00:00:00+02:00,2664780,0
3018,Eriksson,2026-07-16T00:00:00+02:00,2617914,0
3018,Eriksson,2026-07-17T00:00:00+02:00,2562023,0
3018,Eriksson,2026-07-18T00:00:00+02:00,2508990,0
3018,Eriksson,2026-07-19T00:00:00+02:00,2451059,0
3018,Eriksson,2026-07-20T00:00:00+02:00,2405875,0
3018,Eriksson,2026-07-21T00:00:00+02:00,2360439,0
3018,Eriksson,2026-07-22T00:00:00+02:00,2308221,0
3018,Eriksson,2026-07-23T00:00:00+02:00,2290125,0
3018,Eriksson,2026-07-24T00:00:00+02:00,2276112,0
3018,Eriksson,2026-07-25T00:00:00+02:00,2260666,0
3018,Eriksson,2026-07-26T00:00:00+02:00,2254620,0
3018,Eriksson,2026-07-27T00:00:00+02:00,2244625,0
3018,Eriksson,2026-07-28T00:00:00+02:00,2254355,0
3018,Eriksson,2026-07-29T00:00:00+02:00,2272764,0
3018,Eriksson,2026-07-30T00:00:00+02:00,2327957,0
3018,Eriksson,2026-07-31T00:00:00+02:00,2377210,0
3018,Eriksson,2026-08-01T00:00:00+02:00,2416531,0
3018,Eriksson,2026-08-02T00:00:00+02:00,2480931,0
3018,Eriksson,2026-08-03T00:00:00+02:00,2534651,0
3018,Eriksson,2026-08-04T00:00:00+02:00,2611450,0
3018,Eriksson,2026-08-05T00:00:00+02:00,2669057,0
3018,Eriksson,2026-08-06T00:00:00+02:00,2731730,0
3018,Eriksson,2026-08-07T00:00:00+02:00,2778657,0
3018,Eriksson,2026-08-08T00:00:00+02:00,2835370,0
3018,Eriksson,2026-08-09T00:00:00+02:00,2879700,0
3018,Eriksson,2026-08-10T00:00:00+02:00,2918400,0
3018,Eriksson,2026-08-11T00:00:00+02:00,2950414,0
3018,Eriksson,2026-08-12T00:00:00+02:00,2960495,0
3018,Eriksson,2026-08-13T00:00:00+02:00,2946845,0
3018,Eriksson,2026-08-14T00:00:00+02:00,2929242,0
3018,Eriksson,2026-08-15T00:00:00+02:00,2923053,0
3018,Eriksson,2026-08-16T00:00:00+02:00,2908104,0
3021,Andreev,2026-06-29T00:00:00+02:00,600000,0
3021,Andreev,2026-06-30T00:00:00+02:00,600000,0
3021,Andreev,2026-07-01T00:00:00+02:00,600000,0
3021,Andreev,2026-07-02T00:00:00+02:00,600000,0
3021,Andreev,2026-07-03T00:00:00+02:00,600285,0
3021,Andreev,2026-07-04T00:00:00+02:00,600981,0
3021,Andreev,2026-07-05T00:00:00+02:00,601574,0
3029,Laro,2026-06-29T00:00:00+02:00,600000,0
3029,Laro,2026-06-30T00:00:00+02:00,600000,0
3029,Laro,2026-07-01T00:00:00+02:00,600000,0
3029,Laro,2026-07-02T00:00:00+02:00,600000,0
3029,Laro,2026-07-03T00:00:00+02:00,600285,0
3029,Laro,2026-07-04T00:00:00+02:00,600981,0
3029,Laro,2026-07-05T00:00:00+02:00,601574,0
3040,A. Herrero,2026-06-29T00:00:00+02:00,6000000,0
3040,A. Herrero,2026-06-30T00:00:00+02:00,6000000,0
3040,A. Herrero,2026-07-01T00:00:00+02:00,6000000,0
3040,A. Herrero,2026-07-02T00:00:00+02:00,6000000,0
3040,A. Herrero,2026-07-03T00:00:00+02:00,6002849,0
3040,A. Herrero,2026-07-04T00:00:00+02:00,6009815,0
3040,A. Herrero,2026-07-05T00:00:00+02:00,6015752,0
3040,A. Herrero,2026-07-06T00:00:00+02:00,6023179,0
3040,A. Herrero,2026-07-07T00:00:00+02:00,6022867,0
3040,A. Herrero,2026-07-08T00:00:00+02:00,5987379,0
3040,A. Herrero,2026-07-09T00:00:00+02:00,5995924,0
3040,A. Herrero,2026-07-10T00:00:00+02:00,6416608,0
3040,A. Herrero,2026-07-11T00:00:00+02:00,6554374,0
3040,A. Herrero,2026-07-12T00:00:00+02:00,6608120,0
3040,A. Herrero,2026-07-13T00:00:00+02:00,6593251,0
3040,A. Herrero,2026-07-14T00:00:00+02:00,6587470,0
3040,A. Herrero,2026-07-15T00:00:00+02:00,6536911,0
3040,A. Herrero,2026-07-16T00:00:00+02:00,6489649,0
3040,A. Herrero,2026-07-17T00:00:00+02:00,6412102,0
3040,A. Herrero,2026-07-18T00:00:00+02:00,6359567,0
3040,A. Herrero,2026-07-19T00:00:00+02:00,6302815,0
3040,A. Herrero,2026-07-20T00:00:00+02:00,6267302,0
3040,A. Herrero,2026-07-21T00:00:00+02:00,6195454,0
3040,A. Herrero,2026-07-22T00:00:00+02:00,6148855,0
3040,A. Herrero,2026-07-23T00:00:00+02:00,6185610,0
3040,A. Herrero,2026-07-24T00:00:00+02:00,6200040,0
3040,A. Herrero,2026-07-25T00:00:00+02:00,6300417,0
3040,A. Herrero,2026-07-26T00:00:00+02:00,6436605,0
3040,A. Herrero,2026-07-27T00:00:00+02:00,6550457,0
3040,A. Herrero,2026-07-28T00:00:00+02:00,6643213,0
3040,A. Herrero,2026-07-29T00:00:00+02:00,6745280,0
3040,A. Herrero,2026-07-30T00:00:00+02:00,6979062,0
3040,A. Herrero,2026-07-31T00:00:00+02:00,7125968,0
3040,A. Herrero,2026-08-01T00:00:00+02:00,7151638,0
3040,A. Herrero,2026-08-02T00:00:00+02:00,7143750,0
3040,A. Herrero,2026-08-03T00:00:00+02:00,7186262,0
3040,A. Herrero,2026-08-04T00:00:00+02:00,7191317,0
3040,A. Herrero,2026-08-05T00:00:00+02:00,7221560,0
3040,A. Herrero,2026-08-06T00:00:00+02:00,7205855,0
3040,A. Herrero,2026-08-07T00:00:00+02:00,7178025,0
3040,A. Herrero,2026-08-08T00:00:00+02:00,7209668,0
3040,A. Herrero,2026-08-09T00:00:00+02:00,7321485,0
3040,A. Herrero,2026-08-10T00:00:00+02:00,7480451,0
3040,A. Herrero,2026-08-11T00:00:00+02:00,7642744,0
3040,A. Herrero,2026-08-12T00:00:00+02:00,7829884,0
3040,A. Herrero,2026-08-13T00:00:00+02:00,7946184,0
3040,A. Herrero,2026-08-14T00:00:00+02:00,8075295,0
3040,A. Herrero,2026-08-15T00:00:00+02:00,8199191,0
3040,A. Herrero,2026-08-16T00:00:00+02:00,8323282,0
3057,Carlos Lopez,2026-06-29T00:00:00+02:00,500000,0
3057,Carlos Lopez,2026-06-30T00:00:00+02:00,500000,0
3057,Carlos Lopez,2026-07-01T00:00:00+02:00,500000,0
3057,Carlos Lopez,2026-07-02T00:00:00+02:00,500000,0
3057,Carlos Lopez,2026-07-03T00:00:00+02:00,500237,0
3057,Carlos Lopez,2026-07-04T00:00:00+02:00,500817,0
3057,Carlos Lopez,2026-07-05T00:00:00+02:00,501311,0
3057,Carlos Lopez,2026-07-06T00:00:00+02:00,501929,0
3057,Carlos Lopez,2026-07-07T00:00:00+02:00,501903,0
3057,Carlos Lopez,2026-07-08T00:00:00+02:00,492679,0
3057,Carlos Lopez,2026-07-09T00:00:00+02:00,481784,0
3057,Carlos Lopez,2026-07-10T00:00:00+02:00,473075,0
3057,Carlos Lopez,2026-07-11T00:00:00+02:00,465130,0
3057,Carlos Lopez,2026-07-12T00:00:00+02:00,458638,0
3057,Carlos Lopez,2026-07-13T00:00:00+02:00,453222,0
3057,Carlos Lopez,2026-07-14T00:00:00+02:00,447854,0
3057,Carlos Lopez,2026-07-15T00:00:00+02:00,443266,0
3057,Carlos Lopez,2026-07-16T00:00:00+02:00,440169,0
3057,Carlos Lopez,2026-07-17T00:00:00+02:00,437496,0
3057,Carlos Lopez,2026-07-18T00:00:00+02:00,435283,0
3057,Carlos Lopez,2026-07-19T00:00:00+02:00,433404,0
3057,Carlos Lopez,2026-07-20T00:00:00+02:00,432311,0
3057,Carlos Lopez,2026-07-21T00:00:00+02:00,432778,0
3057,Carlos Lopez,2026-07-22T00:00:00+02:00,428762,0
3057,Carlos Lopez,2026-07-23T00:00:00+02:00,426459,0
3057,Carlos Lopez,2026-07-24T00:00:00+02:00,423297,0
3057,Carlos Lopez,2026-07-25T00:00:00+02:00,421916,0
3057,Carlos Lopez,2026-07-26T00:00:00+02:00,421210,0
3057,Carlos Lopez,2026-07-27T00:00:00+02:00,420141,0
3057,Carlos Lopez,2026-07-28T00:00:00+02:00,420401,0
3057,Carlos Lopez,2026-07-29T00:00:00+02:00,417279,0
3057,Carlos Lopez,2026-07-30T00:00:00+02:00,415004,0
3057,Carlos Lopez,2026-07-31T00:00:00+02:00,419339,0
3057,Carlos Lopez,2026-08-01T00:00:00+02:00,416872,0
3057,Carlos Lopez,2026-08-02T00:00:00+02:00,415180,0
3057,Carlos Lopez,2026-08-03T00:00:00+02:00,412981,0
3057,Carlos Lopez,2026-08-04T00:00:00+02:00,410205,0
3057,Carlos Lopez,2026-08-05T00:00:00+02:00,407611,0
3057,Carlos Lopez,2026-08-06T00:00:00+02:00,404626,0
3057,Carlos Lopez,2026-08-07T00:00:00+02:00,401858,0
3057,Carlos Lopez,2026-08-08T00:00:00+02:00,399683,0
3057,Carlos Lopez,2026-08-09T00:00:00+02:00,398612,0
3057,Carlos Lopez,2026-08-10T00:00:00+02:00,397803,0
3057,Carlos Lopez,2026-08-11T00:00:00+02:00,395936,0
3057,Carlos Lopez,2026-08-12T00:00:00+02:00,393750,0
3057,Carlos Lopez,2026-08-13T00:00:00+02:00,390540,0
3057,Carlos Lopez,2026-08-14T00:00:00+02:00,386734,0
3057,Carlos Lopez,2026-08-15T00:00:00+02:00,384236,0
3057,Carlos Lopez,2026-08-16T00:00:00+02:00,383785,0
3061,Andrés,2026-06-29T00:00:00+02:00,400000,0
3061,Andrés,2026-06-30T00:00:00+02:00,400000,0
3061,Andrés,2026-07-01T00:00:00+02:00,400000,0
3061,Andrés,2026-07-02T00:00:00+02:00,400000,0
3061,Andrés,2026-07-03T00:00:00+02:00,400190,0
3061,Andrés,2026-07-04T00:00:00+02:00,400654,0
3061,Andrés,2026-07-05T00:00:00+02:00,401049,0
3109,Leo Román,2026-07-29T00:00:00+02:00,24681233,0
3109,Leo Román,2026-07-30T00:00:00+02:00,23871893,0
3109,Leo Román,2026-07-31T00:00:00+02:00,24149630,0
3109,Leo Román,2026-08-01T00:00:00+02:00,24915650,0
3109,Leo Román,2026-08-02T00:00:00+02:00,25793124,0
3109,Leo Román,2026-08-03T00:00:00+02:00,26667953,0
3109,Leo Román,2026-08-04T00:00:00+02:00,27575338,0
3109,Leo Román,2026-08-05T00:00:00+02:00,28632260,0
3109,Leo Román,2026-08-06T00:00:00+02:00,29452866,0
3109,Leo Román,2026-08-07T00:00:00+02:00,30516147,0
3109,Leo Román,2026-08-08T00:00:00+02:00,31556823,0
3109,Leo Román,2026-08-09T00:00:00+02:00,32507039,0
3109,Leo Román,2026-08-10T00:00:00+02:00,33401797,0
3109,Leo Román,2026-08-11T00:00:00+02:00,34087610,0
3109,Leo Román,2026-08-12T00:00:00+02:00,34731141,0
3109,Leo Román,2026-08-13T00:00:00+02:00,35188326,0
3109,Leo Román,2026-08-14T00:00:00+02:00,35887527,0
3109,Leo Román,2026-08-15T00:00:00+02:00,36472659,0
3109,Leo Román,2026-08-16T00:00:00+02:00,36829681,0
3130,Gulácsi,2026-08-11T00:00:00+02:00,4291779,0
3130,Gulácsi,2026-08-12T00:00:00+02:00,4149402,0
3130,Gulácsi,2026-08-13T00:00:00+02:00,4095423,0
3130,Gulácsi,2026-08-14T00:00:00+02:00,4156868,0
3130,Gulácsi,2026-08-15T00:00:00+02:00,4209497,0
3130,Gulácsi,2026-08-16T00:00:00+02:00,4252169,0
3141,Owono,2026-08-13T00:00:00+02:00,976861,0
3141,Owono,2026-08-14T00:00:00+02:00,949602,0
3141,Owono,2026-08-15T00:00:00+02:00,934184,0
3141,Owono,2026-08-16T00:00:00+02:00,919675,0
3160,A. Rodriguez,2026-08-14T00:00:00+02:00,1078164,0
3160,A. Rodriguez,2026-08-15T00:00:00+02:00,1048009,0
3160,A. Rodriguez,2026-08-16T00:00:00+02:00,1021007,0
67,Marcos Llorente,2026-06-29T00:00:00+02:00,50000000,0
67,Marcos Llorente,2026-06-30T00:00:00+02:00,50000000,0
67,Marcos Llorente,2026-07-01T00:00:00+02:00,50000000,0
67,Marcos Llorente,2026-07-02T00:00:00+02:00,50000000,0
67,Marcos Llorente,2026-07-03T00:00:00+02:00,50023749,0
67,Marcos Llorente,2026-07-04T00:00:00+02:00,50081799,0
67,Marcos Llorente,2026-07-05T00:00:00+02:00,50131277,0
67,Marcos Llorente,2026-07-06T00:00:00+02:00,50193171,0
67,Marcos Llorente,2026-07-07T00:00:00+02:00,50190578,0
67,Marcos Llorente,2026-07-08T00:00:00+02:00,50586399,0
67,Marcos Llorente,2026-07-09T00:00:00+02:00,50699373,0
67,Marcos Llorente,2026-07-10T00:00:00+02:00,51379483,0
67,Marcos Llorente,2026-07-11T00:00:00+02:00,52392569,0
67,Marcos Llorente,2026-07-12T00:00:00+02:00,53778849,0
67,Marcos Llorente,2026-07-13T00:00:00+02:00,54633364,0
67,Marcos Llorente,2026-07-14T00:00:00+02:00,55974589,0
67,Marcos Llorente,2026-07-15T00:00:00+02:00,57762800,0
67,Marcos Llorente,2026-07-16T00:00:00+02:00,59363507,0
67,Marcos Llorente,2026-07-17T00:00:00+02:00,61031905,0
67,Marcos Llorente,2026-07-18T00:00:00+02:00,62677421,0
67,Marcos Llorente,2026-07-19T00:00:00+02:00,63878990,0
67,Marcos Llorente,2026-07-20T00:00:00+02:00,64888558,0
67,Marcos Llorente,2026-07-21T00:00:00+02:00,65973899,0
67,Marcos Llorente,2026-07-22T00:00:00+02:00,66157661,0
67,Marcos Llorente,2026-07-23T00:00:00+02:00,66784565,0
67,Marcos Llorente,2026-07-24T00:00:00+02:00,67038987,0
67,Marcos Llorente,2026-07-25T00:00:00+02:00,67223460,0
67,Marcos Llorente,2026-07-26T00:00:00+02:00,67461406,0
67,Marcos Llorente,2026-07-27T00:00:00+02:00,67241893,0
67,Marcos Llorente,2026-07-28T00:00:00+02:00,66892588,0
67,Marcos Llorente,2026-07-29T00:00:00+02:00,65876604,0
67,Marcos Llorente,2026-07-30T00:00:00+02:00,64840050,0
67,Marcos Llorente,2026-07-31T00:00:00+02:00,63856529,0
67,Marcos Llorente,2026-08-01T00:00:00+02:00,62789308,0
67,Marcos Llorente,2026-08-02T00:00:00+02:00,61755369,0
67,Marcos Llorente,2026-08-03T00:00:00+02:00,60612679,0
67,Marcos Llorente,2026-08-04T00:00:00+02:00,59515059,0
67,Marcos Llorente,2026-08-05T00:00:00+02:00,58458871,0
67,Marcos Llorente,2026-08-06T00:00:00+02:00,57407239,0
67,Marcos Llorente,2026-08-07T00:00:00+02:00,56536797,0
67,Marcos Llorente,2026-08-08T00:00:00+02:00,55705641,0
67,Marcos Llorente,2026-08-09T00:00:00+02:00,54953767,0
67,Marcos Llorente,2026-08-10T00:00:00+02:00,54158509,0
67,Marcos Llorente,2026-08-11T00:00:00+02:00,53349924,0
67,Marcos Llorente,2026-08-12T00:00:00+02:00,52670586,0
67,Marcos Llorente,2026-08-13T00:00:00+02:00,51953618,0
67,Marcos Llorente,2026-08-14T00:00:00+02:00,51329824,0
67,Marcos Llorente,2026-08-15T00:00:00+02:00,50833617,0
67,Marcos Llorente,2026-08-16T00:00:00+02:00,50412682,0
74,Yuri,2026-06-29T00:00:00+02:00,18000000,0
74,Yuri,2026-06-30T00:00:00+02:00,18000000,0
74,Yuri,2026-07-01T00:00:00+02:00,18000000,0
74,Yuri,2026-07-02T00:00:00+02:00,18000000,0
74,Yuri,2026-07-03T00:00:00+02:00,18008549,0
74,Yuri,2026-07-04T00:00:00+02:00,18029447,0
74,Yuri,2026-07-05T00:00:00+02:00,18047259,0
74,Yuri,2026-07-22T00:00:00+02:00,17338664,0
74,Yuri,2026-07-23T00:00:00+02:00,16773836,0
74,Yuri,2026-07-24T00:00:00+02:00,16362319,0
74,Yuri,2026-07-25T00:00:00+02:00,16174998,0
74,Yuri,2026-07-26T00:00:00+02:00,16014592,0
74,Yuri,2026-07-27T00:00:00+02:00,15802016,0
74,Yuri,2026-07-28T00:00:00+02:00,15630945,0
74,Yuri,2026-07-29T00:00:00+02:00,15356890,0
74,Yuri,2026-07-30T00:00:00+02:00,15136403,0
74,Yuri,2026-07-31T00:00:00+02:00,14868814,0
74,Yuri,2026-08-01T00:00:00+02:00,14660403,0
74,Yuri,2026-08-02T00:00:00+02:00,14458167,0
74,Yuri,2026-08-03T00:00:00+02:00,14229895,0
74,Yuri,2026-08-04T00:00:00+02:00,14011498,0
74,Yuri,2026-08-05T00:00:00+02:00,13805425,0
74,Yuri,2026-08-06T00:00:00+02:00,13590428,0
74,Yuri,2026-08-07T00:00:00+02:00,13378649,0
74,Yuri,2026-08-08T00:00:00+02:00,13210252,0
74,Yuri,2026-08-09T00:00:00+02:00,13025290,0
74,Yuri,2026-08-10T00:00:00+02:00,12879729,0
74,Yuri,2026-08-11T00:00:00+02:00,12722953,0
74,Yuri,2026-08-12T00:00:00+02:00,12689123,0
74,Yuri,2026-08-13T00:00:00+02:00,12594754,0
74,Yuri,2026-08-14T00:00:00+02:00,12534927,0
74,Yuri,2026-08-15T00:00:00+02:00,12512578,0
74,Yuri,2026-08-16T00:00:00+02:00,12494580,0
77,Yeray,2026-06-29T00:00:00+02:00,5100000,0
77,Yeray,2026-06-30T00:00:00+02:00,5100000,0
77,Yeray,2026-07-01T00:00:00+02:00,5100000,0
77,Yeray,2026-07-02T00:00:00+02:00,5100000,0
77,Yeray,2026-07-03T00:00:00+02:00,5102422,0
77,Yeray,2026-07-04T00:00:00+02:00,4908826,0
77,Yeray,2026-07-05T00:00:00+02:00,4913675,0
77,Yeray,2026-07-22T00:00:00+02:00,4739993,0
77,Yeray,2026-07-23T00:00:00+02:00,4585582,0
77,Yeray,2026-07-24T00:00:00+02:00,4464851,0
77,Yeray,2026-07-25T00:00:00+02:00,4406011,0
77,Yeray,2026-07-26T00:00:00+02:00,4353128,0
77,Yeray,2026-07-27T00:00:00+02:00,4287469,0
77,Yeray,2026-07-28T00:00:00+02:00,4221807,0
77,Yeray,2026-07-29T00:00:00+02:00,4140003,0
77,Yeray,2026-07-30T00:00:00+02:00,4071169,0
77,Yeray,2026-07-31T00:00:00+02:00,4009871,0
77,Yeray,2026-08-01T00:00:00+02:00,3994571,0
77,Yeray,2026-08-02T00:00:00+02:00,3978101,0
77,Yeray,2026-08-03T00:00:00+02:00,3967978,0
77,Yeray,2026-08-04T00:00:00+02:00,3978456,0
77,Yeray,2026-08-05T00:00:00+02:00,3993590,0
77,Yeray,2026-08-06T00:00:00+02:00,4024417,0
77,Yeray,2026-08-07T00:00:00+02:00,4091965,0
77,Yeray,2026-08-08T00:00:00+02:00,4149568,0
77,Yeray,2026-08-09T00:00:00+02:00,4212391,0
77,Yeray,2026-08-10T00:00:00+02:00,4278560,0
77,Yeray,2026-08-11T00:00:00+02:00,4353954,0
77,Yeray,2026-08-12T00:00:00+02:00,4432709,0
77,Yeray,2026-08-13T00:00:00+02:00,4493439,0
77,Yeray,2026-08-14T00:00:00+02:00,4563860,0
77,Yeray,2026-08-15T00:00:00+02:00,4650953,0
77,Yeray,2026-08-16T00:00:00+02:00,4711880,0
121,Bartra,2026-06-29T00:00:00+02:00,20000000,0
121,Bartra,2026-06-30T00:00:00+02:00,20000000,0
121,Bartra,2026-07-01T00:00:00+02:00,20000000,0
121,Bartra,2026-07-02T00:00:00+02:00,20000000,0
121,Bartra,2026-07-03T00:00:00+02:00,20009499,0
121,Bartra,2026-07-04T00:00:00+02:00,20032719,0
121,Bartra,2026-07-05T00:00:00+02:00,20052510,0
121,Bartra,2026-07-06T00:00:00+02:00,20077267,0
121,Bartra,2026-07-07T00:00:00+02:00,20076230,0
121,Bartra,2026-07-08T00:00:00+02:00,19965090,0
121,Bartra,2026-07-09T00:00:00+02:00,19812137,0
121,Bartra,2026-07-10T00:00:00+02:00,19722328,0
121,Bartra,2026-07-11T00:00:00+02:00,19565231,0
121,Bartra,2026-07-12T00:00:00+02:00,19500307,0
121,Bartra,2026-07-13T00:00:00+02:00,19529231,0
121,Bartra,2026-07-14T00:00:00+02:00,19579459,0
121,Bartra,2026-07-15T00:00:00+02:00,19580164,0
121,Bartra,2026-07-16T00:00:00+02:00,19736955,0
121,Bartra,2026-07-17T00:00:00+02:00,19989410,0
121,Bartra,2026-07-18T00:00:00+02:00,20256224,0
121,Bartra,2026-07-19T00:00:00+02:00,20702481,0
121,Bartra,2026-07-20T00:00:00+02:00,21031822,0
121,Bartra,2026-07-21T00:00:00+02:00,21510263,0
121,Bartra,2026-07-22T00:00:00+02:00,21622742,0
121,Bartra,2026-07-23T00:00:00+02:00,21993757,0
121,Bartra,2026-07-24T00:00:00+02:00,22201492,0
121,Bartra,2026-07-25T00:00:00+02:00,22580140,0
121,Bartra,2026-07-26T00:00:00+02:00,22946440,0
121,Bartra,2026-07-27T00:00:00+02:00,23228582,0
121,Bartra,2026-07-28T00:00:00+02:00,23606397,0
121,Bartra,2026-07-29T00:00:00+02:00,23812094,0
121,Bartra,2026-07-30T00:00:00+02:00,24087270,0
121,Bartra,2026-07-31T00:00:00+02:00,24261851,0
121,Bartra,2026-08-01T00:00:00+02:00,24594923,0
121,Bartra,2026-08-02T00:00:00+02:00,24955177,0
121,Bartra,2026-08-03T00:00:00+02:00,25263503,0
121,Bartra,2026-08-04T00:00:00+02:00,25570691,0
121,Bartra,2026-08-05T00:00:00+02:00,25804461,0
121,Bartra,2026-08-06T00:00:00+02:00,26018854,0
121,Bartra,2026-08-07T00:00:00+02:00,26320814,0
121,Bartra,2026-08-08T00:00:00+02:00,26635176,0
121,Bartra,2026-08-09T00:00:00+02:00,26948492,0
121,Bartra,2026-08-10T00:00:00+02:00,27206681,0
121,Bartra,2026-08-11T00:00:00+02:00,27501903,0
121,Bartra,2026-08-12T00:00:00+02:00,27722984,0
121,Bartra,2026-08-13T00:00:00+02:00,27799436,0
121,Bartra,2026-08-14T00:00:00+02:00,27860298,0
121,Bartra,2026-08-15T00:00:00+02:00,27924494,0
121,Bartra,2026-08-16T00:00:00+02:00,27886319,0
255,Le Normand,2026-06-29T00:00:00+02:00,14400000,0
255,Le Normand,2026-06-30T00:00:00+02:00,14400000,0
255,Le Normand,2026-07-01T00:00:00+02:00,14400000,0
255,Le Normand,2026-07-02T00:00:00+02:00,14400000,0
255,Le Normand,2026-07-03T00:00:00+02:00,14406839,0
255,Le Normand,2026-07-04T00:00:00+02:00,14423557,0
255,Le Normand,2026-07-05T00:00:00+02:00,14437806,0
255,Le Normand,2026-07-06T00:00:00+02:00,13890060,0
255,Le Normand,2026-07-07T00:00:00+02:00,13889342,0
255,Le Normand,2026-07-08T00:00:00+02:00,13672999,0
255,Le Normand,2026-07-09T00:00:00+02:00,13713221,0
255,Le Normand,2026-07-10T00:00:00+02:00,13639710,0
255,Le Normand,2026-07-11T00:00:00+02:00,13641550,0
255,Le Normand,2026-07-12T00:00:00+02:00,13526896,0
255,Le Normand,2026-07-13T00:00:00+02:00,13427224,0
255,Le Normand,2026-07-14T00:00:00+02:00,13355321,0
255,Le Normand,2026-07-15T00:00:00+02:00,13251522,0
255,Le Normand,2026-07-16T00:00:00+02:00,13124102,0
255,Le Normand,2026-07-17T00:00:00+02:00,13006957,0
255,Le Normand,2026-07-18T00:00:00+02:00,12952961,0
255,Le Normand,2026-07-19T00:00:00+02:00,12830199,0
255,Le Normand,2026-07-20T00:00:00+02:00,12717524,0
255,Le Normand,2026-07-21T00:00:00+02:00,12585106,0
255,Le Normand,2026-07-22T00:00:00+02:00,12396650,0
255,Le Normand,2026-07-23T00:00:00+02:00,12363415,0
255,Le Normand,2026-07-24T00:00:00+02:00,12219370,0
255,Le Normand,2026-07-25T00:00:00+02:00,12082586,0
255,Le Normand,2026-07-26T00:00:00+02:00,11950074,0
255,Le Normand,2026-07-27T00:00:00+02:00,11766697,0
255,Le Normand,2026-07-28T00:00:00+02:00,11628468,0
255,Le Normand,2026-07-29T00:00:00+02:00,11421987,0
255,Le Normand,2026-07-30T00:00:00+02:00,11298063,0
255,Le Normand,2026-07-31T00:00:00+02:00,11140739,0
255,Le Normand,2026-08-01T00:00:00+02:00,11046142,0
255,Le Normand,2026-08-02T00:00:00+02:00,10949605,0
255,Le Normand,2026-08-03T00:00:00+02:00,10825748,0
255,Le Normand,2026-08-04T00:00:00+02:00,10703044,0
255,Le Normand,2026-08-05T00:00:00+02:00,10639114,0
255,Le Normand,2026-08-06T00:00:00+02:00,10527548,0
255,Le Normand,2026-08-07T00:00:00+02:00,10395487,0
255,Le Normand,2026-08-08T00:00:00+02:00,10289850,0
255,Le Normand,2026-08-09T00:00:00+02:00,10226235,0
255,Le Normand,2026-08-10T00:00:00+02:00,10138900,0
255,Le Normand,2026-08-11T00:00:00+02:00,10033279,0
255,Le Normand,2026-08-12T00:00:00+02:00,9935530,0
255,Le Normand,2026-08-13T00:00:00+02:00,9831352,0
255,Le Normand,2026-08-14T00:00:00+02:00,9825231,0
255,Le Normand,2026-08-15T00:00:00+02:00,9983705,0
255,Le Normand,2026-08-16T00:00:00+02:00,10144161,0
265,Zubeldia,2026-06-29T00:00:00+02:00,14000000,0
265,Zubeldia,2026-06-30T00:00:00+02:00,14000000,0
265,Zubeldia,2026-07-01T00:00:00+02:00,14000000,0
265,Zubeldia,2026-07-02T00:00:00+02:00,14000000,0
265,Zubeldia,2026-07-03T00:00:00+02:00,14006649,0
265,Zubeldia,2026-07-04T00:00:00+02:00,14022903,0
265,Zubeldia,2026-07-05T00:00:00+02:00,14036756,0
265,Zubeldia,2026-07-06T00:00:00+02:00,14054086,0
265,Zubeldia,2026-07-07T00:00:00+02:00,14053360,0
265,Zubeldia,2026-07-08T00:00:00+02:00,13831837,0
265,Zubeldia,2026-07-09T00:00:00+02:00,13814391,0
265,Zubeldia,2026-07-10T00:00:00+02:00,13761480,0
265,Zubeldia,2026-07-11T00:00:00+02:00,13545697,0
265,Zubeldia,2026-07-12T00:00:00+02:00,13353754,0
265,Zubeldia,2026-07-13T00:00:00+02:00,13187759,0
265,Zubeldia,2026-07-14T00:00:00+02:00,12972775,0
265,Zubeldia,2026-07-15T00:00:00+02:00,12773171,0
265,Zubeldia,2026-07-16T00:00:00+02:00,12640142,0
265,Zubeldia,2026-07-17T00:00:00+02:00,12492584,0
265,Zubeldia,2026-07-18T00:00:00+02:00,12332055,0
265,Zubeldia,2026-07-19T00:00:00+02:00,12172144,0
265,Zubeldia,2026-07-20T00:00:00+02:00,12015174,0
265,Zubeldia,2026-07-21T00:00:00+02:00,11820519,0
265,Zubeldia,2026-07-22T00:00:00+02:00,11576715,0
265,Zubeldia,2026-07-23T00:00:00+02:00,11400839,0
265,Zubeldia,2026-07-24T00:00:00+02:00,11301185,0
265,Zubeldia,2026-07-25T00:00:00+02:00,11141776,0
265,Zubeldia,2026-07-26T00:00:00+02:00,10978056,0
265,Zubeldia,2026-07-27T00:00:00+02:00,10820310,0
265,Zubeldia,2026-07-28T00:00:00+02:00,10716471,0
265,Zubeldia,2026-07-29T00:00:00+02:00,10570003,0
265,Zubeldia,2026-07-30T00:00:00+02:00,10482641,0
265,Zubeldia,2026-07-31T00:00:00+02:00,10367513,0
265,Zubeldia,2026-08-01T00:00:00+02:00,10265131,0
265,Zubeldia,2026-08-02T00:00:00+02:00,10195900,0
265,Zubeldia,2026-08-03T00:00:00+02:00,10150591,0
265,Zubeldia,2026-08-04T00:00:00+02:00,10118797,0
265,Zubeldia,2026-08-05T00:00:00+02:00,10047822,0
265,Zubeldia,2026-08-06T00:00:00+02:00,9939614,0
265,Zubeldia,2026-08-07T00:00:00+02:00,9849106,0
265,Zubeldia,2026-08-08T00:00:00+02:00,9814160,0
265,Zubeldia,2026-08-09T00:00:00+02:00,9769997,0
265,Zubeldia,2026-08-10T00:00:00+02:00,9750189,0
265,Zubeldia,2026-08-11T00:00:00+02:00,9718124,0
265,Zubeldia,2026-08-12T00:00:00+02:00,9729809,0
265,Zubeldia,2026-08-13T00:00:00+02:00,9760868,0
265,Zubeldia,2026-08-14T00:00:00+02:00,9837827,0
265,Zubeldia,2026-08-15T00:00:00+02:00,9937308,0
265,Zubeldia,2026-08-16T00:00:00+02:00,10047248,0
302,Gayá,2026-06-29T00:00:00+02:00,18000000,0
302,Gayá,2026-06-30T00:00:00+02:00,18000000,0
302,Gayá,2026-07-01T00:00:00+02:00,18000000,0
302,Gayá,2026-07-02T00:00:00+02:00,18000000,0
302,Gayá,2026-07-03T00:00:00+02:00,18008549,0
302,Gayá,2026-07-04T00:00:00+02:00,18029447,0
302,Gayá,2026-07-05T00:00:00+02:00,18047259,0
302,Gayá,2026-07-06T00:00:00+02:00,18069541,0
302,Gayá,2026-07-07T00:00:00+02:00,18068607,0
302,Gayá,2026-07-08T00:00:00+02:00,17708038,0
302,Gayá,2026-07-09T00:00:00+02:00,17478896,0
302,Gayá,2026-07-10T00:00:00+02:00,17163323,0
302,Gayá,2026-07-11T00:00:00+02:00,16889785,0
302,Gayá,2026-07-12T00:00:00+02:00,16752178,0
302,Gayá,2026-07-13T00:00:00+02:00,16554604,0
302,Gayá,2026-07-14T00:00:00+02:00,16379331,0
302,Gayá,2026-07-15T00:00:00+02:00,16147036,0
302,Gayá,2026-07-16T00:00:00+02:00,15936560,0
302,Gayá,2026-07-17T00:00:00+02:00,15689226,0
302,Gayá,2026-07-18T00:00:00+02:00,15532599,0
302,Gayá,2026-07-19T00:00:00+02:00,15350134,0
302,Gayá,2026-07-20T00:00:00+02:00,15156004,0
302,Gayá,2026-07-21T00:00:00+02:00,14928940,0
302,Gayá,2026-07-22T00:00:00+02:00,14604717,0
302,Gayá,2026-07-23T00:00:00+02:00,14477496,0
302,Gayá,2026-07-24T00:00:00+02:00,14237385,0
302,Gayá,2026-07-25T00:00:00+02:00,14066717,0
302,Gayá,2026-07-26T00:00:00+02:00,13823726,0
302,Gayá,2026-07-27T00:00:00+02:00,13581294,0
302,Gayá,2026-07-28T00:00:00+02:00,13395855,0
302,Gayá,2026-07-29T00:00:00+02:00,13151292,0
302,Gayá,2026-07-30T00:00:00+02:00,13029865,0
302,Gayá,2026-07-31T00:00:00+02:00,12833956,0
302,Gayá,2026-08-01T00:00:00+02:00,12679520,0
302,Gayá,2026-08-02T00:00:00+02:00,12562580,0
302,Gayá,2026-08-03T00:00:00+02:00,12396324,0
302,Gayá,2026-08-04T00:00:00+02:00,12304276,0
302,Gayá,2026-08-05T00:00:00+02:00,12137124,0
302,Gayá,2026-08-06T00:00:00+02:00,11955695,0
302,Gayá,2026-08-07T00:00:00+02:00,11783376,0
302,Gayá,2026-08-08T00:00:00+02:00,11645367,0
302,Gayá,2026-08-09T00:00:00+02:00,11541968,0
302,Gayá,2026-08-10T00:00:00+02:00,11421020,0
302,Gayá,2026-08-11T00:00:00+02:00,11330023,0
302,Gayá,2026-08-12T00:00:00+02:00,11261908,0
302,Gayá,2026-08-13T00:00:00+02:00,11145619,0
302,Gayá,2026-08-14T00:00:00+02:00,11037976,0
302,Gayá,2026-08-15T00:00:00+02:00,10978340,0
302,Gayá,2026-08-16T00:00:00+02:00,10919145,0
673,Domingos Duarte,2026-06-29T00:00:00+02:00,8000000,0
673,Domingos Duarte,2026-06-30T00:00:00+02:00,8000000,0
673,Domingos Duarte,2026-07-01T00:00:00+02:00,8000000,0
673,Domingos Duarte,2026-07-02T00:00:00+02:00,8000000,0
673,Domingos Duarte,2026-07-03T00:00:00+02:00,8003799,0
673,Domingos Duarte,2026-07-04T00:00:00+02:00,8013087,0
673,Domingos Duarte,2026-07-05T00:00:00+02:00,8021003,0
1033,Catena,2026-06-29T00:00:00+02:00,30000000,0
1033,Catena,2026-06-30T00:00:00+02:00,30000000,0
1033,Catena,2026-07-01T00:00:00+02:00,30000000,0
1033,Catena,2026-07-02T00:00:00+02:00,30000000,0
1033,Catena,2026-07-03T00:00:00+02:00,30014249,0
1033,Catena,2026-07-04T00:00:00+02:00,30049079,0
1033,Catena,2026-07-05T00:00:00+02:00,30078766,0
1033,Catena,2026-07-06T00:00:00+02:00,30115902,0
1033,Catena,2026-07-07T00:00:00+02:00,30114346,0
1033,Catena,2026-07-08T00:00:00+02:00,29747835,0
1033,Catena,2026-07-09T00:00:00+02:00,29824962,0
1033,Catena,2026-07-10T00:00:00+02:00,30089833,0
1033,Catena,2026-07-11T00:00:00+02:00,30221162,0
1033,Catena,2026-07-12T00:00:00+02:00,30721975,0
1033,Catena,2026-07-13T00:00:00+02:00,31218460,0
1033,Catena,2026-07-14T00:00:00+02:00,31834730,0
1033,Catena,2026-07-15T00:00:00+02:00,32422471,0
1033,Catena,2026-07-16T00:00:00+02:00,33197438,0
1033,Catena,2026-07-17T00:00:00+02:00,33834041,0
1033,Catena,2026-07-18T00:00:00+02:00,34459341,0
1033,Catena,2026-07-19T00:00:00+02:00,35227162,0
1033,Catena,2026-07-20T00:00:00+02:00,35828024,0
1033,Catena,2026-07-21T00:00:00+02:00,36626675,0
1033,Catena,2026-07-22T00:00:00+02:00,36899160,0
1033,Catena,2026-07-23T00:00:00+02:00,37460718,0
1033,Catena,2026-07-24T00:00:00+02:00,38003248,0
1033,Catena,2026-07-25T00:00:00+02:00,38797869,0
1033,Catena,2026-07-26T00:00:00+02:00,39563428,0
1033,Catena,2026-07-27T00:00:00+02:00,40314646,0
1033,Catena,2026-07-28T00:00:00+02:00,40793993,0
1033,Catena,2026-07-29T00:00:00+02:00,40906403,0
1033,Catena,2026-07-30T00:00:00+02:00,40913907,0
1033,Catena,2026-07-31T00:00:00+02:00,40598080,0
1033,Catena,2026-08-01T00:00:00+02:00,40160963,0
1033,Catena,2026-08-02T00:00:00+02:00,39597717,0
1033,Catena,2026-08-03T00:00:00+02:00,38908968,0
1033,Catena,2026-08-04T00:00:00+02:00,38476291,0
1033,Catena,2026-08-05T00:00:00+02:00,38023070,0
1033,Catena,2026-08-06T00:00:00+02:00,37552967,0
1033,Catena,2026-08-07T00:00:00+02:00,37089743,0
1033,Catena,2026-08-08T00:00:00+02:00,36660924,0
1033,Catena,2026-08-09T00:00:00+02:00,36160270,0
1033,Catena,2026-08-10T00:00:00+02:00,35765188,0
1033,Catena,2026-08-11T00:00:00+02:00,35400290,0
1033,Catena,2026-08-12T00:00:00+02:00,35051625,0
1033,Catena,2026-08-13T00:00:00+02:00,34672697,0
1033,Catena,2026-08-14T00:00:00+02:00,34369935,0
1033,Catena,2026-08-15T00:00:00+02:00,34132720,0
1033,Catena,2026-08-16T00:00:00+02:00,33949160,0
1056,Pedrosa,2026-06-29T00:00:00+02:00,3300000,0
1056,Pedrosa,2026-06-30T00:00:00+02:00,3300000,0
1056,Pedrosa,2026-07-01T00:00:00+02:00,3300000,0
1056,Pedrosa,2026-07-02T00:00:00+02:00,3300000,0
1056,Pedrosa,2026-07-03T00:00:00+02:00,3301567,0
1056,Pedrosa,2026-07-04T00:00:00+02:00,3305398,0
1056,Pedrosa,2026-07-05T00:00:00+02:00,3308663,0
1121,Balliu,2026-06-29T00:00:00+02:00,1500000,0
1121,Balliu,2026-06-30T00:00:00+02:00,1500000,0
1121,Balliu,2026-07-01T00:00:00+02:00,1500000,0
1121,Balliu,2026-07-02T00:00:00+02:00,1500000,0
1121,Balliu,2026-07-03T00:00:00+02:00,1500712,0
1121,Balliu,2026-07-04T00:00:00+02:00,1502453,0
1121,Balliu,2026-07-05T00:00:00+02:00,1503937,0
1121,Balliu,2026-07-06T00:00:00+02:00,1505793,0
1121,Balliu,2026-07-07T00:00:00+02:00,1505715,0
1121,Balliu,2026-07-08T00:00:00+02:00,1463359,0
1121,Balliu,2026-07-09T00:00:00+02:00,1434281,0
1121,Balliu,2026-07-10T00:00:00+02:00,1398584,0
1121,Balliu,2026-07-11T00:00:00+02:00,1368992,0
1121,Balliu,2026-07-12T00:00:00+02:00,1334438,0
1121,Balliu,2026-07-13T00:00:00+02:00,1305213,0
1121,Balliu,2026-07-14T00:00:00+02:00,1275434,0
1121,Balliu,2026-07-15T00:00:00+02:00,1243686,0
1121,Balliu,2026-07-16T00:00:00+02:00,1213384,0
1121,Balliu,2026-07-17T00:00:00+02:00,1185967,0
1121,Balliu,2026-07-18T00:00:00+02:00,1161447,0
1121,Balliu,2026-07-19T00:00:00+02:00,1136559,0
1121,Balliu,2026-07-20T00:00:00+02:00,1111679,0
1121,Balliu,2026-07-21T00:00:00+02:00,1088130,0
1121,Balliu,2026-07-22T00:00:00+02:00,1060642,0
1121,Balliu,2026-07-23T00:00:00+02:00,1037765,0
1121,Balliu,2026-07-24T00:00:00+02:00,1016739,0
1121,Balliu,2026-07-25T00:00:00+02:00,994058,0
1121,Balliu,2026-07-26T00:00:00+02:00,974626,0
1121,Balliu,2026-07-27T00:00:00+02:00,957185,0
1121,Balliu,2026-07-28T00:00:00+02:00,938250,0
1121,Balliu,2026-07-29T00:00:00+02:00,916734,0
1121,Balliu,2026-07-30T00:00:00+02:00,897238,0
1121,Balliu,2026-07-31T00:00:00+02:00,876004,0
1121,Balliu,2026-08-01T00:00:00+02:00,857460,0
1121,Balliu,2026-08-02T00:00:00+02:00,839808,0
1121,Balliu,2026-08-03T00:00:00+02:00,825642,0
1121,Balliu,2026-08-04T00:00:00+02:00,822969,0
1121,Balliu,2026-08-05T00:00:00+02:00,821540,0
1121,Balliu,2026-08-06T00:00:00+02:00,818684,0
1121,Balliu,2026-08-07T00:00:00+02:00,817257,0
1121,Balliu,2026-08-08T00:00:00+02:00,818359,0
1121,Balliu,2026-08-09T00:00:00+02:00,824065,0
1121,Balliu,2026-08-10T00:00:00+02:00,830974,0
1121,Balliu,2026-08-11T00:00:00+02:00,849390,0
1121,Balliu,2026-08-12T00:00:00+02:00,869252,0
1121,Balliu,2026-08-13T00:00:00+02:00,885116,0
1121,Balliu,2026-08-14T00:00:00+02:00,909545,0
1121,Balliu,2026-08-15T00:00:00+02:00,943072,0
1121,Balliu,2026-08-16T00:00:00+02:00,968786,0
1147,Juan Iglesias,2026-06-29T00:00:00+02:00,12500000,0
1147,Juan Iglesias,2026-06-30T00:00:00+02:00,12500000,0
1147,Juan Iglesias,2026-07-01T00:00:00+02:00,12500000,0
1147,Juan Iglesias,2026-07-02T00:00:00+02:00,12500000,0
1147,Juan Iglesias,2026-07-03T00:00:00+02:00,12505937,0
1147,Juan Iglesias,2026-07-04T00:00:00+02:00,12520449,0
1147,Juan Iglesias,2026-07-05T00:00:00+02:00,12532818,0
1147,Juan Iglesias,2026-08-13T00:00:00+02:00,12047221,0
1147,Juan Iglesias,2026-08-14T00:00:00+02:00,11636499,0
1147,Juan Iglesias,2026-08-15T00:00:00+02:00,11711067,0
1147,Juan Iglesias,2026-08-16T00:00:00+02:00,11807962,0
1218,Álex Balde,2026-06-29T00:00:00+02:00,19200000,0
1218,Álex Balde,2026-06-30T00:00:00+02:00,19200000,0
1218,Álex Balde,2026-07-01T00:00:00+02:00,19200000,0
1218,Álex Balde,2026-07-02T00:00:00+02:00,19200000,0
1218,Álex Balde,2026-07-03T00:00:00+02:00,19209119,0
1218,Álex Balde,2026-07-04T00:00:00+02:00,19231410,0
1218,Álex Balde,2026-07-05T00:00:00+02:00,19250409,0
1218,Álex Balde,2026-07-06T00:00:00+02:00,19274176,0
1218,Álex Balde,2026-07-07T00:00:00+02:00,19273180,0
1218,Álex Balde,2026-07-08T00:00:00+02:00,19072413,0
1218,Álex Balde,2026-07-09T00:00:00+02:00,19150228,0
1218,Álex Balde,2026-07-10T00:00:00+02:00,19477026,0
1218,Álex Balde,2026-07-11T00:00:00+02:00,19640586,0
1218,Álex Balde,2026-07-12T00:00:00+02:00,20004600,0
1218,Álex Balde,2026-07-13T00:00:00+02:00,20407882,0
1218,Álex Balde,2026-07-14T00:00:00+02:00,20850463,0
1218,Álex Balde,2026-07-15T00:00:00+02:00,21186031,0
1218,Álex Balde,2026-07-16T00:00:00+02:00,21784457,0
1218,Álex Balde,2026-07-17T00:00:00+02:00,22293826,0
1218,Álex Balde,2026-07-18T00:00:00+02:00,23073572,0
1218,Álex Balde,2026-07-19T00:00:00+02:00,23676435,0
1218,Álex Balde,2026-07-20T00:00:00+02:00,24188026,0
1218,Álex Balde,2026-07-21T00:00:00+02:00,24927351,0
1218,Álex Balde,2026-07-22T00:00:00+02:00,25223156,0
1218,Álex Balde,2026-07-23T00:00:00+02:00,25981061,0
1218,Álex Balde,2026-07-24T00:00:00+02:00,26449593,0
1218,Álex Balde,2026-07-25T00:00:00+02:00,27274526,0
1218,Álex Balde,2026-07-26T00:00:00+02:00,28039708,0
1218,Álex Balde,2026-07-27T00:00:00+02:00,28567912,0
1218,Álex Balde,2026-07-28T00:00:00+02:00,28861507,0
1218,Álex Balde,2026-07-29T00:00:00+02:00,28711991,0
1218,Álex Balde,2026-07-30T00:00:00+02:00,28331050,0
1218,Álex Balde,2026-07-31T00:00:00+02:00,27827668,0
1218,Álex Balde,2026-08-01T00:00:00+02:00,27325663,0
1218,Álex Balde,2026-08-02T00:00:00+02:00,26884368,0
1218,Álex Balde,2026-08-03T00:00:00+02:00,26676124,0
1218,Álex Balde,2026-08-04T00:00:00+02:00,26355798,0
1218,Álex Balde,2026-08-05T00:00:00+02:00,25809070,0
1218,Álex Balde,2026-08-06T00:00:00+02:00,25227450,0
1218,Álex Balde,2026-08-07T00:00:00+02:00,24660093,0
1218,Álex Balde,2026-08-08T00:00:00+02:00,24161979,0
1218,Álex Balde,2026-08-09T00:00:00+02:00,23664983,0
1218,Álex Balde,2026-08-10T00:00:00+02:00,23303638,0
1218,Álex Balde,2026-08-11T00:00:00+02:00,23105353,0
1218,Álex Balde,2026-08-12T00:00:00+02:00,23004974,0
1218,Álex Balde,2026-08-13T00:00:00+02:00,22889642,0
1218,Álex Balde,2026-08-14T00:00:00+02:00,22882773,0
1218,Álex Balde,2026-08-15T00:00:00+02:00,23078323,0
1218,Álex Balde,2026-08-16T00:00:00+02:00,23283990,0
1251,Carmona,2026-06-29T00:00:00+02:00,6000000,0
1251,Carmona,2026-06-30T00:00:00+02:00,6000000,0
1251,Carmona,2026-07-01T00:00:00+02:00,6000000,0
1251,Carmona,2026-07-02T00:00:00+02:00,6000000,0
1251,Carmona,2026-07-03T00:00:00+02:00,6002849,0
1251,Carmona,2026-07-04T00:00:00+02:00,6009815,0
1251,Carmona,2026-07-05T00:00:00+02:00,6015752,0
1251,Carmona,2026-07-06T00:00:00+02:00,6023179,0
1251,Carmona,2026-07-07T00:00:00+02:00,6022867,0
1251,Carmona,2026-07-08T00:00:00+02:00,6198985,0
1251,Carmona,2026-07-09T00:00:00+02:00,6260871,0
1251,Carmona,2026-07-10T00:00:00+02:00,6380444,0
1251,Carmona,2026-07-11T00:00:00+02:00,6450240,0
1251,Carmona,2026-07-12T00:00:00+02:00,6424185,0
1251,Carmona,2026-07-13T00:00:00+02:00,6345017,0
1251,Carmona,2026-07-14T00:00:00+02:00,6243853,0
1251,Carmona,2026-07-15T00:00:00+02:00,6152369,0
1251,Carmona,2026-07-16T00:00:00+02:00,6056762,0
1251,Carmona,2026-07-17T00:00:00+02:00,5949798,0
1251,Carmona,2026-07-18T00:00:00+02:00,5853289,0
1251,Carmona,2026-07-19T00:00:00+02:00,5776154,0
1251,Carmona,2026-07-20T00:00:00+02:00,5682758,0
1251,Carmona,2026-07-21T00:00:00+02:00,5610190,0
1251,Carmona,2026-07-22T00:00:00+02:00,5498789,0
1251,Carmona,2026-07-23T00:00:00+02:00,5443425,0
1251,Carmona,2026-07-24T00:00:00+02:00,5363736,0
1251,Carmona,2026-07-25T00:00:00+02:00,5303031,0
1251,Carmona,2026-07-26T00:00:00+02:00,5235640,0
1251,Carmona,2026-07-27T00:00:00+02:00,5170370,0
1251,Carmona,2026-07-28T00:00:00+02:00,5133027,0
1251,Carmona,2026-07-29T00:00:00+02:00,5055215,0
1251,Carmona,2026-07-30T00:00:00+02:00,4996832,0
1251,Carmona,2026-07-31T00:00:00+02:00,4929052,0
1251,Carmona,2026-08-01T00:00:00+02:00,4860984,0
1251,Carmona,2026-08-02T00:00:00+02:00,4809223,0
1251,Carmona,2026-08-03T00:00:00+02:00,4764994,0
1251,Carmona,2026-08-04T00:00:00+02:00,4708405,0
1251,Carmona,2026-08-05T00:00:00+02:00,4667199,0
1251,Carmona,2026-08-06T00:00:00+02:00,4616608,0
1251,Carmona,2026-08-07T00:00:00+02:00,4573292,0
1251,Carmona,2026-08-08T00:00:00+02:00,4537234,0
1251,Carmona,2026-08-09T00:00:00+02:00,4505616,0
1251,Carmona,2026-08-10T00:00:00+02:00,4472138,0
1251,Carmona,2026-08-11T00:00:00+02:00,4444128,0
1251,Carmona,2026-08-12T00:00:00+02:00,4411978,0
1251,Carmona,2026-08-13T00:00:00+02:00,4378551,0
1251,Carmona,2026-08-14T00:00:00+02:00,4364927,0
1251,Carmona,2026-08-15T00:00:00+02:00,4357019,0
1251,Carmona,2026-08-16T00:00:00+02:00,4337315,0
1337,Tenaglia,2026-06-29T00:00:00+02:00,18000000,0
1337,Tenaglia,2026-06-30T00:00:00+02:00,18000000,0
1337,Tenaglia,2026-07-01T00:00:00+02:00,18000000,0
1337,Tenaglia,2026-07-02T00:00:00+02:00,18000000,0
1337,Tenaglia,2026-07-03T00:00:00+02:00,18008549,0
1337,Tenaglia,2026-07-04T00:00:00+02:00,18029447,0
1337,Tenaglia,2026-07-05T00:00:00+02:00,18047259,0
1337,Tenaglia,2026-07-06T00:00:00+02:00,18069541,0
1337,Tenaglia,2026-07-07T00:00:00+02:00,18068607,0
1337,Tenaglia,2026-07-08T00:00:00+02:00,17849505,0
1337,Tenaglia,2026-07-09T00:00:00+02:00,17729267,0
1337,Tenaglia,2026-07-10T00:00:00+02:00,17642632,0
1337,Tenaglia,2026-07-11T00:00:00+02:00,17583059,0
1337,Tenaglia,2026-07-12T00:00:00+02:00,17438602,0
1337,Tenaglia,2026-07-13T00:00:00+02:00,17325739,0
1337,Tenaglia,2026-07-14T00:00:00+02:00,17181299,0
1337,Tenaglia,2026-07-15T00:00:00+02:00,17101687,0
1337,Tenaglia,2026-07-16T00:00:00+02:00,16973234,0
1337,Tenaglia,2026-07-17T00:00:00+02:00,16838595,0
1337,Tenaglia,2026-07-18T00:00:00+02:00,16762471,0
1337,Tenaglia,2026-07-19T00:00:00+02:00,16680108,0
1337,Tenaglia,2026-07-20T00:00:00+02:00,16639095,0
1337,Tenaglia,2026-07-21T00:00:00+02:00,16483543,0
1337,Tenaglia,2026-07-22T00:00:00+02:00,16263479,0
1337,Tenaglia,2026-07-23T00:00:00+02:00,16108256,0
1337,Tenaglia,2026-07-24T00:00:00+02:00,15959254,0
1337,Tenaglia,2026-07-25T00:00:00+02:00,15813680,0
1337,Tenaglia,2026-07-26T00:00:00+02:00,15738362,0
1337,Tenaglia,2026-07-27T00:00:00+02:00,15561962,0
1337,Tenaglia,2026-07-28T00:00:00+02:00,15438373,0
1337,Tenaglia,2026-07-29T00:00:00+02:00,15261557,0
1337,Tenaglia,2026-07-30T00:00:00+02:00,15161491,0
1337,Tenaglia,2026-07-31T00:00:00+02:00,15078549,0
1337,Tenaglia,2026-08-01T00:00:00+02:00,14954507,0
1337,Tenaglia,2026-08-02T00:00:00+02:00,14850625,0
1337,Tenaglia,2026-08-03T00:00:00+02:00,14756905,0
1337,Tenaglia,2026-08-04T00:00:00+02:00,14733225,0
1337,Tenaglia,2026-08-05T00:00:00+02:00,14664748,0
1337,Tenaglia,2026-08-06T00:00:00+02:00,14614709,0
1337,Tenaglia,2026-08-07T00:00:00+02:00,14550096,0
1337,Tenaglia,2026-08-08T00:00:00+02:00,14530567,0
1337,Tenaglia,2026-08-09T00:00:00+02:00,14471205,0
1337,Tenaglia,2026-08-10T00:00:00+02:00,14402067,0
1337,Tenaglia,2026-08-11T00:00:00+02:00,14390665,0
1337,Tenaglia,2026-08-12T00:00:00+02:00,14364492,0
1337,Tenaglia,2026-08-13T00:00:00+02:00,14342822,0
1337,Tenaglia,2026-08-14T00:00:00+02:00,14344113,0
1337,Tenaglia,2026-08-15T00:00:00+02:00,14395324,0
1337,Tenaglia,2026-08-16T00:00:00+02:00,14472093,0
1535,Chavarría,2026-06-29T00:00:00+02:00,12000000,0
1535,Chavarría,2026-06-30T00:00:00+02:00,12000000,0
1535,Chavarría,2026-07-01T00:00:00+02:00,12000000,0
1535,Chavarría,2026-07-02T00:00:00+02:00,12000000,0
1535,Chavarría,2026-07-03T00:00:00+02:00,12005699,0
1535,Chavarría,2026-07-04T00:00:00+02:00,12019631,0
1535,Chavarría,2026-07-05T00:00:00+02:00,12031505,0
1535,Chavarría,2026-07-06T00:00:00+02:00,12046359,0
1535,Chavarría,2026-07-07T00:00:00+02:00,12045736,0
1535,Chavarría,2026-07-08T00:00:00+02:00,12152776,0
1535,Chavarría,2026-07-09T00:00:00+02:00,12496922,0
1535,Chavarría,2026-07-10T00:00:00+02:00,12699215,0
1535,Chavarría,2026-07-11T00:00:00+02:00,12931234,0
1535,Chavarría,2026-07-12T00:00:00+02:00,13028238,0
1535,Chavarría,2026-07-13T00:00:00+02:00,13121657,0
1535,Chavarría,2026-07-14T00:00:00+02:00,13352089,0
1535,Chavarría,2026-07-15T00:00:00+02:00,13539383,0
1535,Chavarría,2026-07-16T00:00:00+02:00,13708109,0
1535,Chavarría,2026-07-17T00:00:00+02:00,13973115,0
1535,Chavarría,2026-07-18T00:00:00+02:00,14291440,0
1535,Chavarría,2026-07-19T00:00:00+02:00,14506282,0
1535,Chavarría,2026-07-20T00:00:00+02:00,14791011,0
1535,Chavarría,2026-07-21T00:00:00+02:00,15035753,0
1535,Chavarría,2026-07-22T00:00:00+02:00,15200012,0
1535,Chavarría,2026-07-23T00:00:00+02:00,15711191,0
1535,Chavarría,2026-07-24T00:00:00+02:00,16038313,0
1535,Chavarría,2026-07-25T00:00:00+02:00,16588642,0
1535,Chavarría,2026-07-26T00:00:00+02:00,16984477,0
1535,Chavarría,2026-07-27T00:00:00+02:00,17370894,0
1535,Chavarría,2026-07-28T00:00:00+02:00,17726710,0
1535,Chavarría,2026-07-29T00:00:00+02:00,17954683,0
1535,Chavarría,2026-07-30T00:00:00+02:00,18274337,0
1535,Chavarría,2026-07-31T00:00:00+02:00,18535485,0
1535,Chavarría,2026-08-01T00:00:00+02:00,18956281,0
1535,Chavarría,2026-08-02T00:00:00+02:00,19350862,0
1535,Chavarría,2026-08-03T00:00:00+02:00,19625168,0
1535,Chavarría,2026-08-04T00:00:00+02:00,19634729,0
1535,Chavarría,2026-08-05T00:00:00+02:00,19541945,0
1535,Chavarría,2026-08-06T00:00:00+02:00,19255422,0
1535,Chavarría,2026-08-07T00:00:00+02:00,18892661,0
1535,Chavarría,2026-08-08T00:00:00+02:00,18539480,0
1535,Chavarría,2026-08-09T00:00:00+02:00,18198562,0
1535,Chavarría,2026-08-10T00:00:00+02:00,17856522,0
1535,Chavarría,2026-08-11T00:00:00+02:00,17526407,0
1614,Cardona,2026-06-29T00:00:00+02:00,5600000,0
1614,Cardona,2026-06-30T00:00:00+02:00,5600000,0
1614,Cardona,2026-07-01T00:00:00+02:00,5600000,0
1614,Cardona,2026-07-02T00:00:00+02:00,5600000,0
1614,Cardona,2026-07-03T00:00:00+02:00,5602659,0
1614,Cardona,2026-07-04T00:00:00+02:00,5609160,0
1614,Cardona,2026-07-05T00:00:00+02:00,5614701,0
1614,Cardona,2026-07-06T00:00:00+02:00,5621633,0
1614,Cardona,2026-07-07T00:00:00+02:00,5621342,0
1614,Cardona,2026-07-08T00:00:00+02:00,5608237,0
1614,Cardona,2026-07-09T00:00:00+02:00,5721148,0
1614,Cardona,2026-07-10T00:00:00+02:00,5781704,0
1614,Cardona,2026-07-11T00:00:00+02:00,5831121,0
1614,Cardona,2026-07-12T00:00:00+02:00,5847355,0
1614,Cardona,2026-07-13T00:00:00+02:00,5847899,0
1614,Cardona,2026-07-14T00:00:00+02:00,5843736,0
1614,Cardona,2026-07-15T00:00:00+02:00,5794146,0
1614,Cardona,2026-07-16T00:00:00+02:00,5788707,0
1614,Cardona,2026-07-17T00:00:00+02:00,5736531,0
1614,Cardona,2026-07-18T00:00:00+02:00,5707479,0
1614,Cardona,2026-07-19T00:00:00+02:00,5631288,0
1614,Cardona,2026-07-20T00:00:00+02:00,5589629,0
1614,Cardona,2026-07-21T00:00:00+02:00,5509702,0
1614,Cardona,2026-07-22T00:00:00+02:00,5439824,0
1614,Cardona,2026-07-23T00:00:00+02:00,5366545,0
1614,Cardona,2026-07-24T00:00:00+02:00,5345053,0
1614,Cardona,2026-07-25T00:00:00+02:00,5343042,0
1614,Cardona,2026-07-26T00:00:00+02:00,5321265,0
1614,Cardona,2026-07-27T00:00:00+02:00,5307011,0
1614,Cardona,2026-07-28T00:00:00+02:00,5277571,0
1614,Cardona,2026-07-29T00:00:00+02:00,5214396,0
1614,Cardona,2026-07-30T00:00:00+02:00,5191882,0
1614,Cardona,2026-07-31T00:00:00+02:00,5143515,0
1614,Cardona,2026-08-01T00:00:00+02:00,5120942,0
1614,Cardona,2026-08-02T00:00:00+02:00,5084375,0
1614,Cardona,2026-08-03T00:00:00+02:00,5040922,0
1614,Cardona,2026-08-04T00:00:00+02:00,4997335,0
1614,Cardona,2026-08-05T00:00:00+02:00,4948636,0
1614,Cardona,2026-08-06T00:00:00+02:00,4907199,0
1614,Cardona,2026-08-07T00:00:00+02:00,4871513,0
1614,Cardona,2026-08-08T00:00:00+02:00,4839138,0
1614,Cardona,2026-08-09T00:00:00+02:00,4816584,0
1614,Cardona,2026-08-10T00:00:00+02:00,4786269,0
1614,Cardona,2026-08-11T00:00:00+02:00,4765486,0
1614,Cardona,2026-08-12T00:00:00+02:00,4733728,0
1614,Cardona,2026-08-13T00:00:00+02:00,4696975,0
1614,Cardona,2026-08-14T00:00:00+02:00,4685083,0
1614,Cardona,2026-08-15T00:00:00+02:00,4690822,0
1614,Cardona,2026-08-16T00:00:00+02:00,4684635,0
1775,Pau Cubarsí,2026-06-29T00:00:00+02:00,60000000,0
1775,Pau Cubarsí,2026-06-30T00:00:00+02:00,60000000,0
1775,Pau Cubarsí,2026-07-01T00:00:00+02:00,60000000,0
1775,Pau Cubarsí,2026-07-02T00:00:00+02:00,60000000,0
1775,Pau Cubarsí,2026-07-03T00:00:00+02:00,60028499,0
1775,Pau Cubarsí,2026-07-04T00:00:00+02:00,60098159,0
1775,Pau Cubarsí,2026-07-05T00:00:00+02:00,60157533,0
1775,Pau Cubarsí,2026-07-06T00:00:00+02:00,60231806,0
1775,Pau Cubarsí,2026-07-07T00:00:00+02:00,60228695,0
1775,Pau Cubarsí,2026-07-08T00:00:00+02:00,59508468,0
1775,Pau Cubarsí,2026-07-09T00:00:00+02:00,61068042,0
1775,Pau Cubarsí,2026-07-10T00:00:00+02:00,62238570,0
1775,Pau Cubarsí,2026-07-11T00:00:00+02:00,64048509,0
1775,Pau Cubarsí,2026-07-12T00:00:00+02:00,66215742,0
1775,Pau Cubarsí,2026-07-13T00:00:00+02:00,68236141,0
1775,Pau Cubarsí,2026-07-14T00:00:00+02:00,70230131,0
1775,Pau Cubarsí,2026-07-15T00:00:00+02:00,72995654,0
1775,Pau Cubarsí,2026-07-16T00:00:00+02:00,75289650,0
1775,Pau Cubarsí,2026-07-17T00:00:00+02:00,77714306,0
1775,Pau Cubarsí,2026-07-18T00:00:00+02:00,80312626,0
1775,Pau Cubarsí,2026-07-19T00:00:00+02:00,82823490,0
1775,Pau Cubarsí,2026-07-20T00:00:00+02:00,84479799,0
1775,Pau Cubarsí,2026-07-21T00:00:00+02:00,87224185,0
1775,Pau Cubarsí,2026-07-22T00:00:00+02:00,88321779,0
1775,Pau Cubarsí,2026-07-23T00:00:00+02:00,90605767,0
1775,Pau Cubarsí,2026-07-24T00:00:00+02:00,92604712,0
1775,Pau Cubarsí,2026-07-25T00:00:00+02:00,94888833,0
1775,Pau Cubarsí,2026-07-26T00:00:00+02:00,96633895,0
1775,Pau Cubarsí,2026-07-27T00:00:00+02:00,97801750,0
1775,Pau Cubarsí,2026-07-28T00:00:00+02:00,98953366,0
1775,Pau Cubarsí,2026-07-29T00:00:00+02:00,99122187,0
1775,Pau Cubarsí,2026-07-30T00:00:00+02:00,99323015,0
1775,Pau Cubarsí,2026-07-31T00:00:00+02:00,98576978,0
1775,Pau Cubarsí,2026-08-01T00:00:00+02:00,97347966,0
1775,Pau Cubarsí,2026-08-02T00:00:00+02:00,96009063,0
1775,Pau Cubarsí,2026-08-03T00:00:00+02:00,94262041,0
1775,Pau Cubarsí,2026-08-04T00:00:00+02:00,92487599,0
1775,Pau Cubarsí,2026-08-05T00:00:00+02:00,90719344,0
1775,Pau Cubarsí,2026-08-06T00:00:00+02:00,89138705,0
1775,Pau Cubarsí,2026-08-07T00:00:00+02:00,87597085,0
1775,Pau Cubarsí,2026-08-08T00:00:00+02:00,86258922,0
1775,Pau Cubarsí,2026-08-09T00:00:00+02:00,85066127,0
1775,Pau Cubarsí,2026-08-10T00:00:00+02:00,83816547,0
1775,Pau Cubarsí,2026-08-11T00:00:00+02:00,82374191,0
1775,Pau Cubarsí,2026-08-12T00:00:00+02:00,81197776,0
1775,Pau Cubarsí,2026-08-13T00:00:00+02:00,79855446,0
1775,Pau Cubarsí,2026-08-14T00:00:00+02:00,78617256,0
1775,Pau Cubarsí,2026-08-15T00:00:00+02:00,77924561,0
1775,Pau Cubarsí,2026-08-16T00:00:00+02:00,77521144,0
1890,Boyomo,2026-06-29T00:00:00+02:00,15000000,0
1890,Boyomo,2026-06-30T00:00:00+02:00,15000000,0
1890,Boyomo,2026-07-01T00:00:00+02:00,15000000,0
1890,Boyomo,2026-07-02T00:00:00+02:00,15000000,0
1890,Boyomo,2026-07-03T00:00:00+02:00,15007124,0
1890,Boyomo,2026-07-04T00:00:00+02:00,15024539,0
1890,Boyomo,2026-07-05T00:00:00+02:00,15039382,0
1890,Boyomo,2026-07-06T00:00:00+02:00,15057950,0
1890,Boyomo,2026-07-07T00:00:00+02:00,15057172,0
1890,Boyomo,2026-07-08T00:00:00+02:00,15006956,0
1890,Boyomo,2026-07-09T00:00:00+02:00,14965108,0
1890,Boyomo,2026-07-10T00:00:00+02:00,14855298,0
1890,Boyomo,2026-07-11T00:00:00+02:00,14916339,0
1890,Boyomo,2026-07-12T00:00:00+02:00,14941927,0
1890,Boyomo,2026-07-13T00:00:00+02:00,15080472,0
1890,Boyomo,2026-07-14T00:00:00+02:00,15147807,0
1890,Boyomo,2026-07-15T00:00:00+02:00,15351053,0
1890,Boyomo,2026-07-16T00:00:00+02:00,15558462,0
1890,Boyomo,2026-07-17T00:00:00+02:00,15902706,0
1890,Boyomo,2026-07-18T00:00:00+02:00,16286337,0
1890,Boyomo,2026-07-19T00:00:00+02:00,16596357,0
1890,Boyomo,2026-07-20T00:00:00+02:00,16936648,0
1890,Boyomo,2026-07-21T00:00:00+02:00,17230022,0
1890,Boyomo,2026-07-22T00:00:00+02:00,17440002,0
1890,Boyomo,2026-07-23T00:00:00+02:00,17776164,0
1890,Boyomo,2026-07-24T00:00:00+02:00,18051640,0
1890,Boyomo,2026-07-25T00:00:00+02:00,18648077,0
1890,Boyomo,2026-07-26T00:00:00+02:00,19007680,0
1890,Boyomo,2026-07-27T00:00:00+02:00,19400374,0
1890,Boyomo,2026-07-28T00:00:00+02:00,19867812,0
1890,Boyomo,2026-07-29T00:00:00+02:00,20174309,0
1890,Boyomo,2026-07-30T00:00:00+02:00,20777520,0
1890,Boyomo,2026-07-31T00:00:00+02:00,21142272,0
1890,Boyomo,2026-08-01T00:00:00+02:00,21711710,0
1890,Boyomo,2026-08-02T00:00:00+02:00,22168777,0
1890,Boyomo,2026-08-03T00:00:00+02:00,22625582,0
1890,Boyomo,2026-08-04T00:00:00+02:00,23209652,0
1890,Boyomo,2026-08-05T00:00:00+02:00,23699033,0
1890,Boyomo,2026-08-06T00:00:00+02:00,24198316,0
1890,Boyomo,2026-08-07T00:00:00+02:00,24680057,0
1890,Boyomo,2026-08-08T00:00:00+02:00,25179300,0
1890,Boyomo,2026-08-09T00:00:00+02:00,25741457,0
1890,Boyomo,2026-08-10T00:00:00+02:00,26222424,0
1890,Boyomo,2026-08-11T00:00:00+02:00,26686205,0
1890,Boyomo,2026-08-12T00:00:00+02:00,27129176,0
1890,Boyomo,2026-08-13T00:00:00+02:00,27424233,0
1890,Boyomo,2026-08-14T00:00:00+02:00,27728842,0
1890,Boyomo,2026-08-15T00:00:00+02:00,28005862,0
1890,Boyomo,2026-08-16T00:00:00+02:00,28167229,0
1930,El Hilali,2026-06-29T00:00:00+02:00,5500000,0
1930,El Hilali,2026-06-30T00:00:00+02:00,5500000,0
1930,El Hilali,2026-07-01T00:00:00+02:00,5500000,0
1930,El Hilali,2026-07-02T00:00:00+02:00,5500000,0
1930,El Hilali,2026-07-03T00:00:00+02:00,5502612,0
1930,El Hilali,2026-07-04T00:00:00+02:00,5508997,0
1930,El Hilali,2026-07-05T00:00:00+02:00,5514439,0
1930,El Hilali,2026-07-06T00:00:00+02:00,5521247,0
1930,El Hilali,2026-07-07T00:00:00+02:00,5520961,0
1930,El Hilali,2026-07-08T00:00:00+02:00,5635907,0
1930,El Hilali,2026-07-09T00:00:00+02:00,5653382,0
1930,El Hilali,2026-07-10T00:00:00+02:00,5835902,0
1930,El Hilali,2026-07-11T00:00:00+02:00,5872720,0
1930,El Hilali,2026-07-12T00:00:00+02:00,5895823,0
1930,El Hilali,2026-07-13T00:00:00+02:00,5910872,0
1930,El Hilali,2026-07-14T00:00:00+02:00,5904079,0
1930,El Hilali,2026-07-15T00:00:00+02:00,5922909,0
1930,El Hilali,2026-07-16T00:00:00+02:00,5931797,0
1930,El Hilali,2026-07-17T00:00:00+02:00,5945414,0
1930,El Hilali,2026-07-18T00:00:00+02:00,5939713,0
1930,El Hilali,2026-07-19T00:00:00+02:00,5949599,0
1930,El Hilali,2026-07-20T00:00:00+02:00,5968596,0
1930,El Hilali,2026-07-21T00:00:00+02:00,5978701,0
1930,El Hilali,2026-07-22T00:00:00+02:00,5969882,0
1930,El Hilali,2026-07-23T00:00:00+02:00,6092287,0
1930,El Hilali,2026-07-24T00:00:00+02:00,6119196,0
1930,El Hilali,2026-07-25T00:00:00+02:00,6271909,0
1930,El Hilali,2026-07-26T00:00:00+02:00,6379715,0
1930,El Hilali,2026-07-27T00:00:00+02:00,6463316,0
1930,El Hilali,2026-07-28T00:00:00+02:00,6564774,0
1930,El Hilali,2026-07-29T00:00:00+02:00,6637755,0
1930,El Hilali,2026-07-30T00:00:00+02:00,6784229,0
1930,El Hilali,2026-07-31T00:00:00+02:00,6874372,0
1930,El Hilali,2026-08-01T00:00:00+02:00,7039346,0
1930,El Hilali,2026-08-02T00:00:00+02:00,7173039,0
1930,El Hilali,2026-08-03T00:00:00+02:00,7326672,0
1930,El Hilali,2026-08-04T00:00:00+02:00,7441442,0
1930,El Hilali,2026-08-05T00:00:00+02:00,7640917,0
1930,El Hilali,2026-08-06T00:00:00+02:00,7779490,0
1930,El Hilali,2026-08-07T00:00:00+02:00,7872682,0
1930,El Hilali,2026-08-08T00:00:00+02:00,8010888,0
1930,El Hilali,2026-08-09T00:00:00+02:00,8166837,0
1930,El Hilali,2026-08-10T00:00:00+02:00,8312687,0
1930,El Hilali,2026-08-11T00:00:00+02:00,8471205,0
1930,El Hilali,2026-08-12T00:00:00+02:00,8556428,0
1930,El Hilali,2026-08-13T00:00:00+02:00,8638027,0
1930,El Hilali,2026-08-14T00:00:00+02:00,8756249,0
1930,El Hilali,2026-08-15T00:00:00+02:00,8838558,0
1930,El Hilali,2026-08-16T00:00:00+02:00,8970454,0
1959,Mouriño,2026-06-29T00:00:00+02:00,23000000,0
1959,Mouriño,2026-06-30T00:00:00+02:00,23000000,0
1959,Mouriño,2026-07-01T00:00:00+02:00,23000000,0
1959,Mouriño,2026-07-02T00:00:00+02:00,23000000,0
1959,Mouriño,2026-07-03T00:00:00+02:00,23010924,0
1959,Mouriño,2026-07-04T00:00:00+02:00,23037627,0
1959,Mouriño,2026-07-05T00:00:00+02:00,23060387,0
1959,Mouriño,2026-07-06T00:00:00+02:00,23088858,0
1959,Mouriño,2026-07-07T00:00:00+02:00,23087665,0
1959,Mouriño,2026-07-08T00:00:00+02:00,22888888,0
1959,Mouriño,2026-07-09T00:00:00+02:00,22901735,0
1959,Mouriño,2026-07-10T00:00:00+02:00,22961130,0
1959,Mouriño,2026-07-11T00:00:00+02:00,23085489,0
1959,Mouriño,2026-07-12T00:00:00+02:00,23392051,0
1959,Mouriño,2026-07-13T00:00:00+02:00,23860095,0
1959,Mouriño,2026-07-14T00:00:00+02:00,24386415,0
1959,Mouriño,2026-07-15T00:00:00+02:00,24923804,0
1959,Mouriño,2026-07-16T00:00:00+02:00,25621433,0
1959,Mouriño,2026-07-17T00:00:00+02:00,26386887,0
1959,Mouriño,2026-07-18T00:00:00+02:00,27001348,0
1959,Mouriño,2026-07-19T00:00:00+02:00,27637169,0
1959,Mouriño,2026-07-20T00:00:00+02:00,28148474,0
1959,Mouriño,2026-07-21T00:00:00+02:00,28722415,0
1959,Mouriño,2026-07-22T00:00:00+02:00,28924255,0
1959,Mouriño,2026-07-23T00:00:00+02:00,29590849,0
1959,Mouriño,2026-07-24T00:00:00+02:00,29888962,0
1959,Mouriño,2026-07-25T00:00:00+02:00,30537338,0
1959,Mouriño,2026-07-26T00:00:00+02:00,31130529,0
1959,Mouriño,2026-07-27T00:00:00+02:00,31746869,0
1959,Mouriño,2026-07-28T00:00:00+02:00,32350595,0
1959,Mouriño,2026-07-29T00:00:00+02:00,32669021,0
1959,Mouriño,2026-07-30T00:00:00+02:00,33262596,0
1959,Mouriño,2026-07-31T00:00:00+02:00,33739670,0
1959,Mouriño,2026-08-01T00:00:00+02:00,34402640,0
1959,Mouriño,2026-08-02T00:00:00+02:00,34952169,0
1959,Mouriño,2026-08-03T00:00:00+02:00,35652096,0
1959,Mouriño,2026-08-04T00:00:00+02:00,36277353,0
1959,Mouriño,2026-08-05T00:00:00+02:00,36830044,0
1959,Mouriño,2026-08-06T00:00:00+02:00,37310053,0
1959,Mouriño,2026-08-07T00:00:00+02:00,37798365,0
1959,Mouriño,2026-08-08T00:00:00+02:00,38358744,0
1959,Mouriño,2026-08-09T00:00:00+02:00,38780928,0
1959,Mouriño,2026-08-10T00:00:00+02:00,39269000,0
1959,Mouriño,2026-08-11T00:00:00+02:00,39766892,0
1959,Mouriño,2026-08-12T00:00:00+02:00,40183318,0
1959,Mouriño,2026-08-13T00:00:00+02:00,40397181,0
1959,Mouriño,2026-08-14T00:00:00+02:00,40516387,0
1959,Mouriño,2026-08-15T00:00:00+02:00,40479623,0
1959,Mouriño,2026-08-16T00:00:00+02:00,40219248,0
1989,Sergio Gómez,2026-06-29T00:00:00+02:00,25000000,0
1989,Sergio Gómez,2026-06-30T00:00:00+02:00,25000000,0
1989,Sergio Gómez,2026-07-01T00:00:00+02:00,25000000,0
1989,Sergio Gómez,2026-07-02T00:00:00+02:00,25000000,0
1989,Sergio Gómez,2026-07-03T00:00:00+02:00,25011874,0
1989,Sergio Gómez,2026-07-04T00:00:00+02:00,25040899,0
1989,Sergio Gómez,2026-07-05T00:00:00+02:00,25065638,0
1989,Sergio Gómez,2026-07-06T00:00:00+02:00,25096585,0
1989,Sergio Gómez,2026-07-07T00:00:00+02:00,25095288,0
1989,Sergio Gómez,2026-07-08T00:00:00+02:00,25012612,0
1989,Sergio Gómez,2026-07-09T00:00:00+02:00,24896357,0
1989,Sergio Gómez,2026-07-10T00:00:00+02:00,24543461,0
1989,Sergio Gómez,2026-07-11T00:00:00+02:00,24291195,0
1989,Sergio Gómez,2026-07-12T00:00:00+02:00,24157843,0
1989,Sergio Gómez,2026-07-13T00:00:00+02:00,23900822,0
1989,Sergio Gómez,2026-07-14T00:00:00+02:00,23629093,0
1989,Sergio Gómez,2026-07-15T00:00:00+02:00,23408340,0
1989,Sergio Gómez,2026-07-16T00:00:00+02:00,23212366,0
1989,Sergio Gómez,2026-07-17T00:00:00+02:00,22955926,0
1989,Sergio Gómez,2026-07-18T00:00:00+02:00,22807809,0
1989,Sergio Gómez,2026-07-19T00:00:00+02:00,22532646,0
1989,Sergio Gómez,2026-07-20T00:00:00+02:00,22245167,0
1989,Sergio Gómez,2026-07-21T00:00:00+02:00,21991814,0
1989,Sergio Gómez,2026-07-22T00:00:00+02:00,21588782,0
1989,Sergio Gómez,2026-07-23T00:00:00+02:00,21320075,0
1989,Sergio Gómez,2026-07-24T00:00:00+02:00,20985046,0
1989,Sergio Gómez,2026-07-25T00:00:00+02:00,20783877,0
1989,Sergio Gómez,2026-07-26T00:00:00+02:00,20577407,0
1989,Sergio Gómez,2026-07-27T00:00:00+02:00,20339465,0
1989,Sergio Gómez,2026-07-28T00:00:00+02:00,20082067,0
1989,Sergio Gómez,2026-07-29T00:00:00+02:00,19767273,0
1989,Sergio Gómez,2026-07-30T00:00:00+02:00,19608427,0
1989,Sergio Gómez,2026-07-31T00:00:00+02:00,19462473,0
1989,Sergio Gómez,2026-08-01T00:00:00+02:00,19308267,0
1989,Sergio Gómez,2026-08-02T00:00:00+02:00,19185813,0
1989,Sergio Gómez,2026-08-03T00:00:00+02:00,19032999,0
1989,Sergio Gómez,2026-08-04T00:00:00+02:00,18870329,0
1989,Sergio Gómez,2026-08-05T00:00:00+02:00,18718695,0
1989,Sergio Gómez,2026-08-06T00:00:00+02:00,18584365,0
1989,Sergio Gómez,2026-08-07T00:00:00+02:00,18472065,0
1989,Sergio Gómez,2026-08-08T00:00:00+02:00,18368625,0
1989,Sergio Gómez,2026-08-09T00:00:00+02:00,18236915,0
1989,Sergio Gómez,2026-08-10T00:00:00+02:00,18165640,0
1989,Sergio Gómez,2026-08-11T00:00:00+02:00,18121806,0
1989,Sergio Gómez,2026-08-12T00:00:00+02:00,18059997,0
1989,Sergio Gómez,2026-08-13T00:00:00+02:00,17958487,0
1989,Sergio Gómez,2026-08-14T00:00:00+02:00,17898115,0
1989,Sergio Gómez,2026-08-15T00:00:00+02:00,17908296,0
1989,Sergio Gómez,2026-08-16T00:00:00+02:00,17896815,0
1991,Tárrega,2026-06-29T00:00:00+02:00,12500000,0
1991,Tárrega,2026-06-30T00:00:00+02:00,12500000,0
1991,Tárrega,2026-07-01T00:00:00+02:00,12500000,0
1991,Tárrega,2026-07-02T00:00:00+02:00,12500000,0
1991,Tárrega,2026-07-03T00:00:00+02:00,12505937,0
1991,Tárrega,2026-07-04T00:00:00+02:00,12520449,0
1991,Tárrega,2026-07-05T00:00:00+02:00,12532818,0
1991,Tárrega,2026-07-06T00:00:00+02:00,12548291,0
1991,Tárrega,2026-07-07T00:00:00+02:00,12547642,0
1991,Tárrega,2026-07-08T00:00:00+02:00,12524337,0
1991,Tárrega,2026-07-09T00:00:00+02:00,12466498,0
1991,Tárrega,2026-07-10T00:00:00+02:00,12430897,0
1991,Tárrega,2026-07-11T00:00:00+02:00,12262682,0
1991,Tárrega,2026-07-12T00:00:00+02:00,12069114,0
1991,Tárrega,2026-07-13T00:00:00+02:00,11921325,0
1991,Tárrega,2026-07-14T00:00:00+02:00,11695230,0
1991,Tárrega,2026-07-15T00:00:00+02:00,11516297,0
1991,Tárrega,2026-07-16T00:00:00+02:00,11337362,0
1991,Tárrega,2026-07-17T00:00:00+02:00,11166347,0
1991,Tárrega,2026-07-18T00:00:00+02:00,11033379,0
1991,Tárrega,2026-07-19T00:00:00+02:00,10917682,0
1991,Tárrega,2026-07-20T00:00:00+02:00,10770017,0
1991,Tárrega,2026-07-21T00:00:00+02:00,10605612,0
1991,Tárrega,2026-07-22T00:00:00+02:00,10422896,0
1991,Tárrega,2026-07-23T00:00:00+02:00,10287696,0
1991,Tárrega,2026-07-24T00:00:00+02:00,10133598,0
1991,Tárrega,2026-07-25T00:00:00+02:00,9973254,0
1991,Tárrega,2026-07-26T00:00:00+02:00,9831297,0
1991,Tárrega,2026-07-27T00:00:00+02:00,9734816,0
1991,Tárrega,2026-07-28T00:00:00+02:00,9658734,0
1991,Tárrega,2026-07-29T00:00:00+02:00,9559047,0
1991,Tárrega,2026-07-30T00:00:00+02:00,9418484,0
1991,Tárrega,2026-07-31T00:00:00+02:00,9364934,0
1991,Tárrega,2026-08-01T00:00:00+02:00,9311220,0
1991,Tárrega,2026-08-02T00:00:00+02:00,9252346,0
1991,Tárrega,2026-08-03T00:00:00+02:00,9224422,0
1991,Tárrega,2026-08-04T00:00:00+02:00,9186744,0
1991,Tárrega,2026-08-05T00:00:00+02:00,9138960,0
1991,Tárrega,2026-08-06T00:00:00+02:00,9073824,0
1991,Tárrega,2026-08-07T00:00:00+02:00,9007569,0
1991,Tárrega,2026-08-08T00:00:00+02:00,8986552,0
1991,Tárrega,2026-08-09T00:00:00+02:00,8943657,0
1991,Tárrega,2026-08-10T00:00:00+02:00,8911289,0
1991,Tárrega,2026-08-11T00:00:00+02:00,8889358,0
1991,Tárrega,2026-08-12T00:00:00+02:00,8872131,0
1991,Tárrega,2026-08-13T00:00:00+02:00,8872749,0
1991,Tárrega,2026-08-14T00:00:00+02:00,8923683,0
1991,Tárrega,2026-08-15T00:00:00+02:00,9001036,0
1991,Tárrega,2026-08-16T00:00:00+02:00,9056528,0
2005,Abel Bretones,2026-06-29T00:00:00+02:00,2300000,0
2005,Abel Bretones,2026-06-30T00:00:00+02:00,2300000,0
2005,Abel Bretones,2026-07-01T00:00:00+02:00,2300000,0
2005,Abel Bretones,2026-07-02T00:00:00+02:00,2300000,0
2005,Abel Bretones,2026-07-03T00:00:00+02:00,2301092,0
2005,Abel Bretones,2026-07-04T00:00:00+02:00,2303762,0
2005,Abel Bretones,2026-07-05T00:00:00+02:00,2306038,0
2005,Abel Bretones,2026-07-06T00:00:00+02:00,2308885,0
2005,Abel Bretones,2026-07-07T00:00:00+02:00,2308765,0
2005,Abel Bretones,2026-07-08T00:00:00+02:00,2269983,0
2005,Abel Bretones,2026-07-09T00:00:00+02:00,2260383,0
2005,Abel Bretones,2026-07-10T00:00:00+02:00,2237750,0
2005,Abel Bretones,2026-07-11T00:00:00+02:00,2195660,0
2005,Abel Bretones,2026-07-12T00:00:00+02:00,2160866,0
2005,Abel Bretones,2026-07-13T00:00:00+02:00,2136386,0
2005,Abel Bretones,2026-07-14T00:00:00+02:00,2096907,0
2005,Abel Bretones,2026-07-15T00:00:00+02:00,2065224,0
2005,Abel Bretones,2026-07-16T00:00:00+02:00,2031390,0
2005,Abel Bretones,2026-07-17T00:00:00+02:00,2018698,0
2005,Abel Bretones,2026-07-18T00:00:00+02:00,1986885,0
2005,Abel Bretones,2026-07-19T00:00:00+02:00,1954735,0
2005,Abel Bretones,2026-07-20T00:00:00+02:00,1930878,0
2005,Abel Bretones,2026-07-21T00:00:00+02:00,1907892,0
2005,Abel Bretones,2026-07-22T00:00:00+02:00,1882318,0
2005,Abel Bretones,2026-07-23T00:00:00+02:00,1865202,0
2005,Abel Bretones,2026-07-24T00:00:00+02:00,1850937,0
2005,Abel Bretones,2026-07-25T00:00:00+02:00,1855823,0
2005,Abel Bretones,2026-07-26T00:00:00+02:00,1871191,0
2005,Abel Bretones,2026-07-27T00:00:00+02:00,1892515,0
2005,Abel Bretones,2026-07-28T00:00:00+02:00,1930157,0
2005,Abel Bretones,2026-07-29T00:00:00+02:00,1960081,0
2005,Abel Bretones,2026-07-30T00:00:00+02:00,2035945,0
2005,Abel Bretones,2026-07-31T00:00:00+02:00,2094592,0
2005,Abel Bretones,2026-08-01T00:00:00+02:00,2168043,0
2005,Abel Bretones,2026-08-02T00:00:00+02:00,2250615,0
2005,Abel Bretones,2026-08-03T00:00:00+02:00,2341919,0
2005,Abel Bretones,2026-08-04T00:00:00+02:00,2442563,0
2005,Abel Bretones,2026-08-05T00:00:00+02:00,2562855,0
2005,Abel Bretones,2026-08-06T00:00:00+02:00,2666023,0
2005,Abel Bretones,2026-08-07T00:00:00+02:00,2791406,0
2005,Abel Bretones,2026-08-08T00:00:00+02:00,2929515,0
2005,Abel Bretones,2026-08-09T00:00:00+02:00,3042102,0
2005,Abel Bretones,2026-08-10T00:00:00+02:00,3152348,0
2005,Abel Bretones,2026-08-11T00:00:00+02:00,3282777,0
2005,Abel Bretones,2026-08-12T00:00:00+02:00,3420388,0
2005,Abel Bretones,2026-08-13T00:00:00+02:00,3527225,0
2005,Abel Bretones,2026-08-14T00:00:00+02:00,3667640,0
2005,Abel Bretones,2026-08-15T00:00:00+02:00,3771977,0
2005,Abel Bretones,2026-08-16T00:00:00+02:00,3864534,0
2074,Javi Rodríguez,2026-06-29T00:00:00+02:00,10000000,0
2074,Javi Rodríguez,2026-06-30T00:00:00+02:00,10000000,0
2074,Javi Rodríguez,2026-07-01T00:00:00+02:00,10000000,0
2074,Javi Rodríguez,2026-07-02T00:00:00+02:00,10000000,0
2074,Javi Rodríguez,2026-07-03T00:00:00+02:00,10004749,0
2074,Javi Rodríguez,2026-07-04T00:00:00+02:00,10016359,0
2074,Javi Rodríguez,2026-07-05T00:00:00+02:00,10026254,0
2074,Javi Rodríguez,2026-08-14T00:00:00+02:00,9683323,0
2074,Javi Rodríguez,2026-08-15T00:00:00+02:00,9358795,0
2074,Javi Rodríguez,2026-08-16T00:00:00+02:00,9142733,0
2146,Asencio,2026-06-29T00:00:00+02:00,12100000,0
2146,Asencio,2026-06-30T00:00:00+02:00,12100000,0
2146,Asencio,2026-07-01T00:00:00+02:00,12100000,0
2146,Asencio,2026-07-02T00:00:00+02:00,12100000,0
2146,Asencio,2026-07-03T00:00:00+02:00,12105747,0
2146,Asencio,2026-07-04T00:00:00+02:00,12119795,0
2146,Asencio,2026-07-05T00:00:00+02:00,12131768,0
2146,Asencio,2026-07-06T00:00:00+02:00,12146746,0
2146,Asencio,2026-07-07T00:00:00+02:00,12146118,0
2146,Asencio,2026-07-08T00:00:00+02:00,12089748,0
2146,Asencio,2026-07-09T00:00:00+02:00,11806611,0
2146,Asencio,2026-07-10T00:00:00+02:00,11582845,0
2146,Asencio,2026-07-11T00:00:00+02:00,11344244,0
2146,Asencio,2026-07-12T00:00:00+02:00,11101431,0
2146,Asencio,2026-07-13T00:00:00+02:00,10841104,0
2146,Asencio,2026-07-14T00:00:00+02:00,10574855,0
2146,Asencio,2026-07-15T00:00:00+02:00,10329351,0
2146,Asencio,2026-07-16T00:00:00+02:00,10133436,0
2146,Asencio,2026-07-17T00:00:00+02:00,9904554,0
2146,Asencio,2026-07-18T00:00:00+02:00,9719025,0
2146,Asencio,2026-07-19T00:00:00+02:00,9516153,0
2146,Asencio,2026-07-20T00:00:00+02:00,9293026,0
2146,Asencio,2026-07-21T00:00:00+02:00,9131100,0
2146,Asencio,2026-07-22T00:00:00+02:00,8890196,0
2146,Asencio,2026-07-23T00:00:00+02:00,8692202,0
2146,Asencio,2026-07-24T00:00:00+02:00,8477027,0
2146,Asencio,2026-07-25T00:00:00+02:00,8334952,0
2146,Asencio,2026-07-26T00:00:00+02:00,8167372,0
2146,Asencio,2026-07-27T00:00:00+02:00,7993142,0
2146,Asencio,2026-07-28T00:00:00+02:00,7823025,0
2146,Asencio,2026-07-29T00:00:00+02:00,7637258,0
2146,Asencio,2026-07-30T00:00:00+02:00,7464691,0
2146,Asencio,2026-07-31T00:00:00+02:00,7273757,0
2146,Asencio,2026-08-01T00:00:00+02:00,7047107,0
2146,Asencio,2026-08-02T00:00:00+02:00,6832466,0
2146,Asencio,2026-08-03T00:00:00+02:00,6625512,0
2146,Asencio,2026-08-04T00:00:00+02:00,6422504,0
2146,Asencio,2026-08-05T00:00:00+02:00,6224317,0
2146,Asencio,2026-08-06T00:00:00+02:00,6031052,0
2146,Asencio,2026-08-07T00:00:00+02:00,5840650,0
2146,Asencio,2026-08-08T00:00:00+02:00,5660511,0
2146,Asencio,2026-08-09T00:00:00+02:00,5492364,0
2146,Asencio,2026-08-10T00:00:00+02:00,5328660,0
2146,Asencio,2026-08-11T00:00:00+02:00,5168011,0
2146,Asencio,2026-08-12T00:00:00+02:00,5013707,0
2146,Asencio,2026-08-13T00:00:00+02:00,4858205,0
2146,Asencio,2026-08-14T00:00:00+02:00,4707254,0
2146,Asencio,2026-08-15T00:00:00+02:00,4571317,0
2146,Asencio,2026-08-16T00:00:00+02:00,4444562,0
2178,F. Garcés,2026-06-29T00:00:00+02:00,1500000,0
2178,F. Garcés,2026-06-30T00:00:00+02:00,1500000,0
2178,F. Garcés,2026-07-01T00:00:00+02:00,1500000,0
2178,F. Garcés,2026-07-02T00:00:00+02:00,1500000,0
2178,F. Garcés,2026-07-03T00:00:00+02:00,1500712,0
2178,F. Garcés,2026-07-04T00:00:00+02:00,1502453,0
2178,F. Garcés,2026-07-05T00:00:00+02:00,1503937,0
2178,F. Garcés,2026-07-06T00:00:00+02:00,1505793,0
2178,F. Garcés,2026-07-07T00:00:00+02:00,1505715,0
2178,F. Garcés,2026-07-08T00:00:00+02:00,1471101,0
2178,F. Garcés,2026-07-09T00:00:00+02:00,1449360,0
2178,F. Garcés,2026-07-10T00:00:00+02:00,1409161,0
2178,F. Garcés,2026-07-11T00:00:00+02:00,1380945,0
2178,F. Garcés,2026-07-12T00:00:00+02:00,1355937,0
2178,F. Garcés,2026-07-13T00:00:00+02:00,1330048,0
2178,F. Garcés,2026-07-14T00:00:00+02:00,1305525,0
2178,F. Garcés,2026-07-15T00:00:00+02:00,1278441,0
2178,F. Garcés,2026-07-16T00:00:00+02:00,1247642,0
2178,F. Garcés,2026-07-17T00:00:00+02:00,1212670,0
2178,F. Garcés,2026-07-18T00:00:00+02:00,1179450,0
2178,F. Garcés,2026-07-19T00:00:00+02:00,1147804,0
2178,F. Garcés,2026-07-20T00:00:00+02:00,1118135,0
2178,F. Garcés,2026-07-21T00:00:00+02:00,1091169,0
2178,F. Garcés,2026-07-22T00:00:00+02:00,1060817,0
2178,F. Garcés,2026-07-23T00:00:00+02:00,1033232,0
2178,F. Garcés,2026-07-24T00:00:00+02:00,1005799,0
2178,F. Garcés,2026-07-25T00:00:00+02:00,981118,0
2178,F. Garcés,2026-07-26T00:00:00+02:00,958044,0
2178,F. Garcés,2026-07-27T00:00:00+02:00,935501,0
2178,F. Garcés,2026-07-28T00:00:00+02:00,913979,0
2178,F. Garcés,2026-07-29T00:00:00+02:00,891114,0
2178,F. Garcés,2026-07-30T00:00:00+02:00,869886,0
2178,F. Garcés,2026-07-31T00:00:00+02:00,849055,0
2178,F. Garcés,2026-08-01T00:00:00+02:00,829162,0
2178,F. Garcés,2026-08-02T00:00:00+02:00,810978,0
2178,F. Garcés,2026-08-03T00:00:00+02:00,792948,0
2178,F. Garcés,2026-08-04T00:00:00+02:00,774973,0
2178,F. Garcés,2026-08-05T00:00:00+02:00,757788,0
2178,F. Garcés,2026-08-06T00:00:00+02:00,740795,0
2178,F. Garcés,2026-08-07T00:00:00+02:00,725908,0
2178,F. Garcés,2026-08-08T00:00:00+02:00,710771,0
2178,F. Garcés,2026-08-09T00:00:00+02:00,697256,0
2178,F. Garcés,2026-08-10T00:00:00+02:00,684501,0
2178,F. Garcés,2026-08-11T00:00:00+02:00,671166,0
2178,F. Garcés,2026-08-12T00:00:00+02:00,657970,0
2178,F. Garcés,2026-08-13T00:00:00+02:00,644191,0
2178,F. Garcés,2026-08-14T00:00:00+02:00,630239,0
2178,F. Garcés,2026-08-15T00:00:00+02:00,618001,0
2178,F. Garcés,2026-08-16T00:00:00+02:00,608200,0
2206,Yoel Lago,2026-06-29T00:00:00+02:00,700000,0
2206,Yoel Lago,2026-06-30T00:00:00+02:00,700000,0
2206,Yoel Lago,2026-07-01T00:00:00+02:00,700000,0
2206,Yoel Lago,2026-07-02T00:00:00+02:00,700000,0
2206,Yoel Lago,2026-07-03T00:00:00+02:00,700332,0
2206,Yoel Lago,2026-07-04T00:00:00+02:00,701144,0
2206,Yoel Lago,2026-07-05T00:00:00+02:00,701836,0
2293,John C.,2026-06-29T00:00:00+02:00,1900000,0
2293,John C.,2026-06-30T00:00:00+02:00,1900000,0
2293,John C.,2026-07-01T00:00:00+02:00,1900000,0
2293,John C.,2026-07-02T00:00:00+02:00,1900000,0
2293,John C.,2026-07-03T00:00:00+02:00,1900902,0
2293,John C.,2026-07-04T00:00:00+02:00,1903107,0
2293,John C.,2026-07-05T00:00:00+02:00,1904987,0
2293,John C.,2026-07-06T00:00:00+02:00,1907339,0
2293,John C.,2026-07-07T00:00:00+02:00,1907240,0
2293,John C.,2026-07-08T00:00:00+02:00,1852234,0
2293,John C.,2026-07-09T00:00:00+02:00,1795432,0
2293,John C.,2026-07-10T00:00:00+02:00,1742359,0
2293,John C.,2026-07-11T00:00:00+02:00,1688909,0
2293,John C.,2026-07-12T00:00:00+02:00,1638163,0
2293,John C.,2026-07-13T00:00:00+02:00,1590685,0
2293,John C.,2026-07-14T00:00:00+02:00,1542319,0
2293,John C.,2026-07-15T00:00:00+02:00,1497629,0
2293,John C.,2026-07-16T00:00:00+02:00,1452702,0
2293,John C.,2026-07-17T00:00:00+02:00,1409527,0
2293,John C.,2026-07-18T00:00:00+02:00,1370083,0
2293,John C.,2026-07-19T00:00:00+02:00,1331865,0
2293,John C.,2026-07-20T00:00:00+02:00,1294833,0
2293,John C.,2026-07-21T00:00:00+02:00,1260799,0
2293,John C.,2026-07-22T00:00:00+02:00,1223662,0
2293,John C.,2026-07-23T00:00:00+02:00,1189563,0
2293,John C.,2026-07-24T00:00:00+02:00,1155877,0
2293,John C.,2026-07-25T00:00:00+02:00,1126488,0
2293,John C.,2026-07-26T00:00:00+02:00,1097600,0
2293,John C.,2026-07-27T00:00:00+02:00,1069640,0
2293,John C.,2026-07-28T00:00:00+02:00,1044424,0
2293,John C.,2026-07-29T00:00:00+02:00,1016341,0
2293,John C.,2026-07-30T00:00:00+02:00,990103,0
2293,John C.,2026-07-31T00:00:00+02:00,964464,0
2293,John C.,2026-08-01T00:00:00+02:00,939955,0
2293,John C.,2026-08-02T00:00:00+02:00,917340,0
2293,John C.,2026-08-03T00:00:00+02:00,895055,0
2293,John C.,2026-08-04T00:00:00+02:00,872996,0
2293,John C.,2026-08-05T00:00:00+02:00,851890,0
2293,John C.,2026-08-06T00:00:00+02:00,831133,0
2293,John C.,2026-08-07T00:00:00+02:00,815361,0
2293,John C.,2026-08-08T00:00:00+02:00,796646,0
2293,John C.,2026-08-09T00:00:00+02:00,783027,0
2293,John C.,2026-08-10T00:00:00+02:00,766842,0
2293,John C.,2026-08-11T00:00:00+02:00,750213,0
2293,John C.,2026-08-12T00:00:00+02:00,733855,0
2293,John C.,2026-08-13T00:00:00+02:00,717040,0
2293,John C.,2026-08-14T00:00:00+02:00,701981,0
2293,John C.,2026-08-15T00:00:00+02:00,690251,0
2293,John C.,2026-08-16T00:00:00+02:00,677560,0
2294,R.P. Bigas,2026-06-29T00:00:00+02:00,8000000,0
2294,R.P. Bigas,2026-06-30T00:00:00+02:00,8000000,0
2294,R.P. Bigas,2026-07-01T00:00:00+02:00,8000000,0
2294,R.P. Bigas,2026-07-02T00:00:00+02:00,8000000,0
2294,R.P. Bigas,2026-07-03T00:00:00+02:00,8003799,0
2294,R.P. Bigas,2026-07-04T00:00:00+02:00,8013087,0
2294,R.P. Bigas,2026-07-05T00:00:00+02:00,8021003,0
2294,R.P. Bigas,2026-07-06T00:00:00+02:00,8030906,0
2294,R.P. Bigas,2026-07-07T00:00:00+02:00,8030491,0
2294,R.P. Bigas,2026-07-08T00:00:00+02:00,9457054,0
2294,R.P. Bigas,2026-07-09T00:00:00+02:00,9576848,0
2294,R.P. Bigas,2026-07-10T00:00:00+02:00,9720337,0
2294,R.P. Bigas,2026-07-11T00:00:00+02:00,9813837,0
2294,R.P. Bigas,2026-07-12T00:00:00+02:00,9699634,0
2294,R.P. Bigas,2026-07-13T00:00:00+02:00,9601786,0
2294,R.P. Bigas,2026-07-14T00:00:00+02:00,9453888,0
2294,R.P. Bigas,2026-07-15T00:00:00+02:00,9297789,0
2294,R.P. Bigas,2026-07-16T00:00:00+02:00,9137608,0
2294,R.P. Bigas,2026-07-17T00:00:00+02:00,9015621,0
2294,R.P. Bigas,2026-07-18T00:00:00+02:00,8878389,0
2294,R.P. Bigas,2026-07-19T00:00:00+02:00,8733467,0
2294,R.P. Bigas,2026-07-20T00:00:00+02:00,8613033,0
2294,R.P. Bigas,2026-07-21T00:00:00+02:00,8463358,0
2294,R.P. Bigas,2026-07-22T00:00:00+02:00,8287567,0
2294,R.P. Bigas,2026-07-23T00:00:00+02:00,8211284,0
2294,R.P. Bigas,2026-07-24T00:00:00+02:00,8117174,0
2294,R.P. Bigas,2026-07-25T00:00:00+02:00,8053436,0
2294,R.P. Bigas,2026-07-26T00:00:00+02:00,8004820,0
2294,R.P. Bigas,2026-07-27T00:00:00+02:00,7884574,0
2294,R.P. Bigas,2026-07-28T00:00:00+02:00,7798231,0
2294,R.P. Bigas,2026-07-29T00:00:00+02:00,7703209,0
2294,R.P. Bigas,2026-07-30T00:00:00+02:00,7523426,0
2294,R.P. Bigas,2026-07-31T00:00:00+02:00,7338821,0
2294,R.P. Bigas,2026-08-01T00:00:00+02:00,7160352,0
2294,R.P. Bigas,2026-08-02T00:00:00+02:00,6995364,0
2294,R.P. Bigas,2026-08-03T00:00:00+02:00,6840991,0
2294,R.P. Bigas,2026-08-04T00:00:00+02:00,6703211,0
2294,R.P. Bigas,2026-08-05T00:00:00+02:00,6561538,0
2294,R.P. Bigas,2026-08-06T00:00:00+02:00,6409933,0
2294,R.P. Bigas,2026-08-07T00:00:00+02:00,6270026,0
2294,R.P. Bigas,2026-08-08T00:00:00+02:00,6132414,0
2294,R.P. Bigas,2026-08-09T00:00:00+02:00,5998406,0
2294,R.P. Bigas,2026-08-10T00:00:00+02:00,5855955,0
2294,R.P. Bigas,2026-08-11T00:00:00+02:00,5709882,0
2294,R.P. Bigas,2026-08-12T00:00:00+02:00,5564058,0
2294,R.P. Bigas,2026-08-13T00:00:00+02:00,5425947,0
2294,R.P. Bigas,2026-08-14T00:00:00+02:00,5294365,0
2294,R.P. Bigas,2026-08-15T00:00:00+02:00,5173960,0
2294,R.P. Bigas,2026-08-16T00:00:00+02:00,5051643,0
2300,Dela,2026-06-29T00:00:00+02:00,14000000,0
2300,Dela,2026-06-30T00:00:00+02:00,14000000,0
2300,Dela,2026-07-01T00:00:00+02:00,14000000,0
2300,Dela,2026-07-02T00:00:00+02:00,14000000,0
2300,Dela,2026-07-03T00:00:00+02:00,14006649,0
2300,Dela,2026-07-04T00:00:00+02:00,14022903,0
2300,Dela,2026-07-05T00:00:00+02:00,14036756,0
2314,Vivian,2026-06-29T00:00:00+02:00,20000000,0
2314,Vivian,2026-06-30T00:00:00+02:00,20000000,0
2314,Vivian,2026-07-01T00:00:00+02:00,20000000,0
2314,Vivian,2026-07-02T00:00:00+02:00,20000000,0
2314,Vivian,2026-07-03T00:00:00+02:00,20009499,0
2314,Vivian,2026-07-04T00:00:00+02:00,20032719,0
2314,Vivian,2026-07-05T00:00:00+02:00,20052510,0
2314,Vivian,2026-07-06T00:00:00+02:00,20077267,0
2314,Vivian,2026-07-07T00:00:00+02:00,20076230,0
2314,Vivian,2026-07-08T00:00:00+02:00,19945812,0
2314,Vivian,2026-07-09T00:00:00+02:00,19975700,0
2314,Vivian,2026-07-10T00:00:00+02:00,20098815,0
2314,Vivian,2026-07-11T00:00:00+02:00,20294278,0
2314,Vivian,2026-07-12T00:00:00+02:00,20613739,0
2314,Vivian,2026-07-13T00:00:00+02:00,21021590,0
2314,Vivian,2026-07-14T00:00:00+02:00,21591089,0
2314,Vivian,2026-07-15T00:00:00+02:00,22070239,0
2314,Vivian,2026-07-16T00:00:00+02:00,22680049,0
2314,Vivian,2026-07-17T00:00:00+02:00,23170968,0
2314,Vivian,2026-07-18T00:00:00+02:00,23127659,0
2314,Vivian,2026-07-19T00:00:00+02:00,22751970,0
2314,Vivian,2026-07-20T00:00:00+02:00,22209780,0
2314,Vivian,2026-07-21T00:00:00+02:00,21663502,0
2314,Vivian,2026-07-22T00:00:00+02:00,21047683,0
2314,Vivian,2026-07-23T00:00:00+02:00,20508094,0
2314,Vivian,2026-07-24T00:00:00+02:00,19929126,0
2314,Vivian,2026-07-25T00:00:00+02:00,19400646,0
2314,Vivian,2026-07-26T00:00:00+02:00,18934631,0
2314,Vivian,2026-07-27T00:00:00+02:00,18464555,0
2314,Vivian,2026-07-28T00:00:00+02:00,18004885,0
2314,Vivian,2026-07-29T00:00:00+02:00,17529594,0
2314,Vivian,2026-07-30T00:00:00+02:00,17097099,0
2314,Vivian,2026-07-31T00:00:00+02:00,16659319,0
2314,Vivian,2026-08-01T00:00:00+02:00,16222624,0
2314,Vivian,2026-08-02T00:00:00+02:00,15791893,0
2314,Vivian,2026-08-03T00:00:00+02:00,15355991,0
2314,Vivian,2026-08-04T00:00:00+02:00,14938807,0
2314,Vivian,2026-08-05T00:00:00+02:00,14504041,0
2314,Vivian,2026-08-06T00:00:00+02:00,14091237,0
2314,Vivian,2026-08-07T00:00:00+02:00,13689657,0
2314,Vivian,2026-08-08T00:00:00+02:00,13308913,0
2314,Vivian,2026-08-09T00:00:00+02:00,12939805,0
2314,Vivian,2026-08-10T00:00:00+02:00,12575157,0
2314,Vivian,2026-08-11T00:00:00+02:00,12209655,0
2314,Vivian,2026-08-12T00:00:00+02:00,11848931,0
2314,Vivian,2026-08-13T00:00:00+02:00,11484518,0
2314,Vivian,2026-08-14T00:00:00+02:00,11133209,0
2314,Vivian,2026-08-15T00:00:00+02:00,10819933,0
2314,Vivian,2026-08-16T00:00:00+02:00,10512541,0
2315,Paredes,2026-06-29T00:00:00+02:00,6200000,0
2315,Paredes,2026-06-30T00:00:00+02:00,6200000,0
2315,Paredes,2026-07-01T00:00:00+02:00,6200000,0
2315,Paredes,2026-07-02T00:00:00+02:00,6200000,0
2315,Paredes,2026-07-03T00:00:00+02:00,6202944,0
2315,Paredes,2026-07-04T00:00:00+02:00,6210142,0
2315,Paredes,2026-07-05T00:00:00+02:00,6216277,0
2315,Paredes,2026-07-06T00:00:00+02:00,6223951,0
2315,Paredes,2026-07-07T00:00:00+02:00,6223629,0
2315,Paredes,2026-07-08T00:00:00+02:00,6218320,0
2315,Paredes,2026-07-09T00:00:00+02:00,6209930,0
2315,Paredes,2026-07-10T00:00:00+02:00,6170707,0
2315,Paredes,2026-07-11T00:00:00+02:00,6098132,0
2315,Paredes,2026-07-12T00:00:00+02:00,5971254,0
2315,Paredes,2026-07-13T00:00:00+02:00,5853290,0
2315,Paredes,2026-07-14T00:00:00+02:00,5738523,0
2315,Paredes,2026-07-15T00:00:00+02:00,5618909,0
2315,Paredes,2026-07-16T00:00:00+02:00,5506122,0
2315,Paredes,2026-07-17T00:00:00+02:00,5408565,0
2315,Paredes,2026-07-18T00:00:00+02:00,5310805,0
2315,Paredes,2026-07-19T00:00:00+02:00,5208539,0
2315,Paredes,2026-07-20T00:00:00+02:00,5113919,0
2315,Paredes,2026-07-21T00:00:00+02:00,5007701,0
2315,Paredes,2026-07-22T00:00:00+02:00,4889247,0
2315,Paredes,2026-07-23T00:00:00+02:00,4816029,0
2315,Paredes,2026-07-24T00:00:00+02:00,4732853,0
2315,Paredes,2026-07-25T00:00:00+02:00,4634015,0
2315,Paredes,2026-07-26T00:00:00+02:00,4571513,0
2315,Paredes,2026-07-27T00:00:00+02:00,4483947,0
2315,Paredes,2026-07-28T00:00:00+02:00,4417760,0
2315,Paredes,2026-07-29T00:00:00+02:00,4343857,0
2315,Paredes,2026-07-30T00:00:00+02:00,4280189,0
2315,Paredes,2026-07-31T00:00:00+02:00,4216544,0
2315,Paredes,2026-08-01T00:00:00+02:00,4211127,0
2315,Paredes,2026-08-02T00:00:00+02:00,4203919,0
2315,Paredes,2026-08-03T00:00:00+02:00,4200857,0
2315,Paredes,2026-08-04T00:00:00+02:00,4208565,0
2315,Paredes,2026-08-05T00:00:00+02:00,4230496,0
2315,Paredes,2026-08-06T00:00:00+02:00,4256228,0
2315,Paredes,2026-08-07T00:00:00+02:00,4314486,0
2315,Paredes,2026-08-08T00:00:00+02:00,4371167,0
2315,Paredes,2026-08-09T00:00:00+02:00,4444613,0
2315,Paredes,2026-08-10T00:00:00+02:00,4499360,0
2315,Paredes,2026-08-11T00:00:00+02:00,4616364,0
2315,Paredes,2026-08-12T00:00:00+02:00,4709638,0
2315,Paredes,2026-08-13T00:00:00+02:00,4806373,0
2315,Paredes,2026-08-14T00:00:00+02:00,4946349,0
2315,Paredes,2026-08-15T00:00:00+02:00,5066124,0
2315,Paredes,2026-08-16T00:00:00+02:00,5141603,0
2316,Gorosabel,2026-06-29T00:00:00+02:00,6400000,0
2316,Gorosabel,2026-06-30T00:00:00+02:00,6400000,0
2316,Gorosabel,2026-07-01T00:00:00+02:00,6400000,0
2316,Gorosabel,2026-07-02T00:00:00+02:00,6400000,0
2316,Gorosabel,2026-07-03T00:00:00+02:00,6403039,0
2316,Gorosabel,2026-07-04T00:00:00+02:00,6410469,0
2316,Gorosabel,2026-07-05T00:00:00+02:00,6416802,0
2316,Gorosabel,2026-07-06T00:00:00+02:00,6424724,0
2316,Gorosabel,2026-07-07T00:00:00+02:00,6424392,0
2316,Gorosabel,2026-07-08T00:00:00+02:00,6257475,0
2316,Gorosabel,2026-07-09T00:00:00+02:00,6123028,0
2316,Gorosabel,2026-07-10T00:00:00+02:00,5958483,0
2316,Gorosabel,2026-07-11T00:00:00+02:00,5794855,0
2316,Gorosabel,2026-07-12T00:00:00+02:00,5638411,0
2316,Gorosabel,2026-07-13T00:00:00+02:00,5493337,0
2316,Gorosabel,2026-07-14T00:00:00+02:00,5352003,0
2316,Gorosabel,2026-07-15T00:00:00+02:00,5212632,0
2316,Gorosabel,2026-07-16T00:00:00+02:00,5089960,0
2316,Gorosabel,2026-07-17T00:00:00+02:00,4968248,0
2316,Gorosabel,2026-07-18T00:00:00+02:00,4839260,0
2316,Gorosabel,2026-07-19T00:00:00+02:00,4718451,0
2316,Gorosabel,2026-07-20T00:00:00+02:00,4623740,0
2316,Gorosabel,2026-07-21T00:00:00+02:00,4516418,0
2316,Gorosabel,2026-07-22T00:00:00+02:00,4402545,0
2316,Gorosabel,2026-07-23T00:00:00+02:00,4312888,0
2316,Gorosabel,2026-07-24T00:00:00+02:00,4206507,0
2316,Gorosabel,2026-07-25T00:00:00+02:00,4104950,0
2316,Gorosabel,2026-07-26T00:00:00+02:00,4000067,0
2316,Gorosabel,2026-07-27T00:00:00+02:00,3899974,0
2316,Gorosabel,2026-07-28T00:00:00+02:00,3800043,0
2316,Gorosabel,2026-07-29T00:00:00+02:00,3691524,0
2316,Gorosabel,2026-07-30T00:00:00+02:00,3589174,0
2316,Gorosabel,2026-07-31T00:00:00+02:00,3490489,0
2316,Gorosabel,2026-08-01T00:00:00+02:00,3390022,0
2316,Gorosabel,2026-08-02T00:00:00+02:00,3291911,0
2316,Gorosabel,2026-08-03T00:00:00+02:00,3195186,0
2316,Gorosabel,2026-08-04T00:00:00+02:00,3101783,0
2316,Gorosabel,2026-08-05T00:00:00+02:00,3009786,0
2316,Gorosabel,2026-08-06T00:00:00+02:00,2918660,0
2316,Gorosabel,2026-08-07T00:00:00+02:00,2830997,0
2316,Gorosabel,2026-08-08T00:00:00+02:00,2745758,0
2316,Gorosabel,2026-08-09T00:00:00+02:00,2668055,0
2316,Gorosabel,2026-08-10T00:00:00+02:00,2591405,0
2316,Gorosabel,2026-08-11T00:00:00+02:00,2518193,0
2316,Gorosabel,2026-08-12T00:00:00+02:00,2452281,0
2316,Gorosabel,2026-08-13T00:00:00+02:00,2395964,0
2316,Gorosabel,2026-08-14T00:00:00+02:00,2346412,0
2316,Gorosabel,2026-08-15T00:00:00+02:00,2312574,0
2316,Gorosabel,2026-08-16T00:00:00+02:00,2276633,0
2323,Lenglet,2026-06-29T00:00:00+02:00,4700000,0
2323,Lenglet,2026-06-30T00:00:00+02:00,4700000,0
2323,Lenglet,2026-07-01T00:00:00+02:00,4700000,0
2323,Lenglet,2026-07-02T00:00:00+02:00,4700000,0
2323,Lenglet,2026-07-03T00:00:00+02:00,4702232,0
2323,Lenglet,2026-07-04T00:00:00+02:00,4707688,0
2323,Lenglet,2026-07-05T00:00:00+02:00,4712338,0
2323,Lenglet,2026-07-06T00:00:00+02:00,4718156,0
2323,Lenglet,2026-07-07T00:00:00+02:00,4717912,0
2323,Lenglet,2026-07-08T00:00:00+02:00,4637324,0
2323,Lenglet,2026-07-09T00:00:00+02:00,4546495,0
2323,Lenglet,2026-07-10T00:00:00+02:00,4413226,0
2323,Lenglet,2026-07-11T00:00:00+02:00,4292295,0
2323,Lenglet,2026-07-12T00:00:00+02:00,4174316,0
2323,Lenglet,2026-07-13T00:00:00+02:00,4079937,0
2323,Lenglet,2026-07-14T00:00:00+02:00,3957009,0
2323,Lenglet,2026-07-15T00:00:00+02:00,3851456,0
2323,Lenglet,2026-07-16T00:00:00+02:00,3748214,0
2323,Lenglet,2026-07-17T00:00:00+02:00,3662594,0
2323,Lenglet,2026-07-18T00:00:00+02:00,3567945,0
2323,Lenglet,2026-07-19T00:00:00+02:00,3479489,0
2323,Lenglet,2026-07-20T00:00:00+02:00,3394515,0
2323,Lenglet,2026-07-21T00:00:00+02:00,3312495,0
2323,Lenglet,2026-07-22T00:00:00+02:00,3217496,0
2323,Lenglet,2026-07-23T00:00:00+02:00,3132934,0
2323,Lenglet,2026-07-24T00:00:00+02:00,3053909,0
2323,Lenglet,2026-07-25T00:00:00+02:00,2978660,0
2323,Lenglet,2026-07-26T00:00:00+02:00,2906079,0
2324,J. M. Giménez,2026-06-29T00:00:00+02:00,8700000,0
2324,J. M. Giménez,2026-06-30T00:00:00+02:00,8700000,0
2324,J. M. Giménez,2026-07-01T00:00:00+02:00,8700000,0
2324,J. M. Giménez,2026-07-02T00:00:00+02:00,8700000,0
2324,J. M. Giménez,2026-07-03T00:00:00+02:00,8704132,0
2324,J. M. Giménez,2026-07-04T00:00:00+02:00,8714232,0
2324,J. M. Giménez,2026-07-05T00:00:00+02:00,8722841,0
2324,J. M. Giménez,2026-07-06T00:00:00+02:00,8733610,0
2324,J. M. Giménez,2026-07-07T00:00:00+02:00,8733158,0
2324,J. M. Giménez,2026-07-08T00:00:00+02:00,8967150,0
2324,J. M. Giménez,2026-07-09T00:00:00+02:00,9092283,0
2324,J. M. Giménez,2026-07-10T00:00:00+02:00,9572545,0
2324,J. M. Giménez,2026-07-11T00:00:00+02:00,9693528,0
2324,J. M. Giménez,2026-07-12T00:00:00+02:00,9682488,0
2324,J. M. Giménez,2026-07-13T00:00:00+02:00,9646073,0
2324,J. M. Giménez,2026-07-14T00:00:00+02:00,9461039,0
2324,J. M. Giménez,2026-07-15T00:00:00+02:00,9289336,0
2324,J. M. Giménez,2026-07-16T00:00:00+02:00,9112266,0
2324,J. M. Giménez,2026-07-17T00:00:00+02:00,8912130,0
2324,J. M. Giménez,2026-07-18T00:00:00+02:00,8729787,0
2324,J. M. Giménez,2026-07-19T00:00:00+02:00,8554680,0
2324,J. M. Giménez,2026-07-20T00:00:00+02:00,8345760,0
2324,J. M. Giménez,2026-07-21T00:00:00+02:00,8162515,0
2324,J. M. Giménez,2026-07-22T00:00:00+02:00,7962623,0
2324,J. M. Giménez,2026-07-23T00:00:00+02:00,7811056,0
2324,J. M. Giménez,2026-07-24T00:00:00+02:00,7639484,0
2324,J. M. Giménez,2026-07-25T00:00:00+02:00,7468901,0
2324,J. M. Giménez,2026-07-26T00:00:00+02:00,7298440,0
2324,J. M. Giménez,2026-07-27T00:00:00+02:00,7143929,0
2324,J. M. Giménez,2026-07-28T00:00:00+02:00,7000143,0
2324,J. M. Giménez,2026-07-29T00:00:00+02:00,6828472,0
2324,J. M. Giménez,2026-07-30T00:00:00+02:00,6686269,0
2324,J. M. Giménez,2026-07-31T00:00:00+02:00,6519289,0
2324,J. M. Giménez,2026-08-01T00:00:00+02:00,6374761,0
2324,J. M. Giménez,2026-08-02T00:00:00+02:00,6224401,0
2324,J. M. Giménez,2026-08-03T00:00:00+02:00,6084724,0
2324,J. M. Giménez,2026-08-04T00:00:00+02:00,5943376,0
2324,J. M. Giménez,2026-08-05T00:00:00+02:00,5800463,0
2324,J. M. Giménez,2026-08-06T00:00:00+02:00,5669911,0
2324,J. M. Giménez,2026-08-07T00:00:00+02:00,5548667,0
2324,J. M. Giménez,2026-08-08T00:00:00+02:00,5422596,0
2324,J. M. Giménez,2026-08-09T00:00:00+02:00,5299747,0
2324,J. M. Giménez,2026-08-10T00:00:00+02:00,5185808,0
2324,J. M. Giménez,2026-08-11T00:00:00+02:00,5072937,0
2324,J. M. Giménez,2026-08-12T00:00:00+02:00,4959184,0
2324,J. M. Giménez,2026-08-13T00:00:00+02:00,4853932,0
2324,J. M. Giménez,2026-08-14T00:00:00+02:00,4749568,0
2324,J. M. Giménez,2026-08-15T00:00:00+02:00,4674280,0
2324,J. M. Giménez,2026-08-16T00:00:00+02:00,4593905,0
2325,Molina,2026-06-29T00:00:00+02:00,5700000,0
2325,Molina,2026-06-30T00:00:00+02:00,5700000,0
2325,Molina,2026-07-01T00:00:00+02:00,5700000,0
2325,Molina,2026-07-02T00:00:00+02:00,5700000,0
2325,Molina,2026-07-03T00:00:00+02:00,5702707,0
2325,Molina,2026-07-04T00:00:00+02:00,5709324,0
2325,Molina,2026-07-05T00:00:00+02:00,5714964,0
2325,Molina,2026-07-06T00:00:00+02:00,5722019,0
2325,Molina,2026-07-07T00:00:00+02:00,5721723,0
2325,Molina,2026-07-08T00:00:00+02:00,5749050,0
2325,Molina,2026-07-09T00:00:00+02:00,5821846,0
2325,Molina,2026-07-10T00:00:00+02:00,5834867,0
2325,Molina,2026-07-11T00:00:00+02:00,5898633,0
2325,Molina,2026-07-12T00:00:00+02:00,5880734,0
2325,Molina,2026-07-13T00:00:00+02:00,5843220,0
2325,Molina,2026-07-14T00:00:00+02:00,5821455,0
2325,Molina,2026-07-15T00:00:00+02:00,5803675,0
2325,Molina,2026-07-16T00:00:00+02:00,5731046,0
2325,Molina,2026-07-17T00:00:00+02:00,5663934,0
2325,Molina,2026-07-18T00:00:00+02:00,5625586,0
2325,Molina,2026-07-19T00:00:00+02:00,5606628,0
2325,Molina,2026-07-20T00:00:00+02:00,5556226,0
2325,Molina,2026-07-21T00:00:00+02:00,5505694,0
2325,Molina,2026-07-22T00:00:00+02:00,5418197,0
2325,Molina,2026-07-23T00:00:00+02:00,5356767,0
2325,Molina,2026-07-24T00:00:00+02:00,5282340,0
2325,Molina,2026-07-25T00:00:00+02:00,5230696,0
2325,Molina,2026-07-26T00:00:00+02:00,5171670,0
2325,Molina,2026-07-27T00:00:00+02:00,5107010,0
2325,Molina,2026-07-28T00:00:00+02:00,5057075,0
2325,Molina,2026-07-29T00:00:00+02:00,4974042,0
2325,Molina,2026-07-30T00:00:00+02:00,4915620,0
2325,Molina,2026-07-31T00:00:00+02:00,4837688,0
2325,Molina,2026-08-01T00:00:00+02:00,4793359,0
2325,Molina,2026-08-02T00:00:00+02:00,4746562,0
2325,Molina,2026-08-03T00:00:00+02:00,4683435,0
2325,Molina,2026-08-04T00:00:00+02:00,4627929,0
2325,Molina,2026-08-05T00:00:00+02:00,4570625,0
2325,Molina,2026-08-06T00:00:00+02:00,4494234,0
2325,Molina,2026-08-07T00:00:00+02:00,4402986,0
2325,Molina,2026-08-08T00:00:00+02:00,4315024,0
2325,Molina,2026-08-09T00:00:00+02:00,4231977,0
2325,Molina,2026-08-10T00:00:00+02:00,4155654,0
2325,Molina,2026-08-11T00:00:00+02:00,4072068,0
2325,Molina,2026-08-12T00:00:00+02:00,3996790,0
2329,Javi Galán,2026-06-29T00:00:00+02:00,15000000,0
2329,Javi Galán,2026-06-30T00:00:00+02:00,15000000,0
2329,Javi Galán,2026-07-01T00:00:00+02:00,15000000,0
2329,Javi Galán,2026-07-02T00:00:00+02:00,15000000,0
2329,Javi Galán,2026-07-03T00:00:00+02:00,15007124,0
2329,Javi Galán,2026-07-04T00:00:00+02:00,15024539,0
2329,Javi Galán,2026-07-05T00:00:00+02:00,15039382,0
2329,Javi Galán,2026-07-06T00:00:00+02:00,15057950,0
2329,Javi Galán,2026-07-07T00:00:00+02:00,15057172,0
2329,Javi Galán,2026-07-08T00:00:00+02:00,15147085,0
2329,Javi Galán,2026-07-09T00:00:00+02:00,15051764,0
2329,Javi Galán,2026-07-10T00:00:00+02:00,15011691,0
2329,Javi Galán,2026-07-11T00:00:00+02:00,14899976,0
2329,Javi Galán,2026-07-12T00:00:00+02:00,14760506,0
2329,Javi Galán,2026-07-13T00:00:00+02:00,14606532,0
2329,Javi Galán,2026-07-14T00:00:00+02:00,14475829,0
2329,Javi Galán,2026-08-11T00:00:00+02:00,14193090,0
2329,Javi Galán,2026-08-12T00:00:00+02:00,13722244,0
2329,Javi Galán,2026-08-13T00:00:00+02:00,13324120,0
2329,Javi Galán,2026-08-14T00:00:00+02:00,12998757,0
2329,Javi Galán,2026-08-15T00:00:00+02:00,12679451,0
2329,Javi Galán,2026-08-16T00:00:00+02:00,12374144,0
2334,Juan Cruz,2026-06-29T00:00:00+02:00,3000000,0
2334,Juan Cruz,2026-06-30T00:00:00+02:00,3000000,0
2334,Juan Cruz,2026-07-01T00:00:00+02:00,3000000,0
2334,Juan Cruz,2026-07-02T00:00:00+02:00,3000000,0
2334,Juan Cruz,2026-07-03T00:00:00+02:00,3001424,0
2334,Juan Cruz,2026-07-04T00:00:00+02:00,3004907,0
2334,Juan Cruz,2026-07-05T00:00:00+02:00,3007875,0
2335,Areso,2026-06-29T00:00:00+02:00,3700000,0
2335,Areso,2026-06-30T00:00:00+02:00,3700000,0
2335,Areso,2026-07-01T00:00:00+02:00,3700000,0
2335,Areso,2026-07-02T00:00:00+02:00,3700000,0
2335,Areso,2026-07-03T00:00:00+02:00,3701757,0
2335,Areso,2026-07-04T00:00:00+02:00,3706052,0
2335,Areso,2026-07-05T00:00:00+02:00,3709713,0
2335,Areso,2026-07-06T00:00:00+02:00,3714293,0
2335,Areso,2026-07-07T00:00:00+02:00,3714101,0
2335,Areso,2026-07-08T00:00:00+02:00,3623991,0
2335,Areso,2026-07-09T00:00:00+02:00,3565068,0
2335,Areso,2026-07-10T00:00:00+02:00,3532129,0
2335,Areso,2026-07-11T00:00:00+02:00,3453256,0
2335,Areso,2026-07-12T00:00:00+02:00,3387796,0
2335,Areso,2026-07-13T00:00:00+02:00,3321928,0
2335,Areso,2026-07-14T00:00:00+02:00,3247357,0
2335,Areso,2026-07-15T00:00:00+02:00,3174077,0
2335,Areso,2026-07-16T00:00:00+02:00,3101476,0
2335,Areso,2026-07-17T00:00:00+02:00,3038367,0
2335,Areso,2026-07-18T00:00:00+02:00,2977368,0
2335,Areso,2026-07-19T00:00:00+02:00,2922312,0
2335,Areso,2026-07-20T00:00:00+02:00,2875689,0
2335,Areso,2026-07-21T00:00:00+02:00,2820938,0
2335,Areso,2026-07-22T00:00:00+02:00,2763767,0
2335,Areso,2026-07-23T00:00:00+02:00,2720791,0
2335,Areso,2026-07-24T00:00:00+02:00,2669793,0
2335,Areso,2026-07-25T00:00:00+02:00,2627997,0
2335,Areso,2026-07-26T00:00:00+02:00,2587681,0
2335,Areso,2026-07-27T00:00:00+02:00,2547176,0
2335,Areso,2026-07-28T00:00:00+02:00,2514148,0
2335,Areso,2026-07-29T00:00:00+02:00,2469389,0
2335,Areso,2026-07-30T00:00:00+02:00,2443493,0
2335,Areso,2026-07-31T00:00:00+02:00,2402651,0
2335,Areso,2026-08-01T00:00:00+02:00,2382567,0
2335,Areso,2026-08-02T00:00:00+02:00,2372019,0
2335,Areso,2026-08-03T00:00:00+02:00,2371176,0
2335,Areso,2026-08-04T00:00:00+02:00,2377448,0
2335,Areso,2026-08-05T00:00:00+02:00,2399024,0
2335,Areso,2026-08-06T00:00:00+02:00,2430013,0
2335,Areso,2026-08-07T00:00:00+02:00,2477209,0
2335,Areso,2026-08-08T00:00:00+02:00,2528339,0
2335,Areso,2026-08-09T00:00:00+02:00,2588119,0
2335,Areso,2026-08-10T00:00:00+02:00,2630613,0
2335,Areso,2026-08-11T00:00:00+02:00,2686055,0
2335,Areso,2026-08-12T00:00:00+02:00,2726422,0
2335,Areso,2026-08-13T00:00:00+02:00,2760963,0
2335,Areso,2026-08-14T00:00:00+02:00,2802509,0
2335,Areso,2026-08-15T00:00:00+02:00,2843072,0
2335,Areso,2026-08-16T00:00:00+02:00,2880831,0
2336,Herrando,2026-06-29T00:00:00+02:00,4500000,0
2336,Herrando,2026-06-30T00:00:00+02:00,4500000,0
2336,Herrando,2026-07-01T00:00:00+02:00,4500000,0
2336,Herrando,2026-07-02T00:00:00+02:00,4500000,0
2336,Herrando,2026-07-03T00:00:00+02:00,4502137,0
2336,Herrando,2026-07-04T00:00:00+02:00,4507361,0
2336,Herrando,2026-07-05T00:00:00+02:00,4511814,0
2336,Herrando,2026-07-06T00:00:00+02:00,4517384,0
2336,Herrando,2026-07-07T00:00:00+02:00,4517150,0
2336,Herrando,2026-07-08T00:00:00+02:00,4406404,0
2336,Herrando,2026-07-09T00:00:00+02:00,4312778,0
2336,Herrando,2026-07-10T00:00:00+02:00,4186931,0
2336,Herrando,2026-07-11T00:00:00+02:00,4054090,0
2336,Herrando,2026-07-12T00:00:00+02:00,3930617,0
2336,Herrando,2026-07-13T00:00:00+02:00,3821993,0
2336,Herrando,2026-07-14T00:00:00+02:00,3707608,0
2336,Herrando,2026-07-15T00:00:00+02:00,3596622,0
2336,Herrando,2026-07-16T00:00:00+02:00,3485417,0
2336,Herrando,2026-07-17T00:00:00+02:00,3389873,0
2336,Herrando,2026-07-18T00:00:00+02:00,3299156,0
2336,Herrando,2026-07-19T00:00:00+02:00,3210871,0
2336,Herrando,2026-07-20T00:00:00+02:00,3123560,0
2336,Herrando,2026-07-21T00:00:00+02:00,3048014,0
2336,Herrando,2026-07-22T00:00:00+02:00,2956041,0
2336,Herrando,2026-07-23T00:00:00+02:00,2872823,0
2336,Herrando,2026-07-24T00:00:00+02:00,2794543,0
2336,Herrando,2026-07-25T00:00:00+02:00,2718575,0
2336,Herrando,2026-07-26T00:00:00+02:00,2649284,0
2336,Herrando,2026-07-27T00:00:00+02:00,2583339,0
2336,Herrando,2026-07-28T00:00:00+02:00,2524114,0
2336,Herrando,2026-07-29T00:00:00+02:00,2455094,0
2336,Herrando,2026-07-30T00:00:00+02:00,2397850,0
2336,Herrando,2026-07-31T00:00:00+02:00,2335213,0
2336,Herrando,2026-08-01T00:00:00+02:00,2283642,0
2336,Herrando,2026-08-02T00:00:00+02:00,2229355,0
2336,Herrando,2026-08-03T00:00:00+02:00,2175802,0
2336,Herrando,2026-08-04T00:00:00+02:00,2122604,0
2336,Herrando,2026-08-05T00:00:00+02:00,2074352,0
2336,Herrando,2026-08-06T00:00:00+02:00,2023379,0
2336,Herrando,2026-08-07T00:00:00+02:00,1979529,0
2336,Herrando,2026-08-08T00:00:00+02:00,1934768,0
2336,Herrando,2026-08-09T00:00:00+02:00,1892569,0
2336,Herrando,2026-08-10T00:00:00+02:00,1852746,0
2336,Herrando,2026-08-11T00:00:00+02:00,1820387,0
2336,Herrando,2026-08-12T00:00:00+02:00,1782226,0
2336,Herrando,2026-08-13T00:00:00+02:00,1746971,0
2336,Herrando,2026-08-14T00:00:00+02:00,1719494,0
2336,Herrando,2026-08-15T00:00:00+02:00,1694866,0
2336,Herrando,2026-08-16T00:00:00+02:00,1671711,0
2346,Álvaro Núñez,2026-06-29T00:00:00+02:00,7000000,0
2346,Álvaro Núñez,2026-06-30T00:00:00+02:00,7000000,0
2346,Álvaro Núñez,2026-07-01T00:00:00+02:00,7000000,0
2346,Álvaro Núñez,2026-07-02T00:00:00+02:00,7000000,0
2346,Álvaro Núñez,2026-07-03T00:00:00+02:00,7003324,0
2346,Álvaro Núñez,2026-07-04T00:00:00+02:00,7011451,0
2346,Álvaro Núñez,2026-07-05T00:00:00+02:00,7018377,0
2346,Álvaro Núñez,2026-07-06T00:00:00+02:00,6752111,0
2346,Álvaro Núñez,2026-07-07T00:00:00+02:00,6751762,0
2346,Álvaro Núñez,2026-07-08T00:00:00+02:00,6796776,0
2346,Álvaro Núñez,2026-07-09T00:00:00+02:00,6978986,0
2346,Álvaro Núñez,2026-07-10T00:00:00+02:00,6871680,0
2346,Álvaro Núñez,2026-07-11T00:00:00+02:00,6836985,0
2346,Álvaro Núñez,2026-07-12T00:00:00+02:00,6701059,0
2346,Álvaro Núñez,2026-07-13T00:00:00+02:00,6616808,0
2346,Álvaro Núñez,2026-07-14T00:00:00+02:00,6522712,0
2346,Álvaro Núñez,2026-07-15T00:00:00+02:00,6446456,0
2346,Álvaro Núñez,2026-07-16T00:00:00+02:00,6354897,0
2346,Álvaro Núñez,2026-07-17T00:00:00+02:00,6238082,0
2346,Álvaro Núñez,2026-07-18T00:00:00+02:00,6120882,0
2346,Álvaro Núñez,2026-07-19T00:00:00+02:00,6007968,0
2346,Álvaro Núñez,2026-07-20T00:00:00+02:00,5888247,0
2346,Álvaro Núñez,2026-07-21T00:00:00+02:00,5779479,0
2346,Álvaro Núñez,2026-07-22T00:00:00+02:00,5669563,0
2346,Álvaro Núñez,2026-07-23T00:00:00+02:00,5557944,0
2346,Álvaro Núñez,2026-07-24T00:00:00+02:00,5446855,0
2346,Álvaro Núñez,2026-07-25T00:00:00+02:00,5337776,0
2346,Álvaro Núñez,2026-07-26T00:00:00+02:00,5235348,0
2346,Álvaro Núñez,2026-07-27T00:00:00+02:00,5130550,0
2346,Álvaro Núñez,2026-07-28T00:00:00+02:00,5037842,0
2346,Álvaro Núñez,2026-07-29T00:00:00+02:00,4928933,0
2346,Álvaro Núñez,2026-07-30T00:00:00+02:00,4822233,0
2346,Álvaro Núñez,2026-07-31T00:00:00+02:00,4713544,0
2346,Álvaro Núñez,2026-08-01T00:00:00+02:00,4624824,0
2346,Álvaro Núñez,2026-08-02T00:00:00+02:00,4543923,0
2346,Álvaro Núñez,2026-08-03T00:00:00+02:00,4462225,0
2346,Álvaro Núñez,2026-08-04T00:00:00+02:00,4373463,0
2346,Álvaro Núñez,2026-08-05T00:00:00+02:00,4291800,0
2346,Álvaro Núñez,2026-08-06T00:00:00+02:00,4214999,0
2346,Álvaro Núñez,2026-08-07T00:00:00+02:00,4141642,0
2346,Álvaro Núñez,2026-08-08T00:00:00+02:00,4065563,0
2346,Álvaro Núñez,2026-08-09T00:00:00+02:00,3998873,0
2346,Álvaro Núñez,2026-08-10T00:00:00+02:00,3934831,0
2346,Álvaro Núñez,2026-08-11T00:00:00+02:00,3876708,0
2346,Álvaro Núñez,2026-08-12T00:00:00+02:00,3820620,0
2346,Álvaro Núñez,2026-08-13T00:00:00+02:00,3761076,0
2346,Álvaro Núñez,2026-08-14T00:00:00+02:00,3707251,0
2346,Álvaro Núñez,2026-08-15T00:00:00+02:00,3671289,0
2346,Álvaro Núñez,2026-08-16T00:00:00+02:00,3630081,0
2353,Christensen,2026-06-29T00:00:00+02:00,5000000,0
2353,Christensen,2026-06-30T00:00:00+02:00,5000000,0
2353,Christensen,2026-07-01T00:00:00+02:00,5000000,0
2353,Christensen,2026-07-02T00:00:00+02:00,5000000,0
2353,Christensen,2026-07-03T00:00:00+02:00,5002374,0
2353,Christensen,2026-07-04T00:00:00+02:00,5008179,0
2353,Christensen,2026-07-05T00:00:00+02:00,5013126,0
2354,Eric,2026-06-29T00:00:00+02:00,59000000,0
2354,Eric,2026-06-30T00:00:00+02:00,59000000,0
2354,Eric,2026-07-01T00:00:00+02:00,59000000,0
2354,Eric,2026-07-02T00:00:00+02:00,59000000,0
2354,Eric,2026-07-03T00:00:00+02:00,59028024,0
2354,Eric,2026-07-04T00:00:00+02:00,59096523,0
2354,Eric,2026-07-05T00:00:00+02:00,59154907,0
2354,Eric,2026-07-31T00:00:00+02:00,57189614,0
2354,Eric,2026-08-01T00:00:00+02:00,55306215,0
2354,Eric,2026-08-02T00:00:00+02:00,54037796,0
2354,Eric,2026-08-03T00:00:00+02:00,53144717,0
2354,Eric,2026-08-04T00:00:00+02:00,52166236,0
2354,Eric,2026-08-05T00:00:00+02:00,51233698,0
2354,Eric,2026-08-06T00:00:00+02:00,50251895,0
2354,Eric,2026-08-07T00:00:00+02:00,49314561,0
2354,Eric,2026-08-08T00:00:00+02:00,48516483,0
2354,Eric,2026-08-09T00:00:00+02:00,47896646,0
2354,Eric,2026-08-10T00:00:00+02:00,47294864,0
2354,Eric,2026-08-11T00:00:00+02:00,46701171,0
2354,Eric,2026-08-12T00:00:00+02:00,46088264,0
2354,Eric,2026-08-13T00:00:00+02:00,45558557,0
2354,Eric,2026-08-14T00:00:00+02:00,45047868,0
2354,Eric,2026-08-15T00:00:00+02:00,44747542,0
2354,Eric,2026-08-16T00:00:00+02:00,44534752,0
2355,Kounde,2026-06-29T00:00:00+02:00,35000000,0
2355,Kounde,2026-06-30T00:00:00+02:00,35000000,0
2355,Kounde,2026-07-01T00:00:00+02:00,35000000,0
2355,Kounde,2026-07-02T00:00:00+02:00,35000000,0
2355,Kounde,2026-07-03T00:00:00+02:00,35016624,0
2355,Kounde,2026-07-04T00:00:00+02:00,35057259,0
2355,Kounde,2026-07-05T00:00:00+02:00,35091893,0
2355,Kounde,2026-07-06T00:00:00+02:00,35135219,0
2355,Kounde,2026-07-07T00:00:00+02:00,35133404,0
2355,Kounde,2026-07-08T00:00:00+02:00,35191604,0
2355,Kounde,2026-07-09T00:00:00+02:00,35754139,0
2355,Kounde,2026-07-10T00:00:00+02:00,36160291,0
2355,Kounde,2026-07-11T00:00:00+02:00,37188921,0
2355,Kounde,2026-07-12T00:00:00+02:00,38527993,0
2355,Kounde,2026-07-13T00:00:00+02:00,39926888,0
2355,Kounde,2026-07-14T00:00:00+02:00,41165399,0
2355,Kounde,2026-07-15T00:00:00+02:00,42301182,0
2355,Kounde,2026-07-16T00:00:00+02:00,43263751,0
2355,Kounde,2026-07-17T00:00:00+02:00,44282080,0
2355,Kounde,2026-07-18T00:00:00+02:00,45353933,0
2355,Kounde,2026-07-19T00:00:00+02:00,46410106,0
2355,Kounde,2026-07-20T00:00:00+02:00,47390920,0
2355,Kounde,2026-07-21T00:00:00+02:00,48510967,0
2355,Kounde,2026-07-22T00:00:00+02:00,48794366,0
2355,Kounde,2026-07-23T00:00:00+02:00,49642181,0
2355,Kounde,2026-07-24T00:00:00+02:00,50208571,0
2355,Kounde,2026-07-25T00:00:00+02:00,51113028,0
2355,Kounde,2026-07-26T00:00:00+02:00,51663352,0
2355,Kounde,2026-07-27T00:00:00+02:00,52178826,0
2355,Kounde,2026-07-28T00:00:00+02:00,52718536,0
2355,Kounde,2026-07-29T00:00:00+02:00,52780626,0
2355,Kounde,2026-07-30T00:00:00+02:00,53029194,0
2355,Kounde,2026-07-31T00:00:00+02:00,52745800,0
2355,Kounde,2026-08-01T00:00:00+02:00,52244317,0
2355,Kounde,2026-08-02T00:00:00+02:00,51476945,0
2355,Kounde,2026-08-03T00:00:00+02:00,50610832,0
2355,Kounde,2026-08-04T00:00:00+02:00,49733494,0
2355,Kounde,2026-08-05T00:00:00+02:00,48809579,0
2355,Kounde,2026-08-06T00:00:00+02:00,47859818,0
2355,Kounde,2026-08-07T00:00:00+02:00,47046077,0
2355,Kounde,2026-08-08T00:00:00+02:00,46242120,0
2355,Kounde,2026-08-09T00:00:00+02:00,45457219,0
2355,Kounde,2026-08-10T00:00:00+02:00,44743305,0
2355,Kounde,2026-08-11T00:00:00+02:00,43995930,0
2355,Kounde,2026-08-12T00:00:00+02:00,43347026,0
2355,Kounde,2026-08-13T00:00:00+02:00,42602847,0
2355,Kounde,2026-08-14T00:00:00+02:00,41889070,0
2355,Kounde,2026-08-15T00:00:00+02:00,41388538,0
2355,Kounde,2026-08-16T00:00:00+02:00,40955364,0
2356,R. Araujo,2026-06-29T00:00:00+02:00,10000000,0
2356,R. Araujo,2026-06-30T00:00:00+02:00,10000000,0
2356,R. Araujo,2026-07-01T00:00:00+02:00,10000000,0
2356,R. Araujo,2026-07-02T00:00:00+02:00,10000000,0
2356,R. Araujo,2026-07-03T00:00:00+02:00,10004749,0
2356,R. Araujo,2026-07-04T00:00:00+02:00,10016359,0
2356,R. Araujo,2026-07-05T00:00:00+02:00,10026254,0
2356,R. Araujo,2026-07-06T00:00:00+02:00,10038632,0
2356,R. Araujo,2026-07-07T00:00:00+02:00,10038113,0
2356,R. Araujo,2026-07-08T00:00:00+02:00,10203001,0
2356,R. Araujo,2026-07-09T00:00:00+02:00,10179258,0
2356,R. Araujo,2026-07-10T00:00:00+02:00,10049335,0
2356,R. Araujo,2026-07-11T00:00:00+02:00,9875237,0
2356,R. Araujo,2026-07-12T00:00:00+02:00,9684415,0
2356,R. Araujo,2026-07-13T00:00:00+02:00,9484172,0
2356,R. Araujo,2026-07-14T00:00:00+02:00,9326157,0
2356,R. Araujo,2026-07-15T00:00:00+02:00,9115402,0
2356,R. Araujo,2026-07-16T00:00:00+02:00,8900488,0
2356,R. Araujo,2026-07-17T00:00:00+02:00,8691179,0
2356,R. Araujo,2026-07-18T00:00:00+02:00,8478416,0
2356,R. Araujo,2026-07-19T00:00:00+02:00,8255825,0
2356,R. Araujo,2026-07-20T00:00:00+02:00,8038961,0
2356,R. Araujo,2026-07-21T00:00:00+02:00,7828681,0
2356,R. Araujo,2026-07-22T00:00:00+02:00,7607112,0
2356,R. Araujo,2026-07-23T00:00:00+02:00,7409852,0
2356,R. Araujo,2026-07-24T00:00:00+02:00,7207049,0
2356,R. Araujo,2026-07-25T00:00:00+02:00,7017399,0
2356,R. Araujo,2026-07-26T00:00:00+02:00,6838888,0
2356,R. Araujo,2026-07-27T00:00:00+02:00,6672867,0
2356,R. Araujo,2026-07-28T00:00:00+02:00,6504775,0
2356,R. Araujo,2026-07-29T00:00:00+02:00,6331727,0
2356,R. Araujo,2026-07-30T00:00:00+02:00,6167763,0
2356,R. Araujo,2026-07-31T00:00:00+02:00,6006473,0
2356,R. Araujo,2026-08-01T00:00:00+02:00,5857381,0
2356,R. Araujo,2026-08-02T00:00:00+02:00,5708954,0
2356,R. Araujo,2026-08-03T00:00:00+02:00,5564855,0
2356,R. Araujo,2026-08-04T00:00:00+02:00,5426870,0
2356,R. Araujo,2026-08-05T00:00:00+02:00,5295409,0
2356,R. Araujo,2026-08-06T00:00:00+02:00,5161137,0
2356,R. Araujo,2026-08-07T00:00:00+02:00,5035985,0
2356,R. Araujo,2026-08-08T00:00:00+02:00,4912676,0
2356,R. Araujo,2026-08-09T00:00:00+02:00,4775350,0
2356,R. Araujo,2026-08-10T00:00:00+02:00,4635257,0
2366,Rico,2026-06-29T00:00:00+02:00,4900000,0
2366,Rico,2026-06-30T00:00:00+02:00,4900000,0
2366,Rico,2026-07-01T00:00:00+02:00,4900000,0
2366,Rico,2026-07-02T00:00:00+02:00,4900000,0
2366,Rico,2026-07-03T00:00:00+02:00,4902327,0
2366,Rico,2026-07-04T00:00:00+02:00,4908015,0
2366,Rico,2026-07-05T00:00:00+02:00,4912863,0
2379,A. Mumin,2026-06-29T00:00:00+02:00,6000000,0
2379,A. Mumin,2026-06-30T00:00:00+02:00,6000000,0
2379,A. Mumin,2026-07-01T00:00:00+02:00,6000000,0
2379,A. Mumin,2026-07-02T00:00:00+02:00,6000000,0
2379,A. Mumin,2026-07-03T00:00:00+02:00,6002849,0
2379,A. Mumin,2026-07-04T00:00:00+02:00,6009815,0
2379,A. Mumin,2026-07-05T00:00:00+02:00,6015752,0
2380,Pacha,2026-06-29T00:00:00+02:00,3500000,0
2380,Pacha,2026-06-30T00:00:00+02:00,3500000,0
2380,Pacha,2026-07-01T00:00:00+02:00,3500000,0
2380,Pacha,2026-07-02T00:00:00+02:00,3500000,0
2380,Pacha,2026-07-03T00:00:00+02:00,3501662,0
2380,Pacha,2026-07-04T00:00:00+02:00,3505725,0
2380,Pacha,2026-07-05T00:00:00+02:00,3509188,0
2389,O. Mingueza,2026-06-29T00:00:00+02:00,15000000,0
2389,O. Mingueza,2026-06-30T00:00:00+02:00,15000000,0
2389,O. Mingueza,2026-07-01T00:00:00+02:00,15000000,0
2389,O. Mingueza,2026-07-02T00:00:00+02:00,15000000,0
2389,O. Mingueza,2026-07-03T00:00:00+02:00,15007124,0
2389,O. Mingueza,2026-07-04T00:00:00+02:00,15024539,0
2389,O. Mingueza,2026-07-05T00:00:00+02:00,15039382,0
2390,Starfelt,2026-06-29T00:00:00+02:00,10000000,0
2390,Starfelt,2026-06-30T00:00:00+02:00,10000000,0
2390,Starfelt,2026-07-01T00:00:00+02:00,10000000,0
2390,Starfelt,2026-07-02T00:00:00+02:00,10000000,0
2390,Starfelt,2026-07-03T00:00:00+02:00,10004749,0
2390,Starfelt,2026-07-04T00:00:00+02:00,10016359,0
2390,Starfelt,2026-07-05T00:00:00+02:00,10026254,0
2390,Starfelt,2026-07-06T00:00:00+02:00,10038632,0
2390,Starfelt,2026-07-07T00:00:00+02:00,10038113,0
2390,Starfelt,2026-07-08T00:00:00+02:00,10781887,0
2390,Starfelt,2026-07-09T00:00:00+02:00,10897557,0
2390,Starfelt,2026-07-10T00:00:00+02:00,11027770,0
2390,Starfelt,2026-07-11T00:00:00+02:00,11199257,0
2390,Starfelt,2026-07-12T00:00:00+02:00,11107630,0
2390,Starfelt,2026-07-13T00:00:00+02:00,11060042,0
2390,Starfelt,2026-07-14T00:00:00+02:00,11003154,0
2390,Starfelt,2026-07-15T00:00:00+02:00,10950590,0
2390,Starfelt,2026-07-16T00:00:00+02:00,10842789,0
2390,Starfelt,2026-07-17T00:00:00+02:00,10763397,0
2390,Starfelt,2026-07-18T00:00:00+02:00,10768184,0
2390,Starfelt,2026-07-19T00:00:00+02:00,10720881,0
2390,Starfelt,2026-07-20T00:00:00+02:00,10655396,0
2390,Starfelt,2026-07-21T00:00:00+02:00,10578787,0
2390,Starfelt,2026-07-22T00:00:00+02:00,10439475,0
2390,Starfelt,2026-07-23T00:00:00+02:00,10411469,0
2390,Starfelt,2026-07-24T00:00:00+02:00,10394868,0
2390,Starfelt,2026-07-25T00:00:00+02:00,10382856,0
2390,Starfelt,2026-07-26T00:00:00+02:00,10373167,0
2390,Starfelt,2026-07-27T00:00:00+02:00,10286942,0
2390,Starfelt,2026-07-28T00:00:00+02:00,10229718,0
2390,Starfelt,2026-07-29T00:00:00+02:00,10179167,0
2390,Starfelt,2026-07-30T00:00:00+02:00,10228219,0
2390,Starfelt,2026-07-31T00:00:00+02:00,10320048,0
2390,Starfelt,2026-08-01T00:00:00+02:00,10564101,0
2390,Starfelt,2026-08-02T00:00:00+02:00,10746466,0
2390,Starfelt,2026-08-03T00:00:00+02:00,11038290,0
2390,Starfelt,2026-08-04T00:00:00+02:00,11334105,0
2390,Starfelt,2026-08-05T00:00:00+02:00,11670927,0
2390,Starfelt,2026-08-06T00:00:00+02:00,11929378,0
2390,Starfelt,2026-08-07T00:00:00+02:00,12228863,0
2390,Starfelt,2026-08-08T00:00:00+02:00,12469219,0
2390,Starfelt,2026-08-09T00:00:00+02:00,12725509,0
2390,Starfelt,2026-08-10T00:00:00+02:00,12939598,0
2390,Starfelt,2026-08-11T00:00:00+02:00,13230374,0
2390,Starfelt,2026-08-12T00:00:00+02:00,13512324,0
2390,Starfelt,2026-08-13T00:00:00+02:00,13572748,0
2390,Starfelt,2026-08-14T00:00:00+02:00,13744314,0
2390,Starfelt,2026-08-15T00:00:00+02:00,13847775,0
2390,Starfelt,2026-08-16T00:00:00+02:00,13983235,0
2391,Ristic,2026-06-29T00:00:00+02:00,900000,0
2391,Ristic,2026-06-30T00:00:00+02:00,900000,0
2391,Ristic,2026-07-01T00:00:00+02:00,900000,0
2391,Ristic,2026-07-02T00:00:00+02:00,900000,0
2391,Ristic,2026-07-03T00:00:00+02:00,900427,0
2391,Ristic,2026-07-04T00:00:00+02:00,901471,0
2391,Ristic,2026-07-05T00:00:00+02:00,902361,0
2392,C. Dominguez,2026-06-29T00:00:00+02:00,1600000,0
2392,C. Dominguez,2026-06-30T00:00:00+02:00,1600000,0
2392,C. Dominguez,2026-07-01T00:00:00+02:00,1600000,0
2392,C. Dominguez,2026-07-02T00:00:00+02:00,1600000,0
2392,C. Dominguez,2026-07-03T00:00:00+02:00,1600759,0
2392,C. Dominguez,2026-07-04T00:00:00+02:00,1602616,0
2392,C. Dominguez,2026-07-05T00:00:00+02:00,1604199,0
2392,C. Dominguez,2026-07-06T00:00:00+02:00,1606179,0
2392,C. Dominguez,2026-07-07T00:00:00+02:00,1606096,0
2392,C. Dominguez,2026-07-08T00:00:00+02:00,1561283,0
2392,C. Dominguez,2026-07-09T00:00:00+02:00,1524984,0
2392,C. Dominguez,2026-07-10T00:00:00+02:00,1474556,0
2392,C. Dominguez,2026-07-11T00:00:00+02:00,1431529,0
2392,C. Dominguez,2026-07-12T00:00:00+02:00,1392770,0
2392,C. Dominguez,2026-07-13T00:00:00+02:00,1353945,0
2392,C. Dominguez,2026-07-14T00:00:00+02:00,1315064,0
2392,C. Dominguez,2026-07-15T00:00:00+02:00,1277297,0
2392,C. Dominguez,2026-07-16T00:00:00+02:00,1241203,0
2392,C. Dominguez,2026-07-17T00:00:00+02:00,1206985,0
2392,C. Dominguez,2026-07-18T00:00:00+02:00,1173993,0
2392,C. Dominguez,2026-07-19T00:00:00+02:00,1142941,0
2392,C. Dominguez,2026-07-20T00:00:00+02:00,1113593,0
2392,C. Dominguez,2026-07-21T00:00:00+02:00,1086809,0
2392,C. Dominguez,2026-07-22T00:00:00+02:00,1056632,0
2392,C. Dominguez,2026-07-23T00:00:00+02:00,1029214,0
2392,C. Dominguez,2026-07-24T00:00:00+02:00,1001942,0
2392,C. Dominguez,2026-07-25T00:00:00+02:00,977415,0
2392,C. Dominguez,2026-07-26T00:00:00+02:00,954489,0
2392,C. Dominguez,2026-07-27T00:00:00+02:00,932088,0
2392,C. Dominguez,2026-07-28T00:00:00+02:00,910703,0
2392,C. Dominguez,2026-07-29T00:00:00+02:00,887969,0
2392,C. Dominguez,2026-07-30T00:00:00+02:00,866866,0
2392,C. Dominguez,2026-07-31T00:00:00+02:00,846156,0
2392,C. Dominguez,2026-08-01T00:00:00+02:00,826379,0
2392,C. Dominguez,2026-08-02T00:00:00+02:00,808307,0
2392,C. Dominguez,2026-08-03T00:00:00+02:00,793266,0
2392,C. Dominguez,2026-08-04T00:00:00+02:00,775278,0
2392,C. Dominguez,2026-08-05T00:00:00+02:00,758081,0
2392,C. Dominguez,2026-08-06T00:00:00+02:00,741077,0
2392,C. Dominguez,2026-08-07T00:00:00+02:00,724851,0
2392,C. Dominguez,2026-08-08T00:00:00+02:00,709757,0
2392,C. Dominguez,2026-08-09T00:00:00+02:00,696283,0
2392,C. Dominguez,2026-08-10T00:00:00+02:00,683567,0
2398,F. Calero,2026-06-29T00:00:00+02:00,3500000,0
2398,F. Calero,2026-06-30T00:00:00+02:00,3500000,0
2398,F. Calero,2026-07-01T00:00:00+02:00,3500000,0
2398,F. Calero,2026-07-02T00:00:00+02:00,3500000,0
2398,F. Calero,2026-07-03T00:00:00+02:00,3501662,0
2398,F. Calero,2026-07-04T00:00:00+02:00,3505725,0
2398,F. Calero,2026-07-05T00:00:00+02:00,3509188,0
2398,F. Calero,2026-08-10T00:00:00+02:00,3395125,0
2398,F. Calero,2026-08-11T00:00:00+02:00,3283163,0
2398,F. Calero,2026-08-12T00:00:00+02:00,3224468,0
2398,F. Calero,2026-08-13T00:00:00+02:00,3126925,0
2398,F. Calero,2026-08-14T00:00:00+02:00,3031130,0
2398,F. Calero,2026-08-15T00:00:00+02:00,2943363,0
2398,F. Calero,2026-08-16T00:00:00+02:00,2858839,0
2403,Copete,2026-06-29T00:00:00+02:00,6000000,0
2403,Copete,2026-06-30T00:00:00+02:00,6000000,0
2403,Copete,2026-07-01T00:00:00+02:00,6000000,0
2403,Copete,2026-07-02T00:00:00+02:00,6000000,0
2403,Copete,2026-07-03T00:00:00+02:00,6002849,0
2403,Copete,2026-07-04T00:00:00+02:00,6009815,0
2403,Copete,2026-07-05T00:00:00+02:00,6015752,0
2403,Copete,2026-07-06T00:00:00+02:00,6023179,0
2403,Copete,2026-07-07T00:00:00+02:00,6022867,0
2403,Copete,2026-07-08T00:00:00+02:00,6004275,0
2403,Copete,2026-07-09T00:00:00+02:00,5969325,0
2403,Copete,2026-07-10T00:00:00+02:00,5835883,0
2403,Copete,2026-07-11T00:00:00+02:00,5696698,0
2403,Copete,2026-07-12T00:00:00+02:00,5558915,0
2403,Copete,2026-07-13T00:00:00+02:00,5446971,0
2403,Copete,2026-07-14T00:00:00+02:00,5303271,0
2403,Copete,2026-07-15T00:00:00+02:00,5179932,0
2403,Copete,2026-07-16T00:00:00+02:00,5049379,0
2403,Copete,2026-07-17T00:00:00+02:00,4891156,0
2403,Copete,2026-07-18T00:00:00+02:00,4741782,0
2403,Copete,2026-07-19T00:00:00+02:00,4591001,0
2403,Copete,2026-07-20T00:00:00+02:00,4451442,0
2403,Copete,2026-07-21T00:00:00+02:00,4315423,0
2403,Copete,2026-07-22T00:00:00+02:00,4178094,0
2403,Copete,2026-07-23T00:00:00+02:00,4049092,0
2403,Copete,2026-07-24T00:00:00+02:00,3920442,0
2403,Copete,2026-07-25T00:00:00+02:00,3799438,0
2403,Copete,2026-07-26T00:00:00+02:00,3684035,0
2403,Copete,2026-07-27T00:00:00+02:00,3576375,0
2403,Copete,2026-07-28T00:00:00+02:00,3465114,0
2403,Copete,2026-07-29T00:00:00+02:00,3354303,0
2403,Copete,2026-07-30T00:00:00+02:00,3249059,0
2403,Copete,2026-07-31T00:00:00+02:00,3146583,0
2403,Copete,2026-08-01T00:00:00+02:00,3045989,0
2403,Copete,2026-08-02T00:00:00+02:00,2949318,0
2403,Copete,2026-08-03T00:00:00+02:00,2855693,0
2403,Copete,2026-08-04T00:00:00+02:00,2763639,0
2403,Copete,2026-08-05T00:00:00+02:00,2674943,0
2403,Copete,2026-08-06T00:00:00+02:00,2589614,0
2403,Copete,2026-08-07T00:00:00+02:00,2505368,0
2403,Copete,2026-08-08T00:00:00+02:00,2425301,0
2403,Copete,2026-08-09T00:00:00+02:00,2349751,0
2403,Copete,2026-08-10T00:00:00+02:00,2276225,0
2403,Copete,2026-08-11T00:00:00+02:00,2204476,0
2403,Copete,2026-08-12T00:00:00+02:00,2133962,0
2403,Copete,2026-08-13T00:00:00+02:00,2064854,0
2403,Copete,2026-08-14T00:00:00+02:00,1996958,0
2403,Copete,2026-08-15T00:00:00+02:00,1934086,0
2403,Copete,2026-08-16T00:00:00+02:00,1877657,0
2414,Bellerín,2026-06-29T00:00:00+02:00,10000000,0
2414,Bellerín,2026-06-30T00:00:00+02:00,10000000,0
2414,Bellerín,2026-07-01T00:00:00+02:00,10000000,0
2414,Bellerín,2026-07-02T00:00:00+02:00,10000000,0
2414,Bellerín,2026-07-03T00:00:00+02:00,10004749,0
2414,Bellerín,2026-07-04T00:00:00+02:00,10016359,0
2414,Bellerín,2026-07-05T00:00:00+02:00,10026254,0
2414,Bellerín,2026-07-06T00:00:00+02:00,10038632,0
2414,Bellerín,2026-07-07T00:00:00+02:00,10038113,0
2414,Bellerín,2026-07-08T00:00:00+02:00,10530394,0
2414,Bellerín,2026-07-09T00:00:00+02:00,10579923,0
2414,Bellerín,2026-07-10T00:00:00+02:00,10671554,0
2414,Bellerín,2026-07-11T00:00:00+02:00,10764688,0
2414,Bellerín,2026-07-12T00:00:00+02:00,10809949,0
2414,Bellerín,2026-07-13T00:00:00+02:00,10903684,0
2414,Bellerín,2026-07-14T00:00:00+02:00,10901737,0
2414,Bellerín,2026-07-15T00:00:00+02:00,10937624,0
2414,Bellerín,2026-07-16T00:00:00+02:00,10857864,0
2414,Bellerín,2026-07-17T00:00:00+02:00,10828425,0
2414,Bellerín,2026-07-18T00:00:00+02:00,10773058,0
2414,Bellerín,2026-07-19T00:00:00+02:00,10692263,0
2414,Bellerín,2026-07-20T00:00:00+02:00,10616167,0
2414,Bellerín,2026-07-21T00:00:00+02:00,10510431,0
2414,Bellerín,2026-07-22T00:00:00+02:00,10364849,0
2414,Bellerín,2026-07-23T00:00:00+02:00,10311436,0
2414,Bellerín,2026-07-24T00:00:00+02:00,10244528,0
2414,Bellerín,2026-07-25T00:00:00+02:00,10182601,0
2414,Bellerín,2026-07-26T00:00:00+02:00,10176493,0
2414,Bellerín,2026-07-27T00:00:00+02:00,10137764,0
2414,Bellerín,2026-07-28T00:00:00+02:00,10118067,0
2414,Bellerín,2026-07-29T00:00:00+02:00,10103461,0
2414,Bellerín,2026-07-30T00:00:00+02:00,10126875,0
2414,Bellerín,2026-07-31T00:00:00+02:00,10249614,0
2414,Bellerín,2026-08-01T00:00:00+02:00,10424107,0
2414,Bellerín,2026-08-02T00:00:00+02:00,10659865,0
2414,Bellerín,2026-08-03T00:00:00+02:00,10934661,0
2414,Bellerín,2026-08-04T00:00:00+02:00,11205250,0
2414,Bellerín,2026-08-05T00:00:00+02:00,11462380,0
2414,Bellerín,2026-08-06T00:00:00+02:00,11655893,0
2414,Bellerín,2026-08-07T00:00:00+02:00,11917559,0
2414,Bellerín,2026-08-08T00:00:00+02:00,12182025,0
2414,Bellerín,2026-08-09T00:00:00+02:00,12463071,0
2414,Bellerín,2026-08-10T00:00:00+02:00,12763553,0
2414,Bellerín,2026-08-11T00:00:00+02:00,12950476,0
2414,Bellerín,2026-08-12T00:00:00+02:00,13293984,0
2414,Bellerín,2026-08-13T00:00:00+02:00,13459699,0
2414,Bellerín,2026-08-14T00:00:00+02:00,13718159,0
2414,Bellerín,2026-08-15T00:00:00+02:00,14060687,0
2414,Bellerín,2026-08-16T00:00:00+02:00,14291460,0
2415,Llorente ,2026-06-29T00:00:00+02:00,7800000,0
2415,Llorente ,2026-06-30T00:00:00+02:00,7800000,0
2415,Llorente ,2026-07-01T00:00:00+02:00,7800000,0
2415,Llorente ,2026-07-02T00:00:00+02:00,7800000,0
2415,Llorente ,2026-07-03T00:00:00+02:00,7803704,0
2415,Llorente ,2026-07-04T00:00:00+02:00,7812759,0
2415,Llorente ,2026-07-05T00:00:00+02:00,7820477,0
2415,Llorente ,2026-07-06T00:00:00+02:00,7830132,0
2415,Llorente ,2026-07-07T00:00:00+02:00,7829727,0
2415,Llorente ,2026-07-08T00:00:00+02:00,9024356,0
2415,Llorente ,2026-07-09T00:00:00+02:00,8926954,0
2415,Llorente ,2026-07-10T00:00:00+02:00,9073711,0
2415,Llorente ,2026-07-11T00:00:00+02:00,9275713,0
2415,Llorente ,2026-07-12T00:00:00+02:00,9296409,0
2415,Llorente ,2026-07-13T00:00:00+02:00,9283497,0
2415,Llorente ,2026-07-14T00:00:00+02:00,9199654,0
2415,Llorente ,2026-07-15T00:00:00+02:00,9130743,0
2415,Llorente ,2026-07-16T00:00:00+02:00,9021647,0
2415,Llorente ,2026-07-17T00:00:00+02:00,8957572,0
2415,Llorente ,2026-07-18T00:00:00+02:00,8890724,0
2415,Llorente ,2026-07-19T00:00:00+02:00,8844093,0
2415,Llorente ,2026-07-20T00:00:00+02:00,8815700,0
2415,Llorente ,2026-07-21T00:00:00+02:00,8752418,0
2415,Llorente ,2026-07-22T00:00:00+02:00,8649220,0
2415,Llorente ,2026-07-23T00:00:00+02:00,8653695,0
2415,Llorente ,2026-07-24T00:00:00+02:00,8720826,0
2415,Llorente ,2026-07-25T00:00:00+02:00,8890976,0
2415,Llorente ,2026-07-26T00:00:00+02:00,9137628,0
2415,Llorente ,2026-07-27T00:00:00+02:00,9282706,0
2415,Llorente ,2026-07-28T00:00:00+02:00,9508315,0
2415,Llorente ,2026-07-29T00:00:00+02:00,9667182,0
2415,Llorente ,2026-07-30T00:00:00+02:00,9833629,0
2415,Llorente ,2026-07-31T00:00:00+02:00,9978527,0
2415,Llorente ,2026-08-01T00:00:00+02:00,10220894,0
2415,Llorente ,2026-08-02T00:00:00+02:00,10510891,0
2415,Llorente ,2026-08-03T00:00:00+02:00,10837135,0
2415,Llorente ,2026-08-04T00:00:00+02:00,11093597,0
2415,Llorente ,2026-08-05T00:00:00+02:00,11341692,0
2415,Llorente ,2026-08-06T00:00:00+02:00,11591284,0
2415,Llorente ,2026-08-07T00:00:00+02:00,11799053,0
2415,Llorente ,2026-08-08T00:00:00+02:00,12016207,0
2415,Llorente ,2026-08-09T00:00:00+02:00,12228710,0
2415,Llorente ,2026-08-10T00:00:00+02:00,12471912,0
2415,Llorente ,2026-08-11T00:00:00+02:00,12691486,0
2415,Llorente ,2026-08-12T00:00:00+02:00,12835960,0
2415,Llorente ,2026-08-13T00:00:00+02:00,12937923,0
2415,Llorente ,2026-08-14T00:00:00+02:00,13015261,0
2415,Llorente ,2026-08-15T00:00:00+02:00,13136690,0
2415,Llorente ,2026-08-16T00:00:00+02:00,13251307,0
2425,F. Mendy,2026-06-29T00:00:00+02:00,2000000,0
2425,F. Mendy,2026-06-30T00:00:00+02:00,2000000,0
2425,F. Mendy,2026-07-01T00:00:00+02:00,2000000,0
2425,F. Mendy,2026-07-02T00:00:00+02:00,2000000,0
2425,F. Mendy,2026-07-03T00:00:00+02:00,2000949,0
2425,F. Mendy,2026-07-04T00:00:00+02:00,2003271,0
2425,F. Mendy,2026-07-05T00:00:00+02:00,2005250,0
2425,F. Mendy,2026-07-06T00:00:00+02:00,2007725,0
2425,F. Mendy,2026-07-07T00:00:00+02:00,2007621,0
2425,F. Mendy,2026-07-08T00:00:00+02:00,1969599,0
2425,F. Mendy,2026-07-09T00:00:00+02:00,1928272,0
2425,F. Mendy,2026-07-10T00:00:00+02:00,1886581,0
2425,F. Mendy,2026-07-11T00:00:00+02:00,1846162,0
2425,F. Mendy,2026-07-12T00:00:00+02:00,1801045,0
2425,F. Mendy,2026-07-13T00:00:00+02:00,1755966,0
2425,F. Mendy,2026-07-14T00:00:00+02:00,1716185,0
2425,F. Mendy,2026-07-15T00:00:00+02:00,1675797,0
2425,F. Mendy,2026-07-16T00:00:00+02:00,1632635,0
2425,F. Mendy,2026-07-17T00:00:00+02:00,1584907,0
2425,F. Mendy,2026-07-18T00:00:00+02:00,1538954,0
2425,F. Mendy,2026-07-19T00:00:00+02:00,1494830,0
2425,F. Mendy,2026-07-20T00:00:00+02:00,1451437,0
2425,F. Mendy,2026-07-21T00:00:00+02:00,1411218,0
2425,F. Mendy,2026-07-22T00:00:00+02:00,1369146,0
2425,F. Mendy,2026-07-23T00:00:00+02:00,1330710,0
2425,F. Mendy,2026-07-24T00:00:00+02:00,1291378,0
2425,F. Mendy,2026-07-25T00:00:00+02:00,1255273,0
2425,F. Mendy,2026-07-26T00:00:00+02:00,1221233,0
2425,F. Mendy,2026-07-27T00:00:00+02:00,1188163,0
2425,F. Mendy,2026-07-28T00:00:00+02:00,1156535,0
2425,F. Mendy,2026-07-29T00:00:00+02:00,1123967,0
2425,F. Mendy,2026-07-30T00:00:00+02:00,1093424,0
2425,F. Mendy,2026-07-31T00:00:00+02:00,1063652,0
2425,F. Mendy,2026-08-01T00:00:00+02:00,1041608,0
2425,F. Mendy,2026-08-02T00:00:00+02:00,1014927,0
2425,F. Mendy,2026-08-03T00:00:00+02:00,988739,0
2425,F. Mendy,2026-08-04T00:00:00+02:00,962932,0
2425,F. Mendy,2026-08-05T00:00:00+02:00,938229,0
2425,F. Mendy,2026-08-06T00:00:00+02:00,914019,0
2425,F. Mendy,2026-08-07T00:00:00+02:00,890875,0
2425,F. Mendy,2026-08-08T00:00:00+02:00,869140,0
2425,F. Mendy,2026-08-09T00:00:00+02:00,849291,0
2425,F. Mendy,2026-08-10T00:00:00+02:00,830455,0
2425,F. Mendy,2026-08-11T00:00:00+02:00,811282,0
2425,F. Mendy,2026-08-12T00:00:00+02:00,792482,0
2425,F. Mendy,2026-08-13T00:00:00+02:00,773322,0
2425,F. Mendy,2026-08-14T00:00:00+02:00,754205,0
2425,F. Mendy,2026-08-15T00:00:00+02:00,746570,0
2425,F. Mendy,2026-08-16T00:00:00+02:00,731626,0
2426,E. Militão,2026-06-29T00:00:00+02:00,30000000,0
2426,E. Militão,2026-06-30T00:00:00+02:00,30000000,0
2426,E. Militão,2026-07-01T00:00:00+02:00,30000000,0
2426,E. Militão,2026-07-02T00:00:00+02:00,30000000,0
2426,E. Militão,2026-07-03T00:00:00+02:00,30014249,0
2426,E. Militão,2026-07-04T00:00:00+02:00,30049079,0
2426,E. Militão,2026-07-05T00:00:00+02:00,30078766,0
2426,E. Militão,2026-07-06T00:00:00+02:00,30115902,0
2426,E. Militão,2026-07-07T00:00:00+02:00,30114346,0
2426,E. Militão,2026-07-08T00:00:00+02:00,29912314,0
2426,E. Militão,2026-07-09T00:00:00+02:00,29770509,0
2426,E. Militão,2026-07-10T00:00:00+02:00,29467684,0
2426,E. Militão,2026-07-11T00:00:00+02:00,29316827,0
2426,E. Militão,2026-07-12T00:00:00+02:00,29178159,0
2426,E. Militão,2026-07-13T00:00:00+02:00,29058931,0
2426,E. Militão,2026-07-14T00:00:00+02:00,28978263,0
2426,E. Militão,2026-07-15T00:00:00+02:00,28725186,0
2426,E. Militão,2026-07-16T00:00:00+02:00,28377602,0
2426,E. Militão,2026-07-17T00:00:00+02:00,27637125,0
2426,E. Militão,2026-07-18T00:00:00+02:00,26907423,0
2426,E. Militão,2026-07-19T00:00:00+02:00,26222145,0
2426,E. Militão,2026-07-20T00:00:00+02:00,25514099,0
2426,E. Militão,2026-07-21T00:00:00+02:00,24817263,0
2426,E. Militão,2026-07-22T00:00:00+02:00,24040793,0
2426,E. Militão,2026-07-23T00:00:00+02:00,23327971,0
2426,E. Militão,2026-07-24T00:00:00+02:00,22681509,0
2426,E. Militão,2026-07-25T00:00:00+02:00,22063702,0
2426,E. Militão,2026-07-26T00:00:00+02:00,21437606,0
2426,E. Militão,2026-07-27T00:00:00+02:00,20822669,0
2426,E. Militão,2026-07-28T00:00:00+02:00,20270471,0
2426,E. Militão,2026-07-29T00:00:00+02:00,19678066,0
2426,E. Militão,2026-07-30T00:00:00+02:00,19123255,0
2426,E. Militão,2026-07-31T00:00:00+02:00,18575508,0
2426,E. Militão,2026-08-01T00:00:00+02:00,18072811,0
2426,E. Militão,2026-08-02T00:00:00+02:00,17569694,0
2426,E. Militão,2026-08-03T00:00:00+02:00,17053876,0
2426,E. Militão,2026-08-04T00:00:00+02:00,16564263,0
2426,E. Militão,2026-08-05T00:00:00+02:00,16080832,0
2426,E. Militão,2026-08-06T00:00:00+02:00,15608584,0
2426,E. Militão,2026-08-07T00:00:00+02:00,15161137,0
2426,E. Militão,2026-08-08T00:00:00+02:00,14741482,0
2426,E. Militão,2026-08-09T00:00:00+02:00,14340649,0
2426,E. Militão,2026-08-10T00:00:00+02:00,13948770,0
2426,E. Militão,2026-08-11T00:00:00+02:00,13549183,0
2426,E. Militão,2026-08-12T00:00:00+02:00,13161455,0
2426,E. Militão,2026-08-13T00:00:00+02:00,12781086,0
2426,E. Militão,2026-08-14T00:00:00+02:00,12392805,0
2426,E. Militão,2026-08-15T00:00:00+02:00,12041791,0
2426,E. Militão,2026-08-16T00:00:00+02:00,11728483,0
2428,Rüdiger,2026-06-29T00:00:00+02:00,40900000,0
2428,Rüdiger,2026-06-30T00:00:00+02:00,40900000,0
2428,Rüdiger,2026-07-01T00:00:00+02:00,40900000,0
2428,Rüdiger,2026-07-02T00:00:00+02:00,40900000,0
2428,Rüdiger,2026-07-03T00:00:00+02:00,40919426,0
2428,Rüdiger,2026-07-04T00:00:00+02:00,40966911,0
2428,Rüdiger,2026-07-05T00:00:00+02:00,41007384,0
2428,Rüdiger,2026-07-06T00:00:00+02:00,41058013,0
2428,Rüdiger,2026-07-07T00:00:00+02:00,41055892,0
2428,Rüdiger,2026-07-08T00:00:00+02:00,40902596,0
2428,Rüdiger,2026-07-09T00:00:00+02:00,40961887,0
2428,Rüdiger,2026-07-10T00:00:00+02:00,40748284,0
2428,Rüdiger,2026-07-11T00:00:00+02:00,40381812,0
2428,Rüdiger,2026-07-12T00:00:00+02:00,40138603,0
2428,Rüdiger,2026-07-13T00:00:00+02:00,39834000,0
2428,Rüdiger,2026-07-14T00:00:00+02:00,39224067,0
2428,Rüdiger,2026-07-15T00:00:00+02:00,38763269,0
2428,Rüdiger,2026-07-16T00:00:00+02:00,38276202,0
2428,Rüdiger,2026-07-17T00:00:00+02:00,37922516,0
2428,Rüdiger,2026-07-18T00:00:00+02:00,37577769,0
2428,Rüdiger,2026-07-19T00:00:00+02:00,37126699,0
2428,Rüdiger,2026-07-20T00:00:00+02:00,36620722,0
2428,Rüdiger,2026-07-21T00:00:00+02:00,36115336,0
2428,Rüdiger,2026-07-22T00:00:00+02:00,35485162,0
2428,Rüdiger,2026-07-23T00:00:00+02:00,34904873,0
2428,Rüdiger,2026-07-24T00:00:00+02:00,34395628,0
2428,Rüdiger,2026-07-25T00:00:00+02:00,33981287,0
2428,Rüdiger,2026-07-26T00:00:00+02:00,33603580,0
2428,Rüdiger,2026-07-27T00:00:00+02:00,33144950,0
2428,Rüdiger,2026-07-28T00:00:00+02:00,32823373,0
2428,Rüdiger,2026-07-29T00:00:00+02:00,32321684,0
2428,Rüdiger,2026-07-30T00:00:00+02:00,31857846,0
2428,Rüdiger,2026-07-31T00:00:00+02:00,31384806,0
2428,Rüdiger,2026-08-01T00:00:00+02:00,31061377,0
2428,Rüdiger,2026-08-02T00:00:00+02:00,30673838,0
2428,Rüdiger,2026-08-03T00:00:00+02:00,30189935,0
2428,Rüdiger,2026-08-04T00:00:00+02:00,29813507,0
2428,Rüdiger,2026-08-05T00:00:00+02:00,29438350,0
2428,Rüdiger,2026-08-06T00:00:00+02:00,29043202,0
2428,Rüdiger,2026-08-07T00:00:00+02:00,28762060,0
2428,Rüdiger,2026-08-08T00:00:00+02:00,28476438,0
2428,Rüdiger,2026-08-09T00:00:00+02:00,28252651,0
2428,Rüdiger,2026-08-10T00:00:00+02:00,28089694,0
2428,Rüdiger,2026-08-11T00:00:00+02:00,27921874,0
2428,Rüdiger,2026-08-12T00:00:00+02:00,27819529,0
2428,Rüdiger,2026-08-13T00:00:00+02:00,27619801,0
2428,Rüdiger,2026-08-14T00:00:00+02:00,27549238,0
2428,Rüdiger,2026-08-15T00:00:00+02:00,27738349,0
2428,Rüdiger,2026-08-16T00:00:00+02:00,27972981,0
2429,Fran García,2026-06-29T00:00:00+02:00,10000000,0
2429,Fran García,2026-06-30T00:00:00+02:00,10000000,0
2429,Fran García,2026-07-01T00:00:00+02:00,10000000,0
2429,Fran García,2026-07-02T00:00:00+02:00,10000000,0
2429,Fran García,2026-07-03T00:00:00+02:00,10004749,0
2429,Fran García,2026-07-04T00:00:00+02:00,10016359,0
2429,Fran García,2026-07-05T00:00:00+02:00,9636232,0
2429,Fran García,2026-07-06T00:00:00+02:00,9648129,0
2429,Fran García,2026-07-07T00:00:00+02:00,9647630,0
2429,Fran García,2026-07-08T00:00:00+02:00,9591157,0
2437,Aritz,2026-06-29T00:00:00+02:00,3700000,0
2437,Aritz,2026-06-30T00:00:00+02:00,3700000,0
2437,Aritz,2026-07-01T00:00:00+02:00,3700000,0
2437,Aritz,2026-07-02T00:00:00+02:00,3700000,0
2437,Aritz,2026-07-03T00:00:00+02:00,3701757,0
2437,Aritz,2026-07-04T00:00:00+02:00,3706052,0
2437,Aritz,2026-07-05T00:00:00+02:00,3709713,0
2438,Aihen,2026-06-29T00:00:00+02:00,4000000,0
2438,Aihen,2026-06-30T00:00:00+02:00,4000000,0
2438,Aihen,2026-07-01T00:00:00+02:00,4000000,0
2438,Aihen,2026-07-02T00:00:00+02:00,4000000,0
2438,Aihen,2026-07-03T00:00:00+02:00,4001899,0
2438,Aihen,2026-07-04T00:00:00+02:00,4006543,0
2438,Aihen,2026-07-05T00:00:00+02:00,4010501,0
2438,Aihen,2026-07-06T00:00:00+02:00,4015452,0
2438,Aihen,2026-07-07T00:00:00+02:00,4015244,0
2438,Aihen,2026-07-08T00:00:00+02:00,3924559,0
2438,Aihen,2026-07-09T00:00:00+02:00,3821021,0
2438,Aihen,2026-07-10T00:00:00+02:00,3702136,0
2438,Aihen,2026-07-11T00:00:00+02:00,3591048,0
2438,Aihen,2026-07-12T00:00:00+02:00,3483915,0
2438,Aihen,2026-07-13T00:00:00+02:00,3378579,0
2438,Aihen,2026-07-14T00:00:00+02:00,3278586,0
2438,Aihen,2026-07-15T00:00:00+02:00,3178708,0
2438,Aihen,2026-07-16T00:00:00+02:00,3086320,0
2438,Aihen,2026-07-17T00:00:00+02:00,2996450,0
2438,Aihen,2026-07-18T00:00:00+02:00,2913215,0
2438,Aihen,2026-07-19T00:00:00+02:00,2831769,0
2438,Aihen,2026-07-20T00:00:00+02:00,2750449,0
2438,Aihen,2026-07-21T00:00:00+02:00,2677726,0
2438,Aihen,2026-07-22T00:00:00+02:00,2597432,0
2438,Aihen,2026-07-23T00:00:00+02:00,2526515,0
2438,Aihen,2026-07-24T00:00:00+02:00,2460491,0
2438,Aihen,2026-07-25T00:00:00+02:00,2394088,0
2438,Aihen,2026-07-26T00:00:00+02:00,2329748,0
2438,Aihen,2026-07-27T00:00:00+02:00,2268863,0
2438,Aihen,2026-07-28T00:00:00+02:00,2210170,0
2438,Aihen,2026-07-29T00:00:00+02:00,2153188,0
2438,Aihen,2026-07-30T00:00:00+02:00,2099656,0
2438,Aihen,2026-07-31T00:00:00+02:00,2042435,0
2438,Aihen,2026-08-01T00:00:00+02:00,1990944,0
2438,Aihen,2026-08-02T00:00:00+02:00,1941017,0
2438,Aihen,2026-08-03T00:00:00+02:00,1890783,0
2438,Aihen,2026-08-04T00:00:00+02:00,1841461,0
2438,Aihen,2026-08-05T00:00:00+02:00,1793232,0
2438,Aihen,2026-08-06T00:00:00+02:00,1745133,0
2438,Aihen,2026-08-07T00:00:00+02:00,1701616,0
2438,Aihen,2026-08-08T00:00:00+02:00,1658628,0
2438,Aihen,2026-08-09T00:00:00+02:00,1618303,0
2438,Aihen,2026-08-10T00:00:00+02:00,1580621,0
2438,Aihen,2026-08-11T00:00:00+02:00,1544373,0
2438,Aihen,2026-08-12T00:00:00+02:00,1507225,0
2438,Aihen,2026-08-13T00:00:00+02:00,1470710,0
2438,Aihen,2026-08-14T00:00:00+02:00,1438472,0
2438,Aihen,2026-08-15T00:00:00+02:00,1413545,0
2438,Aihen,2026-08-16T00:00:00+02:00,1387278,0
2439,Pacheco,2026-06-29T00:00:00+02:00,4000000,0
2439,Pacheco,2026-06-30T00:00:00+02:00,4000000,0
2439,Pacheco,2026-07-01T00:00:00+02:00,4000000,0
2439,Pacheco,2026-07-02T00:00:00+02:00,4000000,0
2439,Pacheco,2026-07-03T00:00:00+02:00,4001899,0
2439,Pacheco,2026-07-04T00:00:00+02:00,4006543,0
2439,Pacheco,2026-07-05T00:00:00+02:00,4010501,0
2439,Pacheco,2026-07-06T00:00:00+02:00,4015452,0
2442,Odriozola,2026-06-29T00:00:00+02:00,1500000,0
2442,Odriozola,2026-06-30T00:00:00+02:00,1500000,0
2442,Odriozola,2026-07-01T00:00:00+02:00,1500000,0
2442,Odriozola,2026-07-02T00:00:00+02:00,1500000,0
2442,Odriozola,2026-07-03T00:00:00+02:00,1500712,0
2442,Odriozola,2026-07-04T00:00:00+02:00,1502453,0
2442,Odriozola,2026-07-05T00:00:00+02:00,1503937,0
2442,Odriozola,2026-07-06T00:00:00+02:00,1505793,0
2442,Odriozola,2026-07-07T00:00:00+02:00,1505715,0
2442,Odriozola,2026-07-08T00:00:00+02:00,1460460,0
2442,Odriozola,2026-07-09T00:00:00+02:00,1424296,0
2442,Odriozola,2026-07-10T00:00:00+02:00,1384502,0
2442,Odriozola,2026-07-11T00:00:00+02:00,1343529,0
2442,Odriozola,2026-07-12T00:00:00+02:00,1306329,0
2442,Odriozola,2026-07-13T00:00:00+02:00,1267590,0
2442,Odriozola,2026-07-14T00:00:00+02:00,1234629,0
2442,Odriozola,2026-07-15T00:00:00+02:00,1198570,0
2442,Odriozola,2026-07-16T00:00:00+02:00,1165261,0
2442,Odriozola,2026-07-17T00:00:00+02:00,1133584,0
2442,Odriozola,2026-07-18T00:00:00+02:00,1103528,0
2442,Odriozola,2026-07-19T00:00:00+02:00,1074919,0
2442,Odriozola,2026-07-20T00:00:00+02:00,1048165,0
2442,Odriozola,2026-07-21T00:00:00+02:00,1023998,0
2442,Odriozola,2026-07-22T00:00:00+02:00,996333,0
2442,Odriozola,2026-07-23T00:00:00+02:00,971327,0
2442,Odriozola,2026-07-24T00:00:00+02:00,946371,0
2442,Odriozola,2026-07-25T00:00:00+02:00,924067,0
2442,Odriozola,2026-07-26T00:00:00+02:00,903275,0
2442,Odriozola,2026-07-27T00:00:00+02:00,882923,0
2442,Odriozola,2026-07-28T00:00:00+02:00,863504,0
2442,Odriozola,2026-07-29T00:00:00+02:00,842658,0
2442,Odriozola,2026-07-30T00:00:00+02:00,823368,0
2442,Odriozola,2026-07-31T00:00:00+02:00,804398,0
2442,Odriozola,2026-08-01T00:00:00+02:00,786291,0
2442,Odriozola,2026-08-02T00:00:00+02:00,769822,0
2442,Odriozola,2026-08-03T00:00:00+02:00,753438,0
2442,Odriozola,2026-08-04T00:00:00+02:00,737043,0
2442,Odriozola,2026-08-05T00:00:00+02:00,721375,0
2442,Odriozola,2026-08-06T00:00:00+02:00,705839,0
2442,Odriozola,2026-08-07T00:00:00+02:00,691023,0
2442,Odriozola,2026-08-08T00:00:00+02:00,677282,0
2442,Odriozola,2026-08-09T00:00:00+02:00,665107,0
2442,Odriozola,2026-08-10T00:00:00+02:00,653638,0
2442,Odriozola,2026-08-11T00:00:00+02:00,641538,0
2442,Odriozola,2026-08-12T00:00:00+02:00,629527,0
2442,Odriozola,2026-08-13T00:00:00+02:00,616886,0
2442,Odriozola,2026-08-14T00:00:00+02:00,604026,0
2442,Odriozola,2026-08-15T00:00:00+02:00,599275,0
2442,Odriozola,2026-08-16T00:00:00+02:00,590223,0
2443,Aramburu,2026-06-29T00:00:00+02:00,7000000,0
2443,Aramburu,2026-06-30T00:00:00+02:00,7000000,0
2443,Aramburu,2026-07-01T00:00:00+02:00,7000000,0
2443,Aramburu,2026-07-02T00:00:00+02:00,7000000,0
2443,Aramburu,2026-07-03T00:00:00+02:00,7003324,0
2443,Aramburu,2026-07-04T00:00:00+02:00,7011451,0
2443,Aramburu,2026-07-05T00:00:00+02:00,7018377,0
2443,Aramburu,2026-07-06T00:00:00+02:00,7027042,0
2443,Aramburu,2026-07-07T00:00:00+02:00,7026679,0
2443,Aramburu,2026-07-08T00:00:00+02:00,7429837,0
2443,Aramburu,2026-07-09T00:00:00+02:00,7543259,0
2443,Aramburu,2026-07-10T00:00:00+02:00,7932375,0
2443,Aramburu,2026-07-11T00:00:00+02:00,8138649,0
2443,Aramburu,2026-07-12T00:00:00+02:00,8258999,0
2443,Aramburu,2026-07-13T00:00:00+02:00,8366952,0
2443,Aramburu,2026-07-14T00:00:00+02:00,8476746,0
2443,Aramburu,2026-07-15T00:00:00+02:00,8605285,0
2443,Aramburu,2026-07-16T00:00:00+02:00,8756103,0
2443,Aramburu,2026-07-17T00:00:00+02:00,8870071,0
2443,Aramburu,2026-07-18T00:00:00+02:00,9142269,0
2443,Aramburu,2026-07-19T00:00:00+02:00,9426298,0
2443,Aramburu,2026-07-20T00:00:00+02:00,9655012,0
2443,Aramburu,2026-07-21T00:00:00+02:00,9871954,0
2443,Aramburu,2026-07-22T00:00:00+02:00,9996909,0
2443,Aramburu,2026-07-23T00:00:00+02:00,10416106,0
2443,Aramburu,2026-07-24T00:00:00+02:00,10649436,0
2443,Aramburu,2026-07-25T00:00:00+02:00,10888514,0
2443,Aramburu,2026-07-26T00:00:00+02:00,11192851,0
2443,Aramburu,2026-07-27T00:00:00+02:00,11452843,0
2443,Aramburu,2026-07-28T00:00:00+02:00,11830168,0
2443,Aramburu,2026-07-29T00:00:00+02:00,12149457,0
2443,Aramburu,2026-07-30T00:00:00+02:00,12511940,0
2443,Aramburu,2026-07-31T00:00:00+02:00,12846337,0
2443,Aramburu,2026-08-01T00:00:00+02:00,13278293,0
2443,Aramburu,2026-08-02T00:00:00+02:00,13714639,0
2443,Aramburu,2026-08-03T00:00:00+02:00,14270083,0
2443,Aramburu,2026-08-04T00:00:00+02:00,14602026,0
2443,Aramburu,2026-08-05T00:00:00+02:00,15018923,0
2443,Aramburu,2026-08-06T00:00:00+02:00,15290857,0
2443,Aramburu,2026-08-07T00:00:00+02:00,15564026,0
2443,Aramburu,2026-08-08T00:00:00+02:00,15833474,0
2443,Aramburu,2026-08-09T00:00:00+02:00,16025462,0
2443,Aramburu,2026-08-10T00:00:00+02:00,16261821,0
2443,Aramburu,2026-08-11T00:00:00+02:00,16556314,0
2443,Aramburu,2026-08-12T00:00:00+02:00,16713869,0
2443,Aramburu,2026-08-13T00:00:00+02:00,16907606,0
2443,Aramburu,2026-08-14T00:00:00+02:00,17132446,0
2443,Aramburu,2026-08-15T00:00:00+02:00,17302611,0
2443,Aramburu,2026-08-16T00:00:00+02:00,17462968,0
2449,Marcao,2026-06-29T00:00:00+02:00,1600000,0
2449,Marcao,2026-06-30T00:00:00+02:00,1600000,0
2449,Marcao,2026-07-01T00:00:00+02:00,1600000,0
2449,Marcao,2026-07-02T00:00:00+02:00,1600000,0
2449,Marcao,2026-07-03T00:00:00+02:00,1600759,0
2449,Marcao,2026-07-04T00:00:00+02:00,1602616,0
2449,Marcao,2026-07-05T00:00:00+02:00,1604199,0
2449,Marcao,2026-07-06T00:00:00+02:00,1606179,0
2449,Marcao,2026-07-07T00:00:00+02:00,1606096,0
2449,Marcao,2026-07-08T00:00:00+02:00,1565727,0
2449,Marcao,2026-07-09T00:00:00+02:00,1521948,0
2449,Marcao,2026-07-10T00:00:00+02:00,1476002,0
2449,Marcao,2026-07-11T00:00:00+02:00,1440944,0
2449,Marcao,2026-07-12T00:00:00+02:00,1401835,0
2449,Marcao,2026-07-13T00:00:00+02:00,1365737,0
2449,Marcao,2026-07-14T00:00:00+02:00,1330384,0
2449,Marcao,2026-07-15T00:00:00+02:00,1292359,0
2449,Marcao,2026-07-16T00:00:00+02:00,1259820,0
2449,Marcao,2026-07-17T00:00:00+02:00,1225166,0
2449,Marcao,2026-07-18T00:00:00+02:00,1193083,0
2449,Marcao,2026-07-19T00:00:00+02:00,1164796,0
2449,Marcao,2026-07-20T00:00:00+02:00,1137352,0
2449,Marcao,2026-07-21T00:00:00+02:00,1111544,0
2449,Marcao,2026-07-22T00:00:00+02:00,1081863,0
2449,Marcao,2026-07-23T00:00:00+02:00,1055723,0
2449,Marcao,2026-07-24T00:00:00+02:00,1032275,0
2449,Marcao,2026-07-25T00:00:00+02:00,1008304,0
2449,Marcao,2026-07-26T00:00:00+02:00,984250,0
2449,Marcao,2026-07-27T00:00:00+02:00,960659,0
2449,Marcao,2026-07-28T00:00:00+02:00,938131,0
2449,Marcao,2026-07-29T00:00:00+02:00,914300,0
2449,Marcao,2026-07-30T00:00:00+02:00,892144,0
2449,Marcao,2026-07-31T00:00:00+02:00,870423,0
2449,Marcao,2026-08-01T00:00:00+02:00,849881,0
2449,Marcao,2026-08-02T00:00:00+02:00,832455,0
2449,Marcao,2026-08-03T00:00:00+02:00,819060,0
2449,Marcao,2026-08-04T00:00:00+02:00,800040,0
2449,Marcao,2026-08-05T00:00:00+02:00,781853,0
2449,Marcao,2026-08-06T00:00:00+02:00,763898,0
2449,Marcao,2026-08-07T00:00:00+02:00,746759,0
2449,Marcao,2026-08-08T00:00:00+02:00,730788,0
2449,Marcao,2026-08-09T00:00:00+02:00,716473,0
2449,Marcao,2026-08-10T00:00:00+02:00,702950,0
2449,Marcao,2026-08-11T00:00:00+02:00,688877,0
2449,Marcao,2026-08-12T00:00:00+02:00,674973,0
2449,Marcao,2026-08-13T00:00:00+02:00,660688,0
2449,Marcao,2026-08-14T00:00:00+02:00,648764,0
2449,Marcao,2026-08-15T00:00:00+02:00,639438,0
2449,Marcao,2026-08-16T00:00:00+02:00,629055,0
2450,Nianzou,2026-06-29T00:00:00+02:00,2800000,0
2450,Nianzou,2026-06-30T00:00:00+02:00,2800000,0
2450,Nianzou,2026-07-01T00:00:00+02:00,2800000,0
2450,Nianzou,2026-07-02T00:00:00+02:00,2800000,0
2450,Nianzou,2026-07-03T00:00:00+02:00,2801329,0
2450,Nianzou,2026-07-04T00:00:00+02:00,2804579,0
2450,Nianzou,2026-07-05T00:00:00+02:00,2807349,0
2450,Nianzou,2026-07-06T00:00:00+02:00,2810815,0
2450,Nianzou,2026-07-07T00:00:00+02:00,2810669,0
2450,Nianzou,2026-07-08T00:00:00+02:00,2738051,0
2450,Nianzou,2026-07-09T00:00:00+02:00,2657142,0
2450,Nianzou,2026-07-10T00:00:00+02:00,2590873,0
2450,Nianzou,2026-07-11T00:00:00+02:00,2521344,0
2450,Nianzou,2026-07-12T00:00:00+02:00,2455574,0
2450,Nianzou,2026-07-13T00:00:00+02:00,2414511,0
2450,Nianzou,2026-07-14T00:00:00+02:00,2346150,0
2450,Nianzou,2026-07-15T00:00:00+02:00,2278706,0
2450,Nianzou,2026-07-16T00:00:00+02:00,2211808,0
2450,Nianzou,2026-07-17T00:00:00+02:00,2152587,0
2450,Nianzou,2026-07-18T00:00:00+02:00,2092031,0
2450,Nianzou,2026-07-19T00:00:00+02:00,2033403,0
2450,Nianzou,2026-07-20T00:00:00+02:00,1976749,0
2450,Nianzou,2026-07-21T00:00:00+02:00,1923802,0
2450,Nianzou,2026-07-22T00:00:00+02:00,1867935,0
2450,Nianzou,2026-07-23T00:00:00+02:00,1816980,0
2450,Nianzou,2026-07-24T00:00:00+02:00,1764017,0
2450,Nianzou,2026-07-25T00:00:00+02:00,1718497,0
2450,Nianzou,2026-07-26T00:00:00+02:00,1673795,0
2458,Diakhaby,2026-06-29T00:00:00+02:00,9000000,0
2458,Diakhaby,2026-06-30T00:00:00+02:00,9000000,0
2458,Diakhaby,2026-07-01T00:00:00+02:00,9000000,0
2458,Diakhaby,2026-07-02T00:00:00+02:00,9000000,0
2458,Diakhaby,2026-07-03T00:00:00+02:00,9004274,0
2458,Diakhaby,2026-07-04T00:00:00+02:00,9014723,0
2458,Diakhaby,2026-07-05T00:00:00+02:00,9023629,0
2458,Diakhaby,2026-07-27T00:00:00+02:00,8732098,0
2458,Diakhaby,2026-07-28T00:00:00+02:00,8452229,0
2458,Diakhaby,2026-07-29T00:00:00+02:00,8229847,0
2458,Diakhaby,2026-07-30T00:00:00+02:00,8084700,0
2458,Diakhaby,2026-07-31T00:00:00+02:00,7917344,0
2458,Diakhaby,2026-08-01T00:00:00+02:00,7749145,0
2458,Diakhaby,2026-08-02T00:00:00+02:00,7587106,0
2458,Diakhaby,2026-08-03T00:00:00+02:00,7436301,0
2458,Diakhaby,2026-08-04T00:00:00+02:00,7288750,0
2458,Diakhaby,2026-08-05T00:00:00+02:00,7115896,0
2458,Diakhaby,2026-08-06T00:00:00+02:00,6955361,0
2458,Diakhaby,2026-08-07T00:00:00+02:00,6802303,0
2458,Diakhaby,2026-08-08T00:00:00+02:00,6664908,0
2458,Diakhaby,2026-08-09T00:00:00+02:00,6535941,0
2458,Diakhaby,2026-08-10T00:00:00+02:00,6400975,0
2458,Diakhaby,2026-08-11T00:00:00+02:00,6265828,0
2458,Diakhaby,2026-08-12T00:00:00+02:00,6153883,0
2458,Diakhaby,2026-08-13T00:00:00+02:00,6028861,0
2458,Diakhaby,2026-08-14T00:00:00+02:00,5927500,0
2458,Diakhaby,2026-08-15T00:00:00+02:00,5842788,0
2458,Diakhaby,2026-08-16T00:00:00+02:00,5760894,0
2461,J. Vázquez,2026-06-29T00:00:00+02:00,4200000,0
2461,J. Vázquez,2026-06-30T00:00:00+02:00,4200000,0
2461,J. Vázquez,2026-07-01T00:00:00+02:00,4200000,0
2461,J. Vázquez,2026-07-02T00:00:00+02:00,4200000,0
2461,J. Vázquez,2026-07-03T00:00:00+02:00,4201994,0
2461,J. Vázquez,2026-07-04T00:00:00+02:00,4206870,0
2461,J. Vázquez,2026-07-05T00:00:00+02:00,4211026,0
2461,J. Vázquez,2026-07-06T00:00:00+02:00,4216225,0
2461,J. Vázquez,2026-07-07T00:00:00+02:00,4216007,0
2461,J. Vázquez,2026-07-08T00:00:00+02:00,4103679,0
2461,J. Vázquez,2026-07-09T00:00:00+02:00,4025137,0
2461,J. Vázquez,2026-07-10T00:00:00+02:00,3897378,0
2461,J. Vázquez,2026-07-11T00:00:00+02:00,3781049,0
2461,J. Vázquez,2026-07-12T00:00:00+02:00,3677066,0
2461,J. Vázquez,2026-07-13T00:00:00+02:00,3573928,0
2461,J. Vázquez,2026-07-14T00:00:00+02:00,3464924,0
2461,J. Vázquez,2026-07-15T00:00:00+02:00,3373057,0
2461,J. Vázquez,2026-07-16T00:00:00+02:00,3275975,0
2461,J. Vázquez,2026-07-17T00:00:00+02:00,3178815,0
2461,J. Vázquez,2026-07-18T00:00:00+02:00,3095425,0
2461,J. Vázquez,2026-07-19T00:00:00+02:00,3007781,0
2461,J. Vázquez,2026-07-20T00:00:00+02:00,2931837,0
2461,J. Vázquez,2026-07-21T00:00:00+02:00,2856862,0
2461,J. Vázquez,2026-07-22T00:00:00+02:00,2773011,0
2461,J. Vázquez,2026-07-23T00:00:00+02:00,2698793,0
2461,J. Vázquez,2026-07-24T00:00:00+02:00,2631421,0
2461,J. Vázquez,2026-07-25T00:00:00+02:00,2564269,0
2461,J. Vázquez,2026-07-26T00:00:00+02:00,2503559,0
2461,J. Vázquez,2026-07-27T00:00:00+02:00,2443999,0
2461,J. Vázquez,2026-07-28T00:00:00+02:00,2390479,0
2461,J. Vázquez,2026-07-29T00:00:00+02:00,2327272,0
2461,J. Vázquez,2026-07-30T00:00:00+02:00,2273062,0
2461,J. Vázquez,2026-07-31T00:00:00+02:00,2215903,0
2461,J. Vázquez,2026-08-01T00:00:00+02:00,2164835,0
2461,J. Vázquez,2026-08-02T00:00:00+02:00,2112300,0
2461,J. Vázquez,2026-08-03T00:00:00+02:00,2058731,0
2461,J. Vázquez,2026-08-04T00:00:00+02:00,2007644,0
2461,J. Vázquez,2026-08-05T00:00:00+02:00,1961340,0
2461,J. Vázquez,2026-08-06T00:00:00+02:00,1912511,0
2461,J. Vázquez,2026-08-07T00:00:00+02:00,1866712,0
2461,J. Vázquez,2026-08-08T00:00:00+02:00,1820616,0
2461,J. Vázquez,2026-08-09T00:00:00+02:00,1780870,0
2461,J. Vázquez,2026-08-10T00:00:00+02:00,1752417,0
2461,J. Vázquez,2026-08-11T00:00:00+02:00,1732802,0
2461,J. Vázquez,2026-08-12T00:00:00+02:00,1712595,0
2461,J. Vázquez,2026-08-13T00:00:00+02:00,1694317,0
2461,J. Vázquez,2026-08-14T00:00:00+02:00,1687575,0
2461,J. Vázquez,2026-08-15T00:00:00+02:00,1704825,0
2461,J. Vázquez,2026-08-16T00:00:00+02:00,1714989,0
2462,Cömert,2026-06-29T00:00:00+02:00,3700000,0
2462,Cömert,2026-06-30T00:00:00+02:00,3700000,0
2462,Cömert,2026-07-01T00:00:00+02:00,3700000,0
2462,Cömert,2026-07-02T00:00:00+02:00,3700000,0
2462,Cömert,2026-07-03T00:00:00+02:00,3701757,0
2462,Cömert,2026-07-04T00:00:00+02:00,3706052,0
2462,Cömert,2026-07-05T00:00:00+02:00,3709713,0
2469,Costa,2026-06-29T00:00:00+02:00,3000000,0
2469,Costa,2026-06-30T00:00:00+02:00,3000000,0
2469,Costa,2026-07-01T00:00:00+02:00,3000000,0
2469,Costa,2026-07-02T00:00:00+02:00,3000000,0
2469,Costa,2026-07-03T00:00:00+02:00,3001424,0
2469,Costa,2026-07-04T00:00:00+02:00,3004907,0
2469,Costa,2026-07-05T00:00:00+02:00,3007875,0
2469,Costa,2026-07-06T00:00:00+02:00,3011588,0
2469,Costa,2026-07-07T00:00:00+02:00,3011432,0
2469,Costa,2026-07-08T00:00:00+02:00,2965269,0
2469,Costa,2026-07-09T00:00:00+02:00,2886196,0
2469,Costa,2026-07-10T00:00:00+02:00,2804583,0
2469,Costa,2026-07-11T00:00:00+02:00,2738807,0
2469,Costa,2026-07-12T00:00:00+02:00,2675859,0
2469,Costa,2026-07-13T00:00:00+02:00,2612348,0
2469,Costa,2026-07-14T00:00:00+02:00,2549200,0
2469,Costa,2026-07-15T00:00:00+02:00,2487681,0
2469,Costa,2026-07-16T00:00:00+02:00,2425494,0
2469,Costa,2026-07-17T00:00:00+02:00,2366478,0
2469,Costa,2026-07-18T00:00:00+02:00,2309399,0
2469,Costa,2026-07-19T00:00:00+02:00,2253386,0
2469,Costa,2026-07-20T00:00:00+02:00,2198821,0
2469,Costa,2026-07-21T00:00:00+02:00,2148886,0
2469,Costa,2026-07-22T00:00:00+02:00,2088589,0
2469,Costa,2026-07-23T00:00:00+02:00,2036785,0
2469,Costa,2026-07-24T00:00:00+02:00,1988908,0
2469,Costa,2026-07-25T00:00:00+02:00,1939143,0
2469,Costa,2026-07-26T00:00:00+02:00,1894095,0
2469,Costa,2026-07-27T00:00:00+02:00,1848424,0
2469,Costa,2026-07-28T00:00:00+02:00,1808151,0
2469,Costa,2026-07-29T00:00:00+02:00,1765569,0
2469,Costa,2026-07-30T00:00:00+02:00,1724409,0
2469,Costa,2026-07-31T00:00:00+02:00,1687580,0
2469,Costa,2026-08-01T00:00:00+02:00,1653699,0
2469,Costa,2026-08-02T00:00:00+02:00,1617858,0
2469,Costa,2026-08-03T00:00:00+02:00,1583212,0
2469,Costa,2026-08-04T00:00:00+02:00,1545695,0
2469,Costa,2026-08-05T00:00:00+02:00,1514284,0
2469,Costa,2026-08-06T00:00:00+02:00,1485583,0
2469,Costa,2026-08-07T00:00:00+02:00,1457921,0
2469,Costa,2026-08-08T00:00:00+02:00,1433113,0
2469,Costa,2026-08-09T00:00:00+02:00,1406754,0
2469,Costa,2026-08-10T00:00:00+02:00,1379164,0
2469,Costa,2026-08-11T00:00:00+02:00,1356725,0
2469,Costa,2026-08-12T00:00:00+02:00,1333500,0
2469,Costa,2026-08-13T00:00:00+02:00,1306967,0
2469,Costa,2026-08-14T00:00:00+02:00,1286742,0
2469,Costa,2026-08-15T00:00:00+02:00,1268113,0
2469,Costa,2026-08-16T00:00:00+02:00,1252543,0
2470,Foyth,2026-06-29T00:00:00+02:00,12500000,0
2470,Foyth,2026-06-30T00:00:00+02:00,12500000,0
2470,Foyth,2026-07-01T00:00:00+02:00,12500000,0
2470,Foyth,2026-07-02T00:00:00+02:00,12500000,0
2470,Foyth,2026-07-03T00:00:00+02:00,12505937,0
2470,Foyth,2026-07-04T00:00:00+02:00,12520449,0
2470,Foyth,2026-07-05T00:00:00+02:00,12532818,0
2470,Foyth,2026-07-31T00:00:00+02:00,12109555,0
2470,Foyth,2026-08-01T00:00:00+02:00,11711157,0
2470,Foyth,2026-08-02T00:00:00+02:00,11640278,0
2470,Foyth,2026-08-03T00:00:00+02:00,11394520,0
2470,Foyth,2026-08-04T00:00:00+02:00,11132337,0
2470,Foyth,2026-08-05T00:00:00+02:00,10876882,0
2470,Foyth,2026-08-06T00:00:00+02:00,10678949,0
2470,Foyth,2026-08-07T00:00:00+02:00,10636011,0
2470,Foyth,2026-08-08T00:00:00+02:00,10636069,0
2470,Foyth,2026-08-09T00:00:00+02:00,10675952,0
2470,Foyth,2026-08-10T00:00:00+02:00,10785264,0
2470,Foyth,2026-08-11T00:00:00+02:00,10983140,0
2470,Foyth,2026-08-12T00:00:00+02:00,11220927,0
2470,Foyth,2026-08-13T00:00:00+02:00,11458400,0
2470,Foyth,2026-08-14T00:00:00+02:00,11693682,0
2470,Foyth,2026-08-15T00:00:00+02:00,11990930,0
2470,Foyth,2026-08-16T00:00:00+02:00,12236452,0
2471,Kambwala,2026-06-29T00:00:00+02:00,3000000,0
2471,Kambwala,2026-06-30T00:00:00+02:00,3000000,0
2471,Kambwala,2026-07-01T00:00:00+02:00,3000000,0
2471,Kambwala,2026-07-02T00:00:00+02:00,3000000,0
2471,Kambwala,2026-07-03T00:00:00+02:00,3001424,0
2471,Kambwala,2026-07-04T00:00:00+02:00,3004907,0
2471,Kambwala,2026-07-05T00:00:00+02:00,3007875,0
2471,Kambwala,2026-07-06T00:00:00+02:00,3011588,0
2471,Kambwala,2026-07-07T00:00:00+02:00,3011432,0
2471,Kambwala,2026-07-08T00:00:00+02:00,2929599,0
2471,Kambwala,2026-07-09T00:00:00+02:00,2860243,0
2471,Kambwala,2026-07-10T00:00:00+02:00,2774506,0
2471,Kambwala,2026-07-11T00:00:00+02:00,2701661,0
2471,Kambwala,2026-07-12T00:00:00+02:00,2630154,0
2471,Kambwala,2026-07-13T00:00:00+02:00,2555045,0
2471,Kambwala,2026-07-14T00:00:00+02:00,2480064,0
2471,Kambwala,2026-07-15T00:00:00+02:00,2413690,0
2471,Kambwala,2026-07-16T00:00:00+02:00,2343904,0
2471,Kambwala,2026-07-17T00:00:00+02:00,2280971,0
2471,Kambwala,2026-07-18T00:00:00+02:00,2223253,0
2471,Kambwala,2026-07-19T00:00:00+02:00,2165182,0
2471,Kambwala,2026-07-20T00:00:00+02:00,2111608,0
2471,Kambwala,2026-07-21T00:00:00+02:00,2056729,0
2471,Kambwala,2026-07-22T00:00:00+02:00,1998881,0
2471,Kambwala,2026-07-23T00:00:00+02:00,1944121,0
2471,Kambwala,2026-07-24T00:00:00+02:00,1892726,0
2471,Kambwala,2026-07-25T00:00:00+02:00,1844964,0
2471,Kambwala,2026-07-26T00:00:00+02:00,1795451,0
2471,Kambwala,2026-07-27T00:00:00+02:00,1753458,0
2471,Kambwala,2026-07-28T00:00:00+02:00,1712019,0
2471,Kambwala,2026-07-29T00:00:00+02:00,1670732,0
2471,Kambwala,2026-07-30T00:00:00+02:00,1630904,0
2471,Kambwala,2026-07-31T00:00:00+02:00,1590832,0
2471,Kambwala,2026-08-01T00:00:00+02:00,1552807,0
2471,Kambwala,2026-08-02T00:00:00+02:00,1516300,0
2471,Kambwala,2026-08-03T00:00:00+02:00,1480379,0
2471,Kambwala,2026-08-04T00:00:00+02:00,1445433,0
2471,Kambwala,2026-08-05T00:00:00+02:00,1412904,0
2471,Kambwala,2026-08-06T00:00:00+02:00,1379914,0
2471,Kambwala,2026-08-07T00:00:00+02:00,1347457,0
2471,Kambwala,2026-08-08T00:00:00+02:00,1319503,0
2471,Kambwala,2026-08-09T00:00:00+02:00,1295793,0
2471,Kambwala,2026-08-10T00:00:00+02:00,1269991,0
2471,Kambwala,2026-08-11T00:00:00+02:00,1246247,0
2471,Kambwala,2026-08-12T00:00:00+02:00,1221212,0
2471,Kambwala,2026-08-13T00:00:00+02:00,1195748,0
2471,Kambwala,2026-08-14T00:00:00+02:00,1173572,0
2471,Kambwala,2026-08-15T00:00:00+02:00,1156546,0
2471,Kambwala,2026-08-16T00:00:00+02:00,1138833,0
2479,Kike Salas,2026-06-29T00:00:00+02:00,16000000,0
2479,Kike Salas,2026-06-30T00:00:00+02:00,16000000,0
2479,Kike Salas,2026-07-01T00:00:00+02:00,16000000,0
2479,Kike Salas,2026-07-02T00:00:00+02:00,16000000,0
2479,Kike Salas,2026-07-03T00:00:00+02:00,16007599,0
2479,Kike Salas,2026-07-04T00:00:00+02:00,16026175,0
2479,Kike Salas,2026-07-05T00:00:00+02:00,16042008,0
2479,Kike Salas,2026-07-06T00:00:00+02:00,16061814,0
2479,Kike Salas,2026-07-07T00:00:00+02:00,16060984,0
2479,Kike Salas,2026-07-08T00:00:00+02:00,16169659,0
2479,Kike Salas,2026-07-09T00:00:00+02:00,16052135,0
2479,Kike Salas,2026-07-10T00:00:00+02:00,15907984,0
2479,Kike Salas,2026-07-11T00:00:00+02:00,15799610,0
2479,Kike Salas,2026-07-12T00:00:00+02:00,15544389,0
2479,Kike Salas,2026-07-13T00:00:00+02:00,15369174,0
2479,Kike Salas,2026-07-14T00:00:00+02:00,15192139,0
2479,Kike Salas,2026-07-15T00:00:00+02:00,15022131,0
2479,Kike Salas,2026-07-16T00:00:00+02:00,14775961,0
2479,Kike Salas,2026-07-17T00:00:00+02:00,14588284,0
2479,Kike Salas,2026-07-18T00:00:00+02:00,14412573,0
2479,Kike Salas,2026-07-19T00:00:00+02:00,14238899,0
2479,Kike Salas,2026-07-20T00:00:00+02:00,14051716,0
2479,Kike Salas,2026-07-21T00:00:00+02:00,13891893,0
2479,Kike Salas,2026-07-22T00:00:00+02:00,13628638,0
2479,Kike Salas,2026-07-23T00:00:00+02:00,13568316,0
2479,Kike Salas,2026-07-24T00:00:00+02:00,13364778,0
2479,Kike Salas,2026-07-25T00:00:00+02:00,13214435,0
2479,Kike Salas,2026-07-26T00:00:00+02:00,13116079,0
2479,Kike Salas,2026-07-27T00:00:00+02:00,12928824,0
2479,Kike Salas,2026-07-28T00:00:00+02:00,12718875,0
2479,Kike Salas,2026-07-29T00:00:00+02:00,12590396,0
2479,Kike Salas,2026-07-30T00:00:00+02:00,12423741,0
2479,Kike Salas,2026-07-31T00:00:00+02:00,12278516,0
2479,Kike Salas,2026-08-01T00:00:00+02:00,12154294,0
2479,Kike Salas,2026-08-02T00:00:00+02:00,12066883,0
2479,Kike Salas,2026-08-03T00:00:00+02:00,11984858,0
2479,Kike Salas,2026-08-04T00:00:00+02:00,11931875,0
2479,Kike Salas,2026-08-05T00:00:00+02:00,11904318,0
2479,Kike Salas,2026-08-06T00:00:00+02:00,11796886,0
2479,Kike Salas,2026-08-07T00:00:00+02:00,11718158,0
2479,Kike Salas,2026-08-08T00:00:00+02:00,11691709,0
2479,Kike Salas,2026-08-09T00:00:00+02:00,11650845,0
2479,Kike Salas,2026-08-10T00:00:00+02:00,11618725,0
2479,Kike Salas,2026-08-11T00:00:00+02:00,11641292,0
2479,Kike Salas,2026-08-12T00:00:00+02:00,11696874,0
2479,Kike Salas,2026-08-13T00:00:00+02:00,11760010,0
2479,Kike Salas,2026-08-14T00:00:00+02:00,11911940,0
2479,Kike Salas,2026-08-15T00:00:00+02:00,12061607,0
2479,Kike Salas,2026-08-16T00:00:00+02:00,12255449,0
2496,Thierry Correia,2026-06-29T00:00:00+02:00,8000000,0
2496,Thierry Correia,2026-06-30T00:00:00+02:00,8000000,0
2496,Thierry Correia,2026-07-01T00:00:00+02:00,8000000,0
2496,Thierry Correia,2026-07-02T00:00:00+02:00,8000000,0
2496,Thierry Correia,2026-07-03T00:00:00+02:00,8003799,0
2496,Thierry Correia,2026-07-04T00:00:00+02:00,8013087,0
2496,Thierry Correia,2026-07-05T00:00:00+02:00,8021003,0
2525,Salinas,2026-06-29T00:00:00+02:00,1900000,0
2525,Salinas,2026-06-30T00:00:00+02:00,1900000,0
2525,Salinas,2026-07-01T00:00:00+02:00,1900000,0
2525,Salinas,2026-07-02T00:00:00+02:00,1900000,0
2525,Salinas,2026-07-03T00:00:00+02:00,1900902,0
2525,Salinas,2026-07-04T00:00:00+02:00,1903107,0
2525,Salinas,2026-07-05T00:00:00+02:00,1904987,0
2525,Salinas,2026-07-06T00:00:00+02:00,1832911,0
2525,Salinas,2026-07-07T00:00:00+02:00,1832816,0
2525,Salinas,2026-07-08T00:00:00+02:00,1791832,0
2525,Salinas,2026-07-09T00:00:00+02:00,1744562,0
2525,Salinas,2026-07-10T00:00:00+02:00,1695170,0
2525,Salinas,2026-07-11T00:00:00+02:00,1653421,0
2525,Salinas,2026-07-12T00:00:00+02:00,1613336,0
2525,Salinas,2026-07-13T00:00:00+02:00,1573250,0
2525,Salinas,2026-07-14T00:00:00+02:00,1532096,0
2525,Salinas,2026-07-15T00:00:00+02:00,1494427,0
2525,Salinas,2026-07-16T00:00:00+02:00,1454883,0
2525,Salinas,2026-07-17T00:00:00+02:00,1423696,0
2525,Salinas,2026-07-18T00:00:00+02:00,1388351,0
2525,Salinas,2026-07-19T00:00:00+02:00,1358333,0
2525,Salinas,2026-07-20T00:00:00+02:00,1327672,0
2525,Salinas,2026-07-21T00:00:00+02:00,1299017,0
2525,Salinas,2026-07-22T00:00:00+02:00,1261959,0
2525,Salinas,2026-07-23T00:00:00+02:00,1232062,0
2525,Salinas,2026-07-24T00:00:00+02:00,1199319,0
2525,Salinas,2026-07-25T00:00:00+02:00,1166897,0
2525,Salinas,2026-07-26T00:00:00+02:00,1140254,0
2525,Salinas,2026-07-27T00:00:00+02:00,1113736,0
2525,Salinas,2026-07-28T00:00:00+02:00,1088690,0
2525,Salinas,2026-07-29T00:00:00+02:00,1070070,0
2525,Salinas,2026-08-13T00:00:00+02:00,1046991,0
2525,Salinas,2026-08-14T00:00:00+02:00,1016927,0
2525,Salinas,2026-08-15T00:00:00+02:00,1027138,0
2525,Salinas,2026-08-16T00:00:00+02:00,1032130,0
2526,Miguel Rubio,2026-06-29T00:00:00+02:00,1400000,0
2526,Miguel Rubio,2026-06-30T00:00:00+02:00,1400000,0
2526,Miguel Rubio,2026-07-01T00:00:00+02:00,1400000,0
2526,Miguel Rubio,2026-07-02T00:00:00+02:00,1400000,0
2526,Miguel Rubio,2026-07-03T00:00:00+02:00,1400665,0
2526,Miguel Rubio,2026-07-04T00:00:00+02:00,1402290,0
2526,Miguel Rubio,2026-07-05T00:00:00+02:00,1403675,0
2526,Miguel Rubio,2026-07-06T00:00:00+02:00,1405408,0
2526,Miguel Rubio,2026-07-07T00:00:00+02:00,1405335,0
2526,Miguel Rubio,2026-07-08T00:00:00+02:00,1363455,0
2526,Miguel Rubio,2026-07-09T00:00:00+02:00,1326004,0
2526,Miguel Rubio,2026-07-10T00:00:00+02:00,1283526,0
2526,Miguel Rubio,2026-07-11T00:00:00+02:00,1243596,0
2526,Miguel Rubio,2026-07-12T00:00:00+02:00,1205965,0
2526,Miguel Rubio,2026-07-13T00:00:00+02:00,1170656,0
2526,Miguel Rubio,2026-07-14T00:00:00+02:00,1136590,0
2526,Miguel Rubio,2026-07-15T00:00:00+02:00,1104452,0
2526,Miguel Rubio,2026-07-16T00:00:00+02:00,1074908,0
2526,Miguel Rubio,2026-07-17T00:00:00+02:00,1046845,0
2526,Miguel Rubio,2026-07-18T00:00:00+02:00,1020258,0
2526,Miguel Rubio,2026-07-19T00:00:00+02:00,994980,0
2526,Miguel Rubio,2026-07-20T00:00:00+02:00,971424,0
2526,Miguel Rubio,2026-07-21T00:00:00+02:00,950326,0
2526,Miguel Rubio,2026-07-22T00:00:00+02:00,925608,0
2526,Miguel Rubio,2026-07-23T00:00:00+02:00,903431,0
2526,Miguel Rubio,2026-07-24T00:00:00+02:00,881190,0
2526,Miguel Rubio,2026-07-25T00:00:00+02:00,861493,0
2526,Miguel Rubio,2026-07-26T00:00:00+02:00,843204,0
2526,Miguel Rubio,2026-07-27T00:00:00+02:00,825255,0
2526,Miguel Rubio,2026-07-28T00:00:00+02:00,808143,0
2526,Miguel Rubio,2026-07-29T00:00:00+02:00,789511,0
2526,Miguel Rubio,2026-07-30T00:00:00+02:00,772347,0
2526,Miguel Rubio,2026-07-31T00:00:00+02:00,755418,0
2526,Miguel Rubio,2026-08-01T00:00:00+02:00,739270,0
2526,Miguel Rubio,2026-08-02T00:00:00+02:00,724682,0
2526,Miguel Rubio,2026-08-03T00:00:00+02:00,710103,0
2526,Miguel Rubio,2026-08-04T00:00:00+02:00,695442,0
2526,Miguel Rubio,2026-08-05T00:00:00+02:00,681438,0
2526,Miguel Rubio,2026-08-06T00:00:00+02:00,667499,0
2526,Miguel Rubio,2026-08-07T00:00:00+02:00,654216,0
2526,Miguel Rubio,2026-08-08T00:00:00+02:00,641947,0
2526,Miguel Rubio,2026-08-09T00:00:00+02:00,631185,0
2526,Miguel Rubio,2026-08-10T00:00:00+02:00,621073,0
2526,Miguel Rubio,2026-08-11T00:00:00+02:00,610275,0
2526,Miguel Rubio,2026-08-12T00:00:00+02:00,599515,0
2526,Miguel Rubio,2026-08-13T00:00:00+02:00,588074,0
2526,Miguel Rubio,2026-08-14T00:00:00+02:00,576367,0
2526,Miguel Rubio,2026-08-15T00:00:00+02:00,566284,0
2526,Miguel Rubio,2026-08-16T00:00:00+02:00,558551,0
2528,Aidoo Jr,2026-06-29T00:00:00+02:00,2800000,0
2528,Aidoo Jr,2026-06-30T00:00:00+02:00,2800000,0
2528,Aidoo Jr,2026-07-01T00:00:00+02:00,2800000,0
2528,Aidoo Jr,2026-07-02T00:00:00+02:00,2800000,0
2528,Aidoo Jr,2026-07-03T00:00:00+02:00,2801329,0
2528,Aidoo Jr,2026-07-04T00:00:00+02:00,2804579,0
2528,Aidoo Jr,2026-07-05T00:00:00+02:00,2807349,0
2530,Huijsen,2026-06-29T00:00:00+02:00,48700000,0
2530,Huijsen,2026-06-30T00:00:00+02:00,48700000,0
2530,Huijsen,2026-07-01T00:00:00+02:00,48700000,0
2530,Huijsen,2026-07-02T00:00:00+02:00,48700000,0
2530,Huijsen,2026-07-03T00:00:00+02:00,48723131,0
2530,Huijsen,2026-07-04T00:00:00+02:00,48779672,0
2530,Huijsen,2026-07-05T00:00:00+02:00,48827863,0
2530,Huijsen,2026-07-06T00:00:00+02:00,48888148,0
2530,Huijsen,2026-07-07T00:00:00+02:00,48885623,0
2530,Huijsen,2026-07-08T00:00:00+02:00,48010352,0
2530,Huijsen,2026-07-09T00:00:00+02:00,47389416,0
2530,Huijsen,2026-07-10T00:00:00+02:00,46840182,0
2530,Huijsen,2026-07-11T00:00:00+02:00,46210989,0
2530,Huijsen,2026-07-12T00:00:00+02:00,45403133,0
2530,Huijsen,2026-07-13T00:00:00+02:00,44673843,0
2530,Huijsen,2026-07-14T00:00:00+02:00,44169865,0
2530,Huijsen,2026-07-15T00:00:00+02:00,43349705,0
2530,Huijsen,2026-07-16T00:00:00+02:00,42653520,0
2530,Huijsen,2026-07-17T00:00:00+02:00,42001381,0
2530,Huijsen,2026-07-18T00:00:00+02:00,41347452,0
2530,Huijsen,2026-07-19T00:00:00+02:00,40771960,0
2530,Huijsen,2026-07-20T00:00:00+02:00,40083465,0
2530,Huijsen,2026-07-21T00:00:00+02:00,39415258,0
2530,Huijsen,2026-07-22T00:00:00+02:00,38519193,0
2530,Huijsen,2026-07-23T00:00:00+02:00,38156094,0
2530,Huijsen,2026-07-24T00:00:00+02:00,37756747,0
2530,Huijsen,2026-07-25T00:00:00+02:00,37517302,0
2530,Huijsen,2026-07-26T00:00:00+02:00,37323153,0
2530,Huijsen,2026-07-27T00:00:00+02:00,37045194,0
2530,Huijsen,2026-07-28T00:00:00+02:00,36675205,0
2530,Huijsen,2026-07-29T00:00:00+02:00,36214313,0
2530,Huijsen,2026-07-30T00:00:00+02:00,36054820,0
2530,Huijsen,2026-07-31T00:00:00+02:00,35823014,0
2530,Huijsen,2026-08-01T00:00:00+02:00,35603217,0
2530,Huijsen,2026-08-02T00:00:00+02:00,35362710,0
2530,Huijsen,2026-08-03T00:00:00+02:00,34820133,0
2530,Huijsen,2026-08-04T00:00:00+02:00,34186706,0
2530,Huijsen,2026-08-05T00:00:00+02:00,33497393,0
2530,Huijsen,2026-08-06T00:00:00+02:00,32803890,0
2530,Huijsen,2026-08-07T00:00:00+02:00,32233547,0
2530,Huijsen,2026-08-08T00:00:00+02:00,31684328,0
2530,Huijsen,2026-08-09T00:00:00+02:00,31130717,0
2530,Huijsen,2026-08-10T00:00:00+02:00,30625952,0
2530,Huijsen,2026-08-11T00:00:00+02:00,30363527,0
2530,Huijsen,2026-08-12T00:00:00+02:00,30439927,0
2530,Huijsen,2026-08-13T00:00:00+02:00,30707568,0
2530,Huijsen,2026-08-14T00:00:00+02:00,31359696,0
2530,Huijsen,2026-08-15T00:00:00+02:00,31925943,0
2530,Huijsen,2026-08-16T00:00:00+02:00,32460459,0
2531,Trent,2026-06-29T00:00:00+02:00,40000000,0
2531,Trent,2026-06-30T00:00:00+02:00,40000000,0
2531,Trent,2026-07-01T00:00:00+02:00,40000000,0
2531,Trent,2026-07-02T00:00:00+02:00,40000000,0
2531,Trent,2026-07-03T00:00:00+02:00,40018999,0
2531,Trent,2026-07-04T00:00:00+02:00,40065439,0
2531,Trent,2026-07-05T00:00:00+02:00,40105021,0
2531,Trent,2026-07-06T00:00:00+02:00,40154536,0
2531,Trent,2026-07-07T00:00:00+02:00,40152462,0
2531,Trent,2026-07-08T00:00:00+02:00,39675669,0
2531,Trent,2026-07-09T00:00:00+02:00,39256825,0
2531,Trent,2026-07-10T00:00:00+02:00,38677442,0
2531,Trent,2026-07-11T00:00:00+02:00,38018117,0
2531,Trent,2026-07-12T00:00:00+02:00,37455491,0
2531,Trent,2026-07-13T00:00:00+02:00,36736176,0
2531,Trent,2026-07-14T00:00:00+02:00,36127845,0
2531,Trent,2026-07-15T00:00:00+02:00,35471422,0
2531,Trent,2026-07-16T00:00:00+02:00,34907582,0
2531,Trent,2026-07-17T00:00:00+02:00,34424050,0
2531,Trent,2026-07-18T00:00:00+02:00,33803831,0
2531,Trent,2026-07-19T00:00:00+02:00,33206234,0
2531,Trent,2026-07-20T00:00:00+02:00,32649509,0
2531,Trent,2026-07-21T00:00:00+02:00,32105422,0
2531,Trent,2026-07-22T00:00:00+02:00,31383451,0
2531,Trent,2026-07-23T00:00:00+02:00,30922501,0
2531,Trent,2026-07-24T00:00:00+02:00,30331495,0
2531,Trent,2026-07-25T00:00:00+02:00,29819055,0
2531,Trent,2026-07-26T00:00:00+02:00,29377738,0
2531,Trent,2026-07-27T00:00:00+02:00,28959764,0
2531,Trent,2026-07-28T00:00:00+02:00,28518077,0
2531,Trent,2026-07-29T00:00:00+02:00,28048470,0
2531,Trent,2026-07-30T00:00:00+02:00,27696917,0
2531,Trent,2026-07-31T00:00:00+02:00,27312381,0
2531,Trent,2026-08-01T00:00:00+02:00,27012183,0
2531,Trent,2026-08-02T00:00:00+02:00,26701516,0
2531,Trent,2026-08-03T00:00:00+02:00,26311808,0
2531,Trent,2026-08-04T00:00:00+02:00,26046650,0
2531,Trent,2026-08-05T00:00:00+02:00,25736043,0
2531,Trent,2026-08-06T00:00:00+02:00,25457410,0
2531,Trent,2026-08-07T00:00:00+02:00,25198826,0
2531,Trent,2026-08-08T00:00:00+02:00,24924209,0
2531,Trent,2026-08-09T00:00:00+02:00,24685142,0
2531,Trent,2026-08-10T00:00:00+02:00,24386559,0
2531,Trent,2026-08-11T00:00:00+02:00,24141154,0
2531,Trent,2026-08-12T00:00:00+02:00,23873532,0
2531,Trent,2026-08-13T00:00:00+02:00,23538101,0
2531,Trent,2026-08-14T00:00:00+02:00,23192667,0
2531,Trent,2026-08-15T00:00:00+02:00,22954779,0
2531,Trent,2026-08-16T00:00:00+02:00,22781237,0
2532,Ruggeri,2026-06-29T00:00:00+02:00,8900000,0
2532,Ruggeri,2026-06-30T00:00:00+02:00,8900000,0
2532,Ruggeri,2026-07-01T00:00:00+02:00,8900000,0
2532,Ruggeri,2026-07-02T00:00:00+02:00,8900000,0
2532,Ruggeri,2026-07-03T00:00:00+02:00,8904227,0
2532,Ruggeri,2026-07-04T00:00:00+02:00,8914560,0
2532,Ruggeri,2026-07-05T00:00:00+02:00,8923367,0
2532,Ruggeri,2026-07-06T00:00:00+02:00,8934384,0
2532,Ruggeri,2026-07-07T00:00:00+02:00,8933922,0
2532,Ruggeri,2026-07-08T00:00:00+02:00,9303794,0
2532,Ruggeri,2026-07-09T00:00:00+02:00,9605627,0
2532,Ruggeri,2026-07-10T00:00:00+02:00,9815185,0
2532,Ruggeri,2026-07-11T00:00:00+02:00,9935231,0
2532,Ruggeri,2026-07-12T00:00:00+02:00,9970983,0
2532,Ruggeri,2026-07-13T00:00:00+02:00,9877360,0
2532,Ruggeri,2026-07-14T00:00:00+02:00,9722748,0
2532,Ruggeri,2026-07-15T00:00:00+02:00,9613488,0
2532,Ruggeri,2026-07-16T00:00:00+02:00,9545605,0
2532,Ruggeri,2026-07-17T00:00:00+02:00,9387082,0
2532,Ruggeri,2026-07-18T00:00:00+02:00,9277871,0
2532,Ruggeri,2026-07-19T00:00:00+02:00,9130442,0
2532,Ruggeri,2026-07-20T00:00:00+02:00,9013844,0
2532,Ruggeri,2026-07-21T00:00:00+02:00,8894643,0
2532,Ruggeri,2026-07-22T00:00:00+02:00,8725695,0
2532,Ruggeri,2026-07-23T00:00:00+02:00,8629359,0
2532,Ruggeri,2026-07-24T00:00:00+02:00,8497052,0
2532,Ruggeri,2026-07-25T00:00:00+02:00,8376771,0
2532,Ruggeri,2026-07-26T00:00:00+02:00,8273494,0
2532,Ruggeri,2026-07-27T00:00:00+02:00,8153032,0
2532,Ruggeri,2026-07-28T00:00:00+02:00,8049737,0
2532,Ruggeri,2026-07-29T00:00:00+02:00,7927462,0
2532,Ruggeri,2026-07-30T00:00:00+02:00,7832859,0
2532,Ruggeri,2026-07-31T00:00:00+02:00,7692825,0
2532,Ruggeri,2026-08-01T00:00:00+02:00,7627061,0
2532,Ruggeri,2026-08-02T00:00:00+02:00,7548493,0
2532,Ruggeri,2026-08-03T00:00:00+02:00,7466503,0
2532,Ruggeri,2026-08-04T00:00:00+02:00,7382577,0
2532,Ruggeri,2026-08-05T00:00:00+02:00,7335157,0
2532,Ruggeri,2026-08-06T00:00:00+02:00,7281125,0
2532,Ruggeri,2026-08-07T00:00:00+02:00,7141779,0
2532,Ruggeri,2026-08-08T00:00:00+02:00,7013233,0
2532,Ruggeri,2026-08-09T00:00:00+02:00,6896048,0
2532,Ruggeri,2026-08-10T00:00:00+02:00,6747308,0
2532,Ruggeri,2026-08-11T00:00:00+02:00,6602715,0
2532,Ruggeri,2026-08-12T00:00:00+02:00,6458358,0
2532,Ruggeri,2026-08-13T00:00:00+02:00,6309242,0
2532,Ruggeri,2026-08-14T00:00:00+02:00,6177637,0
2532,Ruggeri,2026-08-15T00:00:00+02:00,6065299,0
2532,Ruggeri,2026-08-16T00:00:00+02:00,5956370,0
2533,Á. Carreras,2026-06-29T00:00:00+02:00,29700000,0
2533,Á. Carreras,2026-06-30T00:00:00+02:00,29700000,0
2533,Á. Carreras,2026-07-01T00:00:00+02:00,29700000,0
2533,Á. Carreras,2026-07-02T00:00:00+02:00,29700000,0
2533,Á. Carreras,2026-07-03T00:00:00+02:00,29714107,0
2533,Á. Carreras,2026-07-04T00:00:00+02:00,29748589,0
2533,Á. Carreras,2026-07-05T00:00:00+02:00,29777979,0
2533,Á. Carreras,2026-07-06T00:00:00+02:00,29814744,0
2533,Á. Carreras,2026-07-07T00:00:00+02:00,29813204,0
2533,Á. Carreras,2026-07-08T00:00:00+02:00,29309273,0
2533,Á. Carreras,2026-07-09T00:00:00+02:00,28840511,0
2533,Á. Carreras,2026-07-10T00:00:00+02:00,28265868,0
2533,Á. Carreras,2026-07-11T00:00:00+02:00,27685892,0
2533,Á. Carreras,2026-07-12T00:00:00+02:00,27152227,0
2533,Á. Carreras,2026-07-13T00:00:00+02:00,26624752,0
2533,Á. Carreras,2026-07-14T00:00:00+02:00,26080275,0
2533,Á. Carreras,2026-07-15T00:00:00+02:00,25585127,0
2533,Á. Carreras,2026-07-16T00:00:00+02:00,25096886,0
2533,Á. Carreras,2026-07-17T00:00:00+02:00,24524714,0
2533,Á. Carreras,2026-07-18T00:00:00+02:00,24024481,0
2533,Á. Carreras,2026-07-19T00:00:00+02:00,23536323,0
2533,Á. Carreras,2026-07-20T00:00:00+02:00,23058212,0
2533,Á. Carreras,2026-07-21T00:00:00+02:00,22581133,0
2533,Á. Carreras,2026-07-22T00:00:00+02:00,21997723,0
2533,Á. Carreras,2026-07-23T00:00:00+02:00,21516501,0
2533,Á. Carreras,2026-07-24T00:00:00+02:00,21057289,0
2533,Á. Carreras,2026-07-25T00:00:00+02:00,20568183,0
2533,Á. Carreras,2026-07-26T00:00:00+02:00,20132647,0
2533,Á. Carreras,2026-07-27T00:00:00+02:00,19675696,0
2533,Á. Carreras,2026-07-28T00:00:00+02:00,19206491,0
2533,Á. Carreras,2026-07-29T00:00:00+02:00,18713653,0
2533,Á. Carreras,2026-07-30T00:00:00+02:00,18251188,0
2533,Á. Carreras,2026-07-31T00:00:00+02:00,17785938,0
2533,Á. Carreras,2026-08-01T00:00:00+02:00,17388662,0
2533,Á. Carreras,2026-08-02T00:00:00+02:00,16984947,0
2533,Á. Carreras,2026-08-03T00:00:00+02:00,16574609,0
2533,Á. Carreras,2026-08-04T00:00:00+02:00,16193725,0
2533,Á. Carreras,2026-08-05T00:00:00+02:00,15824015,0
2533,Á. Carreras,2026-08-06T00:00:00+02:00,15426958,0
2533,Á. Carreras,2026-08-07T00:00:00+02:00,15048257,0
2533,Á. Carreras,2026-08-08T00:00:00+02:00,14661952,0
2533,Á. Carreras,2026-08-09T00:00:00+02:00,14324483,0
2533,Á. Carreras,2026-08-10T00:00:00+02:00,13999960,0
2533,Á. Carreras,2026-08-11T00:00:00+02:00,13656309,0
2533,Á. Carreras,2026-08-12T00:00:00+02:00,13339267,0
2533,Á. Carreras,2026-08-13T00:00:00+02:00,13003157,0
2533,Á. Carreras,2026-08-14T00:00:00+02:00,12724417,0
2533,Á. Carreras,2026-08-15T00:00:00+02:00,12465457,0
2533,Á. Carreras,2026-08-16T00:00:00+02:00,12241851,0
2538,I. Lekue,2026-06-29T00:00:00+02:00,3300000,0
2538,I. Lekue,2026-06-30T00:00:00+02:00,3300000,0
2538,I. Lekue,2026-07-01T00:00:00+02:00,3300000,0
2538,I. Lekue,2026-07-02T00:00:00+02:00,3300000,0
2538,I. Lekue,2026-07-03T00:00:00+02:00,3301567,0
2538,I. Lekue,2026-07-04T00:00:00+02:00,3176299,0
2538,I. Lekue,2026-07-05T00:00:00+02:00,3179437,0
2542,Rafa Marín,2026-06-29T00:00:00+02:00,10000000,0
2542,Rafa Marín,2026-06-30T00:00:00+02:00,10000000,0
2542,Rafa Marín,2026-07-01T00:00:00+02:00,10000000,0
2542,Rafa Marín,2026-07-02T00:00:00+02:00,10000000,0
2542,Rafa Marín,2026-07-03T00:00:00+02:00,10004749,0
2542,Rafa Marín,2026-07-04T00:00:00+02:00,10016359,0
2542,Rafa Marín,2026-07-05T00:00:00+02:00,9636232,0
2543,Natan,2026-06-29T00:00:00+02:00,25000000,0
2543,Natan,2026-06-30T00:00:00+02:00,25000000,0
2543,Natan,2026-07-01T00:00:00+02:00,25000000,0
2543,Natan,2026-07-02T00:00:00+02:00,25000000,0
2543,Natan,2026-07-03T00:00:00+02:00,25011874,0
2543,Natan,2026-07-04T00:00:00+02:00,25040899,0
2543,Natan,2026-07-05T00:00:00+02:00,25065638,0
2543,Natan,2026-07-06T00:00:00+02:00,25096585,0
2543,Natan,2026-07-07T00:00:00+02:00,25095288,0
2543,Natan,2026-07-08T00:00:00+02:00,24969712,0
2543,Natan,2026-07-09T00:00:00+02:00,25060178,0
2543,Natan,2026-07-10T00:00:00+02:00,25098413,0
2543,Natan,2026-07-11T00:00:00+02:00,25346264,0
2543,Natan,2026-07-12T00:00:00+02:00,25996872,0
2543,Natan,2026-07-13T00:00:00+02:00,26531343,0
2543,Natan,2026-07-14T00:00:00+02:00,27030517,0
2543,Natan,2026-07-15T00:00:00+02:00,27779213,0
2543,Natan,2026-07-16T00:00:00+02:00,28423757,0
2543,Natan,2026-07-17T00:00:00+02:00,29139622,0
2543,Natan,2026-07-18T00:00:00+02:00,29989037,0
2543,Natan,2026-07-19T00:00:00+02:00,30641081,0
2543,Natan,2026-07-20T00:00:00+02:00,31350227,0
2543,Natan,2026-07-21T00:00:00+02:00,32027488,0
2543,Natan,2026-07-22T00:00:00+02:00,32342845,0
2543,Natan,2026-07-23T00:00:00+02:00,32996220,0
2543,Natan,2026-07-24T00:00:00+02:00,33401140,0
2543,Natan,2026-07-25T00:00:00+02:00,34112363,0
2543,Natan,2026-07-26T00:00:00+02:00,34913026,0
2543,Natan,2026-07-27T00:00:00+02:00,35596860,0
2543,Natan,2026-07-28T00:00:00+02:00,36389664,0
2543,Natan,2026-07-29T00:00:00+02:00,36806009,0
2543,Natan,2026-07-30T00:00:00+02:00,37713411,0
2543,Natan,2026-07-31T00:00:00+02:00,38431427,0
2543,Natan,2026-08-01T00:00:00+02:00,39144765,0
2543,Natan,2026-08-02T00:00:00+02:00,39952547,0
2543,Natan,2026-08-03T00:00:00+02:00,40612353,0
2543,Natan,2026-08-04T00:00:00+02:00,41484868,0
2543,Natan,2026-08-05T00:00:00+02:00,42049275,0
2543,Natan,2026-08-06T00:00:00+02:00,42564868,0
2543,Natan,2026-08-07T00:00:00+02:00,42951382,0
2543,Natan,2026-08-08T00:00:00+02:00,43379393,0
2543,Natan,2026-08-09T00:00:00+02:00,43590170,0
2543,Natan,2026-08-10T00:00:00+02:00,43549902,0
2543,Natan,2026-08-11T00:00:00+02:00,43091866,0
2543,Natan,2026-08-12T00:00:00+02:00,42450360,0
2543,Natan,2026-08-13T00:00:00+02:00,41651631,0
2543,Natan,2026-08-14T00:00:00+02:00,40970280,0
2543,Natan,2026-08-15T00:00:00+02:00,40405192,0
2543,Natan,2026-08-16T00:00:00+02:00,39829866,0
2545,Adama,2026-06-29T00:00:00+02:00,1000000,0
2545,Adama,2026-06-30T00:00:00+02:00,1000000,0
2545,Adama,2026-07-01T00:00:00+02:00,1000000,0
2545,Adama,2026-07-02T00:00:00+02:00,1000000,0
2545,Adama,2026-07-03T00:00:00+02:00,1000475,0
2545,Adama,2026-07-04T00:00:00+02:00,1001636,0
2545,Adama,2026-07-05T00:00:00+02:00,1002625,0
2545,Adama,2026-07-06T00:00:00+02:00,1003862,0
2545,Adama,2026-07-07T00:00:00+02:00,1003810,0
2545,Adama,2026-07-08T00:00:00+02:00,976425,0
2545,Adama,2026-07-09T00:00:00+02:00,959161,0
2545,Adama,2026-07-10T00:00:00+02:00,931357,0
2545,Adama,2026-07-11T00:00:00+02:00,905081,0
2545,Adama,2026-07-12T00:00:00+02:00,880991,0
2545,Adama,2026-07-13T00:00:00+02:00,858681,0
2545,Adama,2026-07-14T00:00:00+02:00,837094,0
2545,Adama,2026-07-15T00:00:00+02:00,816936,0
2545,Adama,2026-07-16T00:00:00+02:00,798892,0
2545,Adama,2026-07-17T00:00:00+02:00,781870,0
2545,Adama,2026-07-18T00:00:00+02:00,765882,0
2545,Adama,2026-07-19T00:00:00+02:00,750779,0
2545,Adama,2026-07-20T00:00:00+02:00,736991,0
2545,Adama,2026-07-21T00:00:00+02:00,725271,0
2545,Adama,2026-07-22T00:00:00+02:00,725988,0
2545,Adama,2026-07-23T00:00:00+02:00,711796,0
2545,Adama,2026-07-24T00:00:00+02:00,697221,0
2545,Adama,2026-07-25T00:00:00+02:00,684883,0
2545,Adama,2026-07-26T00:00:00+02:00,673659,0
2545,Adama,2026-07-27T00:00:00+02:00,662492,0
2545,Adama,2026-07-28T00:00:00+02:00,651891,0
2545,Adama,2026-07-29T00:00:00+02:00,639509,0
2545,Adama,2026-07-30T00:00:00+02:00,628345,0
2545,Adama,2026-07-31T00:00:00+02:00,617176,0
2545,Adama,2026-08-01T00:00:00+02:00,606558,0
2545,Adama,2026-08-02T00:00:00+02:00,597279,0
2545,Adama,2026-08-03T00:00:00+02:00,587796,0
2545,Adama,2026-08-04T00:00:00+02:00,578027,0
2545,Adama,2026-08-05T00:00:00+02:00,568720,0
2545,Adama,2026-08-06T00:00:00+02:00,559290,0
2545,Adama,2026-08-07T00:00:00+02:00,551381,0
2545,Adama,2026-08-08T00:00:00+02:00,543225,0
2545,Adama,2026-08-09T00:00:00+02:00,536412,0
2545,Adama,2026-08-10T00:00:00+02:00,530091,0
2545,Adama,2026-08-11T00:00:00+02:00,522933,0
2545,Adama,2026-08-12T00:00:00+02:00,515667,0
2545,Adama,2026-08-13T00:00:00+02:00,509718,0
2545,Adama,2026-08-14T00:00:00+02:00,501145,0
2545,Adama,2026-08-15T00:00:00+02:00,494773,0
2545,Adama,2026-08-16T00:00:00+02:00,489901,0
2546,Foulquier,2026-06-29T00:00:00+02:00,3700000,0
2546,Foulquier,2026-06-30T00:00:00+02:00,3700000,0
2546,Foulquier,2026-07-01T00:00:00+02:00,3700000,0
2546,Foulquier,2026-07-02T00:00:00+02:00,3700000,0
2546,Foulquier,2026-07-03T00:00:00+02:00,3701757,0
2546,Foulquier,2026-07-04T00:00:00+02:00,3706052,0
2546,Foulquier,2026-07-05T00:00:00+02:00,3709713,0
2546,Foulquier,2026-07-29T00:00:00+02:00,3586138,0
2546,Foulquier,2026-07-30T00:00:00+02:00,3468542,0
2546,Foulquier,2026-07-31T00:00:00+02:00,3389048,0
2546,Foulquier,2026-08-01T00:00:00+02:00,3326362,0
2546,Foulquier,2026-08-02T00:00:00+02:00,3268208,0
2546,Foulquier,2026-08-03T00:00:00+02:00,3202587,0
2546,Foulquier,2026-08-04T00:00:00+02:00,3142785,0
2546,Foulquier,2026-08-05T00:00:00+02:00,3074386,0
2546,Foulquier,2026-08-06T00:00:00+02:00,2987439,0
2546,Foulquier,2026-08-07T00:00:00+02:00,2904008,0
2546,Foulquier,2026-08-08T00:00:00+02:00,2826209,0
2546,Foulquier,2026-08-09T00:00:00+02:00,2751388,0
2546,Foulquier,2026-08-10T00:00:00+02:00,2675217,0
2546,Foulquier,2026-08-11T00:00:00+02:00,2599313,0
2546,Foulquier,2026-08-12T00:00:00+02:00,2525518,0
2546,Foulquier,2026-08-13T00:00:00+02:00,2453419,0
2546,Foulquier,2026-08-14T00:00:00+02:00,2386506,0
2546,Foulquier,2026-08-15T00:00:00+02:00,2323780,0
2546,Foulquier,2026-08-16T00:00:00+02:00,2263014,0
2550,Luiz Felipe,2026-06-29T00:00:00+02:00,4100000,0
2550,Luiz Felipe,2026-06-30T00:00:00+02:00,4100000,0
2550,Luiz Felipe,2026-07-01T00:00:00+02:00,4100000,0
2550,Luiz Felipe,2026-07-02T00:00:00+02:00,4100000,0
2550,Luiz Felipe,2026-07-03T00:00:00+02:00,4101947,0
2550,Luiz Felipe,2026-07-04T00:00:00+02:00,4106707,0
2550,Luiz Felipe,2026-07-05T00:00:00+02:00,4110764,0
2550,Luiz Felipe,2026-08-14T00:00:00+02:00,3969985,0
2550,Luiz Felipe,2026-08-15T00:00:00+02:00,3836934,0
2550,Luiz Felipe,2026-08-16T00:00:00+02:00,3734874,0
2552,Jonny Otto,2026-06-29T00:00:00+02:00,9000000,0
2552,Jonny Otto,2026-06-30T00:00:00+02:00,9000000,0
2552,Jonny Otto,2026-07-01T00:00:00+02:00,9000000,0
2552,Jonny Otto,2026-07-02T00:00:00+02:00,9000000,0
2552,Jonny Otto,2026-07-03T00:00:00+02:00,9004274,0
2552,Jonny Otto,2026-07-04T00:00:00+02:00,9014723,0
2552,Jonny Otto,2026-07-05T00:00:00+02:00,9023629,0
2552,Jonny Otto,2026-07-06T00:00:00+02:00,9034770,0
2552,Jonny Otto,2026-07-07T00:00:00+02:00,9034303,0
2552,Jonny Otto,2026-07-08T00:00:00+02:00,9160777,0
2552,Jonny Otto,2026-07-09T00:00:00+02:00,9158292,0
2552,Jonny Otto,2026-07-10T00:00:00+02:00,9179055,0
2552,Jonny Otto,2026-07-11T00:00:00+02:00,9082286,0
2552,Jonny Otto,2026-07-12T00:00:00+02:00,8855827,0
2552,Jonny Otto,2026-07-13T00:00:00+02:00,8677793,0
2552,Jonny Otto,2026-07-14T00:00:00+02:00,8431115,0
2552,Jonny Otto,2026-07-15T00:00:00+02:00,8268264,0
2552,Jonny Otto,2026-07-16T00:00:00+02:00,8078785,0
2552,Jonny Otto,2026-07-17T00:00:00+02:00,7935352,0
2552,Jonny Otto,2026-07-18T00:00:00+02:00,7789631,0
2552,Jonny Otto,2026-07-19T00:00:00+02:00,7621542,0
2552,Jonny Otto,2026-07-20T00:00:00+02:00,7473498,0
2552,Jonny Otto,2026-07-21T00:00:00+02:00,7314149,0
2552,Jonny Otto,2026-07-22T00:00:00+02:00,7174170,0
2552,Jonny Otto,2026-07-23T00:00:00+02:00,7056028,0
2552,Jonny Otto,2026-07-24T00:00:00+02:00,6925360,0
2552,Jonny Otto,2026-07-25T00:00:00+02:00,6782064,0
2552,Jonny Otto,2026-07-26T00:00:00+02:00,6664008,0
2552,Jonny Otto,2026-07-27T00:00:00+02:00,6548050,0
2552,Jonny Otto,2026-07-28T00:00:00+02:00,6463913,0
2552,Jonny Otto,2026-07-29T00:00:00+02:00,6357901,0
2552,Jonny Otto,2026-07-30T00:00:00+02:00,6242695,0
2552,Jonny Otto,2026-07-31T00:00:00+02:00,6138076,0
2552,Jonny Otto,2026-08-01T00:00:00+02:00,6071022,0
2552,Jonny Otto,2026-08-02T00:00:00+02:00,5996991,0
2552,Jonny Otto,2026-08-03T00:00:00+02:00,5939991,0
2552,Jonny Otto,2026-08-04T00:00:00+02:00,5894569,0
2552,Jonny Otto,2026-08-05T00:00:00+02:00,5845794,0
2552,Jonny Otto,2026-08-06T00:00:00+02:00,5773276,0
2552,Jonny Otto,2026-08-07T00:00:00+02:00,5724421,0
2552,Jonny Otto,2026-08-08T00:00:00+02:00,5665632,0
2552,Jonny Otto,2026-08-09T00:00:00+02:00,5602974,0
2552,Jonny Otto,2026-08-10T00:00:00+02:00,5554234,0
2552,Jonny Otto,2026-08-11T00:00:00+02:00,5510947,0
2552,Jonny Otto,2026-08-12T00:00:00+02:00,5494251,0
2552,Jonny Otto,2026-08-13T00:00:00+02:00,5461401,0
2552,Jonny Otto,2026-08-14T00:00:00+02:00,5453786,0
2552,Jonny Otto,2026-08-15T00:00:00+02:00,5435805,0
2552,Jonny Otto,2026-08-16T00:00:00+02:00,5399739,0
2559,V. Rosier,2026-06-29T00:00:00+02:00,11000000,0
2559,V. Rosier,2026-06-30T00:00:00+02:00,11000000,0
2559,V. Rosier,2026-07-01T00:00:00+02:00,11000000,0
2559,V. Rosier,2026-07-02T00:00:00+02:00,11000000,0
2559,V. Rosier,2026-07-03T00:00:00+02:00,11005224,0
2559,V. Rosier,2026-07-04T00:00:00+02:00,11017995,0
2559,V. Rosier,2026-07-05T00:00:00+02:00,11028880,0
2559,V. Rosier,2026-07-06T00:00:00+02:00,11042496,0
2559,V. Rosier,2026-07-07T00:00:00+02:00,11041925,0
2559,V. Rosier,2026-07-08T00:00:00+02:00,11222352,0
2559,V. Rosier,2026-07-09T00:00:00+02:00,11425890,0
2559,V. Rosier,2026-07-10T00:00:00+02:00,11693385,0
2559,V. Rosier,2026-07-11T00:00:00+02:00,11712725,0
2559,V. Rosier,2026-07-12T00:00:00+02:00,11711885,0
2559,V. Rosier,2026-07-13T00:00:00+02:00,11613129,0
2559,V. Rosier,2026-07-14T00:00:00+02:00,11540519,0
2559,V. Rosier,2026-07-15T00:00:00+02:00,11439857,0
2559,V. Rosier,2026-07-16T00:00:00+02:00,11282520,0
2559,V. Rosier,2026-07-17T00:00:00+02:00,11185867,0
2559,V. Rosier,2026-07-18T00:00:00+02:00,11143059,0
2559,V. Rosier,2026-07-19T00:00:00+02:00,11042648,0
2559,V. Rosier,2026-07-20T00:00:00+02:00,10937092,0
2559,V. Rosier,2026-07-21T00:00:00+02:00,10854322,0
2559,V. Rosier,2026-07-22T00:00:00+02:00,10713483,0
2559,V. Rosier,2026-07-23T00:00:00+02:00,10574961,0
2559,V. Rosier,2026-07-24T00:00:00+02:00,10472897,0
2559,V. Rosier,2026-07-25T00:00:00+02:00,10362718,0
2559,V. Rosier,2026-07-26T00:00:00+02:00,10246029,0
2559,V. Rosier,2026-07-27T00:00:00+02:00,10014112,0
2559,V. Rosier,2026-07-28T00:00:00+02:00,9782267,0
2559,V. Rosier,2026-07-29T00:00:00+02:00,9515445,0
2559,V. Rosier,2026-07-30T00:00:00+02:00,9239828,0
2559,V. Rosier,2026-07-31T00:00:00+02:00,8962210,0
2559,V. Rosier,2026-08-01T00:00:00+02:00,8696846,0
2559,V. Rosier,2026-08-02T00:00:00+02:00,8447066,0
2559,V. Rosier,2026-08-03T00:00:00+02:00,8196908,0
2559,V. Rosier,2026-08-04T00:00:00+02:00,7958077,0
2559,V. Rosier,2026-08-05T00:00:00+02:00,7719589,0
2559,V. Rosier,2026-08-06T00:00:00+02:00,7491460,0
2559,V. Rosier,2026-08-07T00:00:00+02:00,7269513,0
2559,V. Rosier,2026-08-08T00:00:00+02:00,7063063,0
2559,V. Rosier,2026-08-09T00:00:00+02:00,6859756,0
2559,V. Rosier,2026-08-10T00:00:00+02:00,6659198,0
2559,V. Rosier,2026-08-11T00:00:00+02:00,6462008,0
2559,V. Rosier,2026-08-12T00:00:00+02:00,6270327,0
2559,V. Rosier,2026-08-13T00:00:00+02:00,6078179,0
2559,V. Rosier,2026-08-14T00:00:00+02:00,5890975,0
2559,V. Rosier,2026-08-15T00:00:00+02:00,5716522,0
2559,V. Rosier,2026-08-16T00:00:00+02:00,5550787,0
2561,Hancko,2026-06-29T00:00:00+02:00,40000000,0
2561,Hancko,2026-06-30T00:00:00+02:00,40000000,0
2561,Hancko,2026-07-01T00:00:00+02:00,40000000,0
2561,Hancko,2026-07-02T00:00:00+02:00,40000000,0
2561,Hancko,2026-07-03T00:00:00+02:00,40018999,0
2561,Hancko,2026-07-04T00:00:00+02:00,40065439,0
2561,Hancko,2026-07-05T00:00:00+02:00,40105021,0
2561,Hancko,2026-07-06T00:00:00+02:00,40154536,0
2561,Hancko,2026-07-07T00:00:00+02:00,40152462,0
2561,Hancko,2026-07-08T00:00:00+02:00,40194037,0
2561,Hancko,2026-07-09T00:00:00+02:00,39689716,0
2561,Hancko,2026-07-10T00:00:00+02:00,39086157,0
2561,Hancko,2026-07-11T00:00:00+02:00,38734875,0
2561,Hancko,2026-07-12T00:00:00+02:00,38452624,0
2561,Hancko,2026-07-13T00:00:00+02:00,37902427,0
2561,Hancko,2026-07-14T00:00:00+02:00,37559715,0
2561,Hancko,2026-07-15T00:00:00+02:00,37027419,0
2561,Hancko,2026-07-16T00:00:00+02:00,36462717,0
2561,Hancko,2026-07-17T00:00:00+02:00,36013659,0
2561,Hancko,2026-07-18T00:00:00+02:00,35622776,0
2561,Hancko,2026-07-19T00:00:00+02:00,35156216,0
2561,Hancko,2026-07-20T00:00:00+02:00,34738034,0
2561,Hancko,2026-07-21T00:00:00+02:00,34224029,0
2561,Hancko,2026-07-22T00:00:00+02:00,33593741,0
2561,Hancko,2026-07-23T00:00:00+02:00,33232853,0
2561,Hancko,2026-07-24T00:00:00+02:00,32707012,0
2561,Hancko,2026-07-25T00:00:00+02:00,32376112,0
2561,Hancko,2026-07-26T00:00:00+02:00,32069694,0
2561,Hancko,2026-07-27T00:00:00+02:00,31691490,0
2561,Hancko,2026-07-28T00:00:00+02:00,31516516,0
2561,Hancko,2026-07-29T00:00:00+02:00,31246396,0
2561,Hancko,2026-07-30T00:00:00+02:00,31070635,0
2561,Hancko,2026-07-31T00:00:00+02:00,30767525,0
2561,Hancko,2026-08-01T00:00:00+02:00,30654930,0
2561,Hancko,2026-08-02T00:00:00+02:00,30626507,0
2561,Hancko,2026-08-03T00:00:00+02:00,30571638,0
2561,Hancko,2026-08-04T00:00:00+02:00,30748128,0
2561,Hancko,2026-08-05T00:00:00+02:00,31080491,0
2561,Hancko,2026-08-06T00:00:00+02:00,31494556,0
2561,Hancko,2026-08-07T00:00:00+02:00,32082047,0
2561,Hancko,2026-08-08T00:00:00+02:00,32867543,0
2561,Hancko,2026-08-09T00:00:00+02:00,33711257,0
2561,Hancko,2026-08-10T00:00:00+02:00,34443065,0
2561,Hancko,2026-08-11T00:00:00+02:00,35247758,0
2561,Hancko,2026-08-12T00:00:00+02:00,36119376,0
2561,Hancko,2026-08-13T00:00:00+02:00,36890707,0
2561,Hancko,2026-08-14T00:00:00+02:00,37540822,0
2561,Hancko,2026-08-15T00:00:00+02:00,38079151,0
2561,Hancko,2026-08-16T00:00:00+02:00,38497274,0
2562,Marc Pubill,2026-06-29T00:00:00+02:00,40000000,0
2562,Marc Pubill,2026-06-30T00:00:00+02:00,40000000,0
2562,Marc Pubill,2026-07-01T00:00:00+02:00,40000000,0
2562,Marc Pubill,2026-07-02T00:00:00+02:00,40000000,0
2562,Marc Pubill,2026-07-03T00:00:00+02:00,40018999,0
2562,Marc Pubill,2026-07-04T00:00:00+02:00,40065439,0
2562,Marc Pubill,2026-07-05T00:00:00+02:00,40105021,0
2562,Marc Pubill,2026-07-06T00:00:00+02:00,40154536,0
2562,Marc Pubill,2026-07-07T00:00:00+02:00,40152462,0
2562,Marc Pubill,2026-07-08T00:00:00+02:00,40753427,0
2562,Marc Pubill,2026-07-09T00:00:00+02:00,41321354,0
2562,Marc Pubill,2026-07-10T00:00:00+02:00,42218206,0
2562,Marc Pubill,2026-07-11T00:00:00+02:00,43242405,0
2562,Marc Pubill,2026-07-12T00:00:00+02:00,44220049,0
2562,Marc Pubill,2026-07-13T00:00:00+02:00,45936993,0
2562,Marc Pubill,2026-07-14T00:00:00+02:00,47343162,0
2562,Marc Pubill,2026-07-15T00:00:00+02:00,48516075,0
2562,Marc Pubill,2026-07-16T00:00:00+02:00,50163728,0
2562,Marc Pubill,2026-07-17T00:00:00+02:00,51720196,0
2562,Marc Pubill,2026-07-18T00:00:00+02:00,53251230,0
2562,Marc Pubill,2026-07-19T00:00:00+02:00,54488137,0
2562,Marc Pubill,2026-07-20T00:00:00+02:00,55728974,0
2562,Marc Pubill,2026-07-21T00:00:00+02:00,57324915,0
2562,Marc Pubill,2026-07-22T00:00:00+02:00,58082886,0
2562,Marc Pubill,2026-07-23T00:00:00+02:00,59727461,0
2562,Marc Pubill,2026-07-24T00:00:00+02:00,61062408,0
2562,Marc Pubill,2026-07-25T00:00:00+02:00,62901494,0
2562,Marc Pubill,2026-07-26T00:00:00+02:00,64316251,0
2562,Marc Pubill,2026-07-27T00:00:00+02:00,65992093,0
2562,Marc Pubill,2026-07-28T00:00:00+02:00,67688987,0
2562,Marc Pubill,2026-07-29T00:00:00+02:00,68522524,0
2562,Marc Pubill,2026-07-30T00:00:00+02:00,70349525,0
2562,Marc Pubill,2026-07-31T00:00:00+02:00,71318402,0
2562,Marc Pubill,2026-08-01T00:00:00+02:00,72305291,0
2562,Marc Pubill,2026-08-02T00:00:00+02:00,73135656,0
2562,Marc Pubill,2026-08-03T00:00:00+02:00,73572815,0
2562,Marc Pubill,2026-08-04T00:00:00+02:00,73720685,0
2562,Marc Pubill,2026-08-05T00:00:00+02:00,73219693,0
2562,Marc Pubill,2026-08-06T00:00:00+02:00,71930824,0
2562,Marc Pubill,2026-08-07T00:00:00+02:00,70223926,0
2562,Marc Pubill,2026-08-08T00:00:00+02:00,68674071,0
2562,Marc Pubill,2026-08-09T00:00:00+02:00,67104836,0
2562,Marc Pubill,2026-08-10T00:00:00+02:00,65815302,0
2562,Marc Pubill,2026-08-11T00:00:00+02:00,64404474,0
2562,Marc Pubill,2026-08-12T00:00:00+02:00,63068650,0
2562,Marc Pubill,2026-08-13T00:00:00+02:00,61777323,0
2562,Marc Pubill,2026-08-14T00:00:00+02:00,60615225,0
2562,Marc Pubill,2026-08-15T00:00:00+02:00,59630088,0
2562,Marc Pubill,2026-08-16T00:00:00+02:00,58782961,0
2568,Youssef,2026-06-29T00:00:00+02:00,900000,0
2568,Youssef,2026-06-30T00:00:00+02:00,900000,0
2568,Youssef,2026-07-01T00:00:00+02:00,900000,0
2568,Youssef,2026-07-02T00:00:00+02:00,900000,0
2568,Youssef,2026-07-03T00:00:00+02:00,900427,0
2568,Youssef,2026-07-04T00:00:00+02:00,901471,0
2568,Youssef,2026-07-05T00:00:00+02:00,902361,0
2568,Youssef,2026-07-06T00:00:00+02:00,903475,0
2568,Youssef,2026-07-07T00:00:00+02:00,903428,0
2568,Youssef,2026-07-08T00:00:00+02:00,878143,0
2568,Youssef,2026-07-09T00:00:00+02:00,854539,0
2568,Youssef,2026-07-10T00:00:00+02:00,830920,0
2568,Youssef,2026-07-11T00:00:00+02:00,808662,0
2568,Youssef,2026-07-12T00:00:00+02:00,788428,0
2568,Youssef,2026-07-13T00:00:00+02:00,769820,0
2568,Youssef,2026-07-14T00:00:00+02:00,770829,0
2568,Youssef,2026-07-15T00:00:00+02:00,753322,0
2568,Youssef,2026-07-16T00:00:00+02:00,737823,0
2568,Youssef,2026-07-17T00:00:00+02:00,723243,0
2568,Youssef,2026-07-18T00:00:00+02:00,709600,0
2568,Youssef,2026-07-19T00:00:00+02:00,696748,0
2568,Youssef,2026-07-20T00:00:00+02:00,685121,0
2568,Youssef,2026-07-21T00:00:00+02:00,675476,0
2568,Youssef,2026-07-22T00:00:00+02:00,661752,0
2568,Youssef,2026-07-23T00:00:00+02:00,650129,0
2568,Youssef,2026-07-24T00:00:00+02:00,638020,0
2568,Youssef,2026-07-25T00:00:00+02:00,628050,0
2568,Youssef,2026-07-26T00:00:00+02:00,619099,0
2568,Youssef,2026-07-27T00:00:00+02:00,610114,0
2568,Youssef,2026-07-28T00:00:00+02:00,601608,0
2568,Youssef,2026-07-29T00:00:00+02:00,591238,0
2568,Youssef,2026-07-30T00:00:00+02:00,582005,0
2568,Youssef,2026-07-31T00:00:00+02:00,572689,0
2568,Youssef,2026-08-01T00:00:00+02:00,563851,0
2568,Youssef,2026-08-02T00:00:00+02:00,556280,0
2568,Youssef,2026-08-03T00:00:00+02:00,548437,0
2568,Youssef,2026-08-04T00:00:00+02:00,540242,0
2568,Youssef,2026-08-05T00:00:00+02:00,532446,0
2568,Youssef,2026-08-06T00:00:00+02:00,524467,0
2568,Youssef,2026-08-07T00:00:00+02:00,516905,0
2568,Youssef,2026-08-08T00:00:00+02:00,510128,0
2568,Youssef,2026-08-09T00:00:00+02:00,504639,0
2568,Youssef,2026-08-10T00:00:00+02:00,499589,0
2568,Youssef,2026-08-11T00:00:00+02:00,496360,0
2568,Youssef,2026-08-12T00:00:00+02:00,494397,0
2568,Youssef,2026-08-13T00:00:00+02:00,491674,0
2568,Youssef,2026-08-14T00:00:00+02:00,495035,0
2568,Youssef,2026-08-15T00:00:00+02:00,500045,0
2568,Youssef,2026-08-16T00:00:00+02:00,500026,0
2572,Fortea,2026-06-29T00:00:00+02:00,800000,0
2572,Fortea,2026-06-30T00:00:00+02:00,800000,0
2572,Fortea,2026-07-01T00:00:00+02:00,800000,0
2572,Fortea,2026-07-02T00:00:00+02:00,800000,0
2572,Fortea,2026-07-03T00:00:00+02:00,800380,0
2572,Fortea,2026-07-04T00:00:00+02:00,801308,0
2572,Fortea,2026-07-05T00:00:00+02:00,802099,0
2573,Diego Aguado,2026-06-29T00:00:00+02:00,800000,0
2573,Diego Aguado,2026-06-30T00:00:00+02:00,800000,0
2573,Diego Aguado,2026-07-01T00:00:00+02:00,800000,0
2573,Diego Aguado,2026-07-02T00:00:00+02:00,800000,0
2573,Diego Aguado,2026-07-03T00:00:00+02:00,800380,0
2573,Diego Aguado,2026-07-04T00:00:00+02:00,772480,0
2573,Diego Aguado,2026-07-05T00:00:00+02:00,773243,0
2585,Kostis,2026-06-29T00:00:00+02:00,700000,0
2585,Kostis,2026-06-30T00:00:00+02:00,700000,0
2585,Kostis,2026-07-01T00:00:00+02:00,700000,0
2585,Kostis,2026-07-02T00:00:00+02:00,700000,0
2585,Kostis,2026-07-03T00:00:00+02:00,700332,0
2585,Kostis,2026-07-04T00:00:00+02:00,701144,0
2585,Kostis,2026-07-05T00:00:00+02:00,701836,0
2596,V. Chust,2026-06-29T00:00:00+02:00,5000000,0
2596,V. Chust,2026-06-30T00:00:00+02:00,5000000,0
2596,V. Chust,2026-07-01T00:00:00+02:00,5000000,0
2596,V. Chust,2026-07-02T00:00:00+02:00,5000000,0
2596,V. Chust,2026-07-03T00:00:00+02:00,5002374,0
2596,V. Chust,2026-07-04T00:00:00+02:00,5008179,0
2596,V. Chust,2026-07-05T00:00:00+02:00,5013126,0
2596,V. Chust,2026-08-14T00:00:00+02:00,4841641,0
2596,V. Chust,2026-08-15T00:00:00+02:00,4679377,0
2596,V. Chust,2026-08-16T00:00:00+02:00,4663003,0
2604,Carreira,2026-06-29T00:00:00+02:00,8000000,0
2604,Carreira,2026-06-30T00:00:00+02:00,8000000,0
2604,Carreira,2026-07-01T00:00:00+02:00,8000000,0
2604,Carreira,2026-07-02T00:00:00+02:00,8000000,0
2604,Carreira,2026-07-03T00:00:00+02:00,8003799,0
2604,Carreira,2026-07-04T00:00:00+02:00,8013087,0
2604,Carreira,2026-07-05T00:00:00+02:00,8021003,0
2604,Carreira,2026-07-06T00:00:00+02:00,8030906,0
2604,Carreira,2026-07-07T00:00:00+02:00,8030491,0
2604,Carreira,2026-07-08T00:00:00+02:00,8573555,0
2604,Carreira,2026-07-09T00:00:00+02:00,8774187,0
2604,Carreira,2026-07-10T00:00:00+02:00,9056251,0
2604,Carreira,2026-07-11T00:00:00+02:00,9155547,0
2604,Carreira,2026-07-12T00:00:00+02:00,9200631,0
2604,Carreira,2026-07-13T00:00:00+02:00,9094178,0
2604,Carreira,2026-07-14T00:00:00+02:00,8954417,0
2604,Carreira,2026-07-15T00:00:00+02:00,8882905,0
2604,Carreira,2026-07-16T00:00:00+02:00,8756297,0
2604,Carreira,2026-07-17T00:00:00+02:00,8635038,0
2604,Carreira,2026-07-18T00:00:00+02:00,8509456,0
2604,Carreira,2026-07-19T00:00:00+02:00,8404864,0
2604,Carreira,2026-07-20T00:00:00+02:00,8304851,0
2604,Carreira,2026-07-21T00:00:00+02:00,8185615,0
2604,Carreira,2026-07-22T00:00:00+02:00,8059648,0
2604,Carreira,2026-07-23T00:00:00+02:00,7933559,0
2604,Carreira,2026-07-24T00:00:00+02:00,7829150,0
2604,Carreira,2026-07-25T00:00:00+02:00,7696591,0
2604,Carreira,2026-07-26T00:00:00+02:00,7580704,0
2604,Carreira,2026-07-27T00:00:00+02:00,7465170,0
2604,Carreira,2026-07-28T00:00:00+02:00,7376314,0
2604,Carreira,2026-07-29T00:00:00+02:00,7260043,0
2604,Carreira,2026-07-30T00:00:00+02:00,7156403,0
2604,Carreira,2026-07-31T00:00:00+02:00,7080279,0
2604,Carreira,2026-08-01T00:00:00+02:00,7022132,0
2604,Carreira,2026-08-02T00:00:00+02:00,6983393,0
2604,Carreira,2026-08-03T00:00:00+02:00,6966446,0
2604,Carreira,2026-08-04T00:00:00+02:00,6938365,0
2604,Carreira,2026-08-05T00:00:00+02:00,6931031,0
2604,Carreira,2026-08-06T00:00:00+02:00,6890110,0
2604,Carreira,2026-08-07T00:00:00+02:00,6856691,0
2604,Carreira,2026-08-08T00:00:00+02:00,6819300,0
2604,Carreira,2026-08-09T00:00:00+02:00,6775097,0
2604,Carreira,2026-08-10T00:00:00+02:00,6755592,0
2604,Carreira,2026-08-11T00:00:00+02:00,6717826,0
2604,Carreira,2026-08-12T00:00:00+02:00,6717124,0
2604,Carreira,2026-08-13T00:00:00+02:00,6714267,0
2604,Carreira,2026-08-14T00:00:00+02:00,6714589,0
2604,Carreira,2026-08-15T00:00:00+02:00,6734176,0
2604,Carreira,2026-08-16T00:00:00+02:00,6742909,0
2606,V. Parada,2026-06-29T00:00:00+02:00,4500000,0
2606,V. Parada,2026-06-30T00:00:00+02:00,4500000,0
2606,V. Parada,2026-07-01T00:00:00+02:00,4500000,0
2606,V. Parada,2026-07-02T00:00:00+02:00,4500000,0
2606,V. Parada,2026-07-03T00:00:00+02:00,4502137,0
2606,V. Parada,2026-07-04T00:00:00+02:00,4507361,0
2606,V. Parada,2026-07-05T00:00:00+02:00,4511814,0
2606,V. Parada,2026-07-06T00:00:00+02:00,4517384,0
2606,V. Parada,2026-07-07T00:00:00+02:00,4517150,0
2606,V. Parada,2026-07-08T00:00:00+02:00,4445758,0
2606,V. Parada,2026-07-09T00:00:00+02:00,4366054,0
2606,V. Parada,2026-07-10T00:00:00+02:00,4244205,0
2606,V. Parada,2026-07-11T00:00:00+02:00,4119329,0
2606,V. Parada,2026-07-12T00:00:00+02:00,4002992,0
2606,V. Parada,2026-07-13T00:00:00+02:00,3886190,0
2606,V. Parada,2026-07-14T00:00:00+02:00,3775868,0
2609,Valentín Gómez,2026-06-29T00:00:00+02:00,4000000,0
2609,Valentín Gómez,2026-06-30T00:00:00+02:00,4000000,0
2609,Valentín Gómez,2026-07-01T00:00:00+02:00,4000000,0
2609,Valentín Gómez,2026-07-02T00:00:00+02:00,4000000,0
2609,Valentín Gómez,2026-07-03T00:00:00+02:00,4001899,0
2609,Valentín Gómez,2026-07-04T00:00:00+02:00,4006543,0
2609,Valentín Gómez,2026-07-05T00:00:00+02:00,4010501,0
2609,Valentín Gómez,2026-07-06T00:00:00+02:00,4015452,0
2609,Valentín Gómez,2026-07-07T00:00:00+02:00,4015244,0
2609,Valentín Gómez,2026-07-08T00:00:00+02:00,3942344,0
2609,Valentín Gómez,2026-07-09T00:00:00+02:00,3890520,0
2609,Valentín Gómez,2026-07-10T00:00:00+02:00,3794964,0
2609,Valentín Gómez,2026-07-11T00:00:00+02:00,3704113,0
2609,Valentín Gómez,2026-07-12T00:00:00+02:00,3615012,0
2609,Valentín Gómez,2026-07-13T00:00:00+02:00,3518574,0
2609,Valentín Gómez,2026-07-14T00:00:00+02:00,3432275,0
2609,Valentín Gómez,2026-07-15T00:00:00+02:00,3353913,0
2609,Valentín Gómez,2026-07-16T00:00:00+02:00,3262209,0
2609,Valentín Gómez,2026-07-17T00:00:00+02:00,3176762,0
2609,Valentín Gómez,2026-07-18T00:00:00+02:00,3111752,0
2609,Valentín Gómez,2026-07-19T00:00:00+02:00,3038286,0
2609,Valentín Gómez,2026-07-20T00:00:00+02:00,2963340,0
2609,Valentín Gómez,2026-07-21T00:00:00+02:00,2899177,0
2609,Valentín Gómez,2026-07-22T00:00:00+02:00,2821531,0
2609,Valentín Gómez,2026-07-23T00:00:00+02:00,2756640,0
2609,Valentín Gómez,2026-07-24T00:00:00+02:00,2695967,0
2609,Valentín Gómez,2026-07-25T00:00:00+02:00,2645461,0
2609,Valentín Gómez,2026-07-26T00:00:00+02:00,2586761,0
2609,Valentín Gómez,2026-07-27T00:00:00+02:00,2532240,0
2609,Valentín Gómez,2026-07-28T00:00:00+02:00,2481739,0
2609,Valentín Gómez,2026-07-29T00:00:00+02:00,2424862,0
2609,Valentín Gómez,2026-07-30T00:00:00+02:00,2380663,0
2609,Valentín Gómez,2026-07-31T00:00:00+02:00,2331884,0
2609,Valentín Gómez,2026-08-01T00:00:00+02:00,2282954,0
2609,Valentín Gómez,2026-08-02T00:00:00+02:00,2241969,0
2609,Valentín Gómez,2026-08-03T00:00:00+02:00,2199605,0
2609,Valentín Gómez,2026-08-04T00:00:00+02:00,2157823,0
2609,Valentín Gómez,2026-08-05T00:00:00+02:00,2113592,0
2609,Valentín Gómez,2026-08-06T00:00:00+02:00,2071145,0
2609,Valentín Gómez,2026-08-07T00:00:00+02:00,2031858,0
2609,Valentín Gómez,2026-08-08T00:00:00+02:00,1990438,0
2609,Valentín Gómez,2026-08-09T00:00:00+02:00,1956018,0
2609,Valentín Gómez,2026-08-10T00:00:00+02:00,1920921,0
2609,Valentín Gómez,2026-08-11T00:00:00+02:00,1887943,0
2609,Valentín Gómez,2026-08-12T00:00:00+02:00,1856550,0
2609,Valentín Gómez,2026-08-13T00:00:00+02:00,1821279,0
2609,Valentín Gómez,2026-08-14T00:00:00+02:00,1795672,0
2609,Valentín Gómez,2026-08-15T00:00:00+02:00,1773883,0
2609,Valentín Gómez,2026-08-16T00:00:00+02:00,1752299,0
2614,C. Romero,2026-06-29T00:00:00+02:00,35000000,0
2614,C. Romero,2026-06-30T00:00:00+02:00,35000000,0
2614,C. Romero,2026-07-01T00:00:00+02:00,35000000,0
2614,C. Romero,2026-07-02T00:00:00+02:00,35000000,0
2614,C. Romero,2026-07-03T00:00:00+02:00,35016624,0
2614,C. Romero,2026-07-04T00:00:00+02:00,35057259,0
2614,C. Romero,2026-07-05T00:00:00+02:00,35091893,0
2614,C. Romero,2026-07-29T00:00:00+02:00,33916898,0
2614,C. Romero,2026-07-30T00:00:00+02:00,32804705,0
2614,C. Romero,2026-07-31T00:00:00+02:00,32277010,0
2614,C. Romero,2026-08-01T00:00:00+02:00,32281294,0
2614,C. Romero,2026-08-02T00:00:00+02:00,32551216,0
2614,C. Romero,2026-08-03T00:00:00+02:00,32933186,0
2614,C. Romero,2026-08-04T00:00:00+02:00,33610519,0
2614,C. Romero,2026-08-05T00:00:00+02:00,34391670,0
2614,C. Romero,2026-08-06T00:00:00+02:00,35059155,0
2614,C. Romero,2026-08-07T00:00:00+02:00,35878927,0
2614,C. Romero,2026-08-08T00:00:00+02:00,37115709,0
2614,C. Romero,2026-08-09T00:00:00+02:00,38315175,0
2614,C. Romero,2026-08-10T00:00:00+02:00,39446422,0
2614,C. Romero,2026-08-11T00:00:00+02:00,40574729,0
2614,C. Romero,2026-08-12T00:00:00+02:00,41594276,0
2614,C. Romero,2026-08-13T00:00:00+02:00,42293368,0
2614,C. Romero,2026-08-14T00:00:00+02:00,43114524,0
2614,C. Romero,2026-08-15T00:00:00+02:00,43690033,0
2614,C. Romero,2026-08-16T00:00:00+02:00,43995046,0
2624,Manu Sánchez,2026-06-29T00:00:00+02:00,6000000,0
2624,Manu Sánchez,2026-06-30T00:00:00+02:00,6000000,0
2624,Manu Sánchez,2026-07-01T00:00:00+02:00,6000000,0
2624,Manu Sánchez,2026-07-02T00:00:00+02:00,6000000,0
2624,Manu Sánchez,2026-07-03T00:00:00+02:00,6002849,0
2624,Manu Sánchez,2026-07-04T00:00:00+02:00,6009815,0
2624,Manu Sánchez,2026-07-05T00:00:00+02:00,6015752,0
2624,Manu Sánchez,2026-07-27T00:00:00+02:00,5822584,0
2624,Manu Sánchez,2026-07-28T00:00:00+02:00,5635966,0
2624,Manu Sánchez,2026-07-29T00:00:00+02:00,5538185,0
2627,Junior,2026-06-29T00:00:00+02:00,8000000,0
2627,Junior,2026-06-30T00:00:00+02:00,8000000,0
2627,Junior,2026-07-01T00:00:00+02:00,8000000,0
2627,Junior,2026-07-02T00:00:00+02:00,8000000,0
2627,Junior,2026-07-03T00:00:00+02:00,8003799,0
2627,Junior,2026-07-04T00:00:00+02:00,8013087,0
2627,Junior,2026-07-05T00:00:00+02:00,8021003,0
2627,Junior,2026-07-06T00:00:00+02:00,8030906,0
2627,Junior,2026-07-07T00:00:00+02:00,8030491,0
2627,Junior,2026-07-08T00:00:00+02:00,7914077,0
2627,Junior,2026-07-09T00:00:00+02:00,7892231,0
2627,Junior,2026-07-10T00:00:00+02:00,7737367,0
2627,Junior,2026-07-11T00:00:00+02:00,7604918,0
2627,Junior,2026-07-12T00:00:00+02:00,7410016,0
2627,Junior,2026-07-13T00:00:00+02:00,7261606,0
2627,Junior,2026-07-14T00:00:00+02:00,7108964,0
2627,Junior,2026-07-15T00:00:00+02:00,6929540,0
2627,Junior,2026-07-16T00:00:00+02:00,6744487,0
2627,Junior,2026-07-17T00:00:00+02:00,6566101,0
2627,Junior,2026-07-18T00:00:00+02:00,6425153,0
2627,Junior,2026-07-19T00:00:00+02:00,6298729,0
2627,Junior,2026-07-20T00:00:00+02:00,6164218,0
2627,Junior,2026-07-21T00:00:00+02:00,6015871,0
2627,Junior,2026-07-22T00:00:00+02:00,5862149,0
2627,Junior,2026-07-23T00:00:00+02:00,5746904,0
2627,Junior,2026-07-24T00:00:00+02:00,5608513,0
2627,Junior,2026-07-25T00:00:00+02:00,5465346,0
2627,Junior,2026-07-26T00:00:00+02:00,5342838,0
2627,Junior,2026-07-27T00:00:00+02:00,5221238,0
2627,Junior,2026-07-28T00:00:00+02:00,5101665,0
2627,Junior,2026-07-29T00:00:00+02:00,4991582,0
2627,Junior,2026-07-30T00:00:00+02:00,4872515,0
2627,Junior,2026-07-31T00:00:00+02:00,4762956,0
2627,Junior,2026-08-01T00:00:00+02:00,4652962,0
2627,Junior,2026-08-02T00:00:00+02:00,4558865,0
2627,Junior,2026-08-03T00:00:00+02:00,4451819,0
2627,Junior,2026-08-04T00:00:00+02:00,4352462,0
2627,Junior,2026-08-05T00:00:00+02:00,4251776,0
2627,Junior,2026-08-06T00:00:00+02:00,4150736,0
2627,Junior,2026-08-07T00:00:00+02:00,4053528,0
2627,Junior,2026-08-08T00:00:00+02:00,3964333,0
2627,Junior,2026-08-09T00:00:00+02:00,3884055,0
2627,Junior,2026-08-10T00:00:00+02:00,3810019,0
2627,Junior,2026-08-11T00:00:00+02:00,3747193,0
2627,Junior,2026-08-12T00:00:00+02:00,3671313,0
2627,Junior,2026-08-13T00:00:00+02:00,3599543,0
2627,Junior,2026-08-14T00:00:00+02:00,3535713,0
2627,Junior,2026-08-15T00:00:00+02:00,3492025,0
2627,Junior,2026-08-16T00:00:00+02:00,3444610,0
2629,Elgezabal,2026-06-29T00:00:00+02:00,3000000,0
2629,Elgezabal,2026-06-30T00:00:00+02:00,3000000,0
2629,Elgezabal,2026-07-01T00:00:00+02:00,3000000,0
2629,Elgezabal,2026-07-02T00:00:00+02:00,3000000,0
2629,Elgezabal,2026-07-03T00:00:00+02:00,3001424,0
2629,Elgezabal,2026-07-04T00:00:00+02:00,3004907,0
2629,Elgezabal,2026-07-05T00:00:00+02:00,3007875,0
2629,Elgezabal,2026-07-06T00:00:00+02:00,3011588,0
2629,Elgezabal,2026-07-07T00:00:00+02:00,3011432,0
2629,Elgezabal,2026-07-08T00:00:00+02:00,2919736,0
2629,Elgezabal,2026-07-09T00:00:00+02:00,2835695,0
2629,Elgezabal,2026-07-10T00:00:00+02:00,2763479,0
2629,Elgezabal,2026-07-11T00:00:00+02:00,2683151,0
2629,Elgezabal,2026-07-12T00:00:00+02:00,2620577,0
2629,Elgezabal,2026-07-13T00:00:00+02:00,2551248,0
2629,Elgezabal,2026-07-14T00:00:00+02:00,2488734,0
2629,Elgezabal,2026-07-15T00:00:00+02:00,2422590,0
2629,Elgezabal,2026-07-16T00:00:00+02:00,2359211,0
2629,Elgezabal,2026-07-17T00:00:00+02:00,2298938,0
2629,Elgezabal,2026-07-18T00:00:00+02:00,2235096,0
2629,Elgezabal,2026-07-19T00:00:00+02:00,2175928,0
2629,Elgezabal,2026-07-20T00:00:00+02:00,2117640,0
2629,Elgezabal,2026-07-21T00:00:00+02:00,2062473,0
2629,Elgezabal,2026-07-22T00:00:00+02:00,2012052,0
2629,Elgezabal,2026-07-23T00:00:00+02:00,1961515,0
2629,Elgezabal,2026-07-24T00:00:00+02:00,1908533,0
2629,Elgezabal,2026-07-25T00:00:00+02:00,1857769,0
2629,Elgezabal,2026-07-26T00:00:00+02:00,1808567,0
2629,Elgezabal,2026-07-27T00:00:00+02:00,1761220,0
2629,Elgezabal,2026-07-28T00:00:00+02:00,1715399,0
2629,Elgezabal,2026-07-29T00:00:00+02:00,1666937,0
2629,Elgezabal,2026-07-30T00:00:00+02:00,1621759,0
2629,Elgezabal,2026-07-31T00:00:00+02:00,1576962,0
2629,Elgezabal,2026-08-01T00:00:00+02:00,1537800,0
2629,Elgezabal,2026-08-02T00:00:00+02:00,1498440,0
2629,Elgezabal,2026-08-03T00:00:00+02:00,1460346,0
2629,Elgezabal,2026-08-04T00:00:00+02:00,1420696,0
2630,Rodríguez,2026-06-29T00:00:00+02:00,9000000,0
2630,Rodríguez,2026-06-30T00:00:00+02:00,9000000,0
2630,Rodríguez,2026-07-01T00:00:00+02:00,9000000,0
2630,Rodríguez,2026-07-02T00:00:00+02:00,9000000,0
2630,Rodríguez,2026-07-03T00:00:00+02:00,9004274,0
2630,Rodríguez,2026-07-04T00:00:00+02:00,9014723,0
2630,Rodríguez,2026-07-05T00:00:00+02:00,9023629,0
2631,Léo Pétrot,2026-06-29T00:00:00+02:00,3000000,0
2631,Léo Pétrot,2026-06-30T00:00:00+02:00,3000000,0
2631,Léo Pétrot,2026-07-01T00:00:00+02:00,3000000,0
2631,Léo Pétrot,2026-07-02T00:00:00+02:00,3000000,0
2631,Léo Pétrot,2026-07-03T00:00:00+02:00,3001424,0
2631,Léo Pétrot,2026-07-04T00:00:00+02:00,3004907,0
2631,Léo Pétrot,2026-07-05T00:00:00+02:00,3007875,0
2645,Rego,2026-06-29T00:00:00+02:00,5000000,0
2645,Rego,2026-06-30T00:00:00+02:00,5000000,0
2645,Rego,2026-07-01T00:00:00+02:00,5000000,0
2645,Rego,2026-07-02T00:00:00+02:00,5000000,0
2645,Rego,2026-07-03T00:00:00+02:00,5002374,0
2645,Rego,2026-07-04T00:00:00+02:00,5008179,0
2645,Rego,2026-07-05T00:00:00+02:00,5013126,0
2648,Jofre,2026-06-29T00:00:00+02:00,600000,0
2648,Jofre,2026-06-30T00:00:00+02:00,600000,0
2648,Jofre,2026-07-01T00:00:00+02:00,600000,0
2648,Jofre,2026-07-02T00:00:00+02:00,600000,0
2648,Jofre,2026-07-03T00:00:00+02:00,600285,0
2648,Jofre,2026-07-04T00:00:00+02:00,600981,0
2648,Jofre,2026-07-05T00:00:00+02:00,601574,0
2653,Manuel Fernández,2026-06-29T00:00:00+02:00,600000,0
2653,Manuel Fernández,2026-06-30T00:00:00+02:00,600000,0
2653,Manuel Fernández,2026-07-01T00:00:00+02:00,600000,0
2653,Manuel Fernández,2026-07-02T00:00:00+02:00,600000,0
2653,Manuel Fernández,2026-07-03T00:00:00+02:00,600285,0
2653,Manuel Fernández,2026-07-04T00:00:00+02:00,600981,0
2653,Manuel Fernández,2026-07-05T00:00:00+02:00,601574,0
2653,Manuel Fernández,2026-07-06T00:00:00+02:00,602316,0
2653,Manuel Fernández,2026-07-07T00:00:00+02:00,602284,0
2653,Manuel Fernández,2026-07-08T00:00:00+02:00,589045,0
2653,Manuel Fernández,2026-07-09T00:00:00+02:00,574296,0
2653,Manuel Fernández,2026-07-10T00:00:00+02:00,561887,0
2653,Manuel Fernández,2026-07-11T00:00:00+02:00,550390,0
2653,Manuel Fernández,2026-07-12T00:00:00+02:00,540487,0
2653,Manuel Fernández,2026-07-13T00:00:00+02:00,531797,0
2653,Manuel Fernández,2026-07-14T00:00:00+02:00,523286,0
2653,Manuel Fernández,2026-07-15T00:00:00+02:00,515680,0
2653,Manuel Fernández,2026-07-16T00:00:00+02:00,509687,0
2653,Manuel Fernández,2026-07-17T00:00:00+02:00,504233,0
2653,Manuel Fernández,2026-07-18T00:00:00+02:00,499351,0
2653,Manuel Fernández,2026-07-19T00:00:00+02:00,494909,0
2653,Manuel Fernández,2026-07-20T00:00:00+02:00,491355,0
2653,Manuel Fernández,2026-07-21T00:00:00+02:00,489460,0
2653,Manuel Fernández,2026-07-22T00:00:00+02:00,483177,0
2653,Manuel Fernández,2026-07-23T00:00:00+02:00,478697,0
2653,Manuel Fernández,2026-07-24T00:00:00+02:00,473446,0
2653,Manuel Fernández,2026-07-25T00:00:00+02:00,470059,0
2653,Manuel Fernández,2026-07-26T00:00:00+02:00,467428,0
2653,Manuel Fernández,2026-07-27T00:00:00+02:00,464510,0
2653,Manuel Fernández,2026-07-28T00:00:00+02:00,461828,0
2653,Manuel Fernández,2026-07-29T00:00:00+02:00,457049,0
2653,Manuel Fernández,2026-07-30T00:00:00+02:00,453183,0
2653,Manuel Fernández,2026-07-31T00:00:00+02:00,449020,0
2653,Manuel Fernández,2026-08-01T00:00:00+02:00,445128,0
2653,Manuel Fernández,2026-08-02T00:00:00+02:00,442306,0
2653,Manuel Fernández,2026-08-03T00:00:00+02:00,439022,0
2653,Manuel Fernández,2026-08-04T00:00:00+02:00,435204,0
2653,Manuel Fernández,2026-08-05T00:00:00+02:00,431610,0
2653,Manuel Fernández,2026-08-06T00:00:00+02:00,427665,0
2653,Manuel Fernández,2026-08-07T00:00:00+02:00,423975,0
2653,Manuel Fernández,2026-08-08T00:00:00+02:00,420916,0
2653,Manuel Fernández,2026-08-09T00:00:00+02:00,418996,0
2653,Manuel Fernández,2026-08-10T00:00:00+02:00,417372,0
2653,Manuel Fernández,2026-08-11T00:00:00+02:00,414722,0
2653,Manuel Fernández,2026-08-12T00:00:00+02:00,411784,0
2653,Manuel Fernández,2026-08-13T00:00:00+02:00,407852,0
2653,Manuel Fernández,2026-08-14T00:00:00+02:00,403354,0
2653,Manuel Fernández,2026-08-15T00:00:00+02:00,400191,0
2653,Manuel Fernández,2026-08-16T00:00:00+02:00,399102,0
2656,Jon Martin,2026-06-29T00:00:00+02:00,30000000,0
2656,Jon Martin,2026-06-30T00:00:00+02:00,30000000,0
2656,Jon Martin,2026-07-01T00:00:00+02:00,30000000,0
2656,Jon Martin,2026-07-02T00:00:00+02:00,30000000,0
2656,Jon Martin,2026-07-03T00:00:00+02:00,30014249,0
2656,Jon Martin,2026-07-04T00:00:00+02:00,30049079,0
2656,Jon Martin,2026-07-05T00:00:00+02:00,30078766,0
2661,Djene,2026-06-29T00:00:00+02:00,8400000,0
2661,Djene,2026-06-30T00:00:00+02:00,8400000,0
2661,Djene,2026-07-01T00:00:00+02:00,8400000,0
2661,Djene,2026-07-02T00:00:00+02:00,8400000,0
2661,Djene,2026-07-03T00:00:00+02:00,8403989,0
2661,Djene,2026-07-04T00:00:00+02:00,8413741,0
2661,Djene,2026-07-05T00:00:00+02:00,8422053,0
2661,Djene,2026-08-12T00:00:00+02:00,8140719,0
2661,Djene,2026-08-13T00:00:00+02:00,7866208,0
2661,Djene,2026-08-14T00:00:00+02:00,8210263,0
2661,Djene,2026-08-15T00:00:00+02:00,8465766,0
2661,Djene,2026-08-16T00:00:00+02:00,8653547,0
2663,Ismael,2026-06-29T00:00:00+02:00,1100000,0
2663,Ismael,2026-06-30T00:00:00+02:00,1100000,0
2663,Ismael,2026-07-01T00:00:00+02:00,1100000,0
2663,Ismael,2026-07-02T00:00:00+02:00,1100000,0
2663,Ismael,2026-07-03T00:00:00+02:00,1100522,0
2663,Ismael,2026-07-04T00:00:00+02:00,1101799,0
2663,Ismael,2026-07-05T00:00:00+02:00,1102887,0
2669,Matías Moreno,2026-06-29T00:00:00+02:00,9000000,0
2669,Matías Moreno,2026-06-30T00:00:00+02:00,9000000,0
2669,Matías Moreno,2026-07-01T00:00:00+02:00,9000000,0
2669,Matías Moreno,2026-07-02T00:00:00+02:00,9000000,0
2669,Matías Moreno,2026-07-03T00:00:00+02:00,9004274,0
2669,Matías Moreno,2026-07-04T00:00:00+02:00,9014723,0
2669,Matías Moreno,2026-07-05T00:00:00+02:00,9023629,0
2670,Víctor G.,2026-06-29T00:00:00+02:00,5500000,0
2670,Víctor G.,2026-06-30T00:00:00+02:00,5500000,0
2670,Víctor G.,2026-07-01T00:00:00+02:00,5500000,0
2670,Víctor G.,2026-07-02T00:00:00+02:00,5500000,0
2670,Víctor G.,2026-07-03T00:00:00+02:00,5502612,0
2670,Víctor G.,2026-07-04T00:00:00+02:00,5508997,0
2670,Víctor G.,2026-07-05T00:00:00+02:00,5514439,0
2670,Víctor G.,2026-07-06T00:00:00+02:00,5521247,0
2670,Víctor G.,2026-07-07T00:00:00+02:00,5520961,0
2670,Víctor G.,2026-07-08T00:00:00+02:00,5387698,0
2670,Víctor G.,2026-07-09T00:00:00+02:00,5313040,0
2670,Víctor G.,2026-07-10T00:00:00+02:00,5171739,0
2670,Víctor G.,2026-07-11T00:00:00+02:00,5017571,0
2670,Víctor G.,2026-07-12T00:00:00+02:00,4868270,0
2670,Víctor G.,2026-07-13T00:00:00+02:00,4727286,0
2670,Víctor G.,2026-07-14T00:00:00+02:00,4581220,0
2670,Víctor G.,2026-07-15T00:00:00+02:00,4437184,0
2670,Víctor G.,2026-07-16T00:00:00+02:00,4313095,0
2670,Víctor G.,2026-07-17T00:00:00+02:00,4187753,0
2670,Víctor G.,2026-07-18T00:00:00+02:00,4095215,0
2670,Víctor G.,2026-07-19T00:00:00+02:00,3978110,0
2670,Víctor G.,2026-07-20T00:00:00+02:00,3875062,0
2670,Víctor G.,2026-07-21T00:00:00+02:00,3771299,0
2670,Víctor G.,2026-07-22T00:00:00+02:00,3661588,0
2670,Víctor G.,2026-07-23T00:00:00+02:00,3552951,0
2670,Víctor G.,2026-07-24T00:00:00+02:00,3450551,0
2670,Víctor G.,2026-07-25T00:00:00+02:00,3359720,0
2670,Víctor G.,2026-07-26T00:00:00+02:00,3264239,0
2670,Víctor G.,2026-07-27T00:00:00+02:00,3177312,0
2670,Víctor G.,2026-07-28T00:00:00+02:00,3092346,0
2670,Víctor G.,2026-07-29T00:00:00+02:00,3007143,0
2670,Víctor G.,2026-07-30T00:00:00+02:00,2927396,0
2670,Víctor G.,2026-07-31T00:00:00+02:00,2846676,0
2670,Víctor G.,2026-08-01T00:00:00+02:00,2768547,0
2670,Víctor G.,2026-08-02T00:00:00+02:00,2695028,0
2670,Víctor G.,2026-08-03T00:00:00+02:00,2623985,0
2670,Víctor G.,2026-08-04T00:00:00+02:00,2556228,0
2670,Víctor G.,2026-08-05T00:00:00+02:00,2489115,0
2670,Víctor G.,2026-08-06T00:00:00+02:00,2421452,0
2670,Víctor G.,2026-08-07T00:00:00+02:00,2361865,0
2670,Víctor G.,2026-08-08T00:00:00+02:00,2303332,0
2670,Víctor G.,2026-08-09T00:00:00+02:00,2247607,0
2670,Víctor G.,2026-08-10T00:00:00+02:00,2195519,0
2670,Víctor G.,2026-08-11T00:00:00+02:00,2144229,0
2670,Víctor G.,2026-08-12T00:00:00+02:00,2103034,0
2670,Víctor G.,2026-08-13T00:00:00+02:00,2056391,0
2670,Víctor G.,2026-08-14T00:00:00+02:00,2027108,0
2670,Víctor G.,2026-08-15T00:00:00+02:00,2009477,0
2670,Víctor G.,2026-08-16T00:00:00+02:00,1987022,0
2671,Jeremy Toljan,2026-06-29T00:00:00+02:00,7500000,0
2671,Jeremy Toljan,2026-06-30T00:00:00+02:00,7500000,0
2671,Jeremy Toljan,2026-07-01T00:00:00+02:00,7500000,0
2671,Jeremy Toljan,2026-07-02T00:00:00+02:00,7500000,0
2671,Jeremy Toljan,2026-07-03T00:00:00+02:00,7503562,0
2671,Jeremy Toljan,2026-07-04T00:00:00+02:00,7512269,0
2671,Jeremy Toljan,2026-07-05T00:00:00+02:00,7519690,0
2671,Jeremy Toljan,2026-07-06T00:00:00+02:00,7528974,0
2671,Jeremy Toljan,2026-07-07T00:00:00+02:00,7528585,0
2671,Jeremy Toljan,2026-07-08T00:00:00+02:00,7569359,0
2671,Jeremy Toljan,2026-07-09T00:00:00+02:00,7495924,0
2671,Jeremy Toljan,2026-07-10T00:00:00+02:00,7382586,0
2671,Jeremy Toljan,2026-07-11T00:00:00+02:00,7257776,0
2671,Jeremy Toljan,2026-07-12T00:00:00+02:00,7115100,0
2671,Jeremy Toljan,2026-07-13T00:00:00+02:00,6952841,0
2671,Jeremy Toljan,2026-07-14T00:00:00+02:00,6761503,0
2671,Jeremy Toljan,2026-07-15T00:00:00+02:00,6611794,0
2671,Jeremy Toljan,2026-07-16T00:00:00+02:00,6474278,0
2671,Jeremy Toljan,2026-07-17T00:00:00+02:00,6361178,0
2671,Jeremy Toljan,2026-07-18T00:00:00+02:00,6261668,0
2671,Jeremy Toljan,2026-07-19T00:00:00+02:00,6140294,0
2671,Jeremy Toljan,2026-07-20T00:00:00+02:00,6038569,0
2671,Jeremy Toljan,2026-07-21T00:00:00+02:00,5902117,0
2671,Jeremy Toljan,2026-07-22T00:00:00+02:00,5795365,0
2671,Jeremy Toljan,2026-07-23T00:00:00+02:00,5677919,0
2671,Jeremy Toljan,2026-07-24T00:00:00+02:00,5577191,0
2671,Jeremy Toljan,2026-07-25T00:00:00+02:00,5484946,0
2671,Jeremy Toljan,2026-07-26T00:00:00+02:00,5385547,0
2671,Jeremy Toljan,2026-07-27T00:00:00+02:00,5302595,0
2671,Jeremy Toljan,2026-07-28T00:00:00+02:00,5225041,0
2671,Jeremy Toljan,2026-07-29T00:00:00+02:00,5134198,0
2671,Jeremy Toljan,2026-07-30T00:00:00+02:00,5069714,0
2671,Jeremy Toljan,2026-07-31T00:00:00+02:00,4977790,0
2671,Jeremy Toljan,2026-08-01T00:00:00+02:00,4912002,0
2671,Jeremy Toljan,2026-08-02T00:00:00+02:00,4850386,0
2671,Jeremy Toljan,2026-08-03T00:00:00+02:00,4807129,0
2671,Jeremy Toljan,2026-08-04T00:00:00+02:00,4757483,0
2671,Jeremy Toljan,2026-08-05T00:00:00+02:00,4717842,0
2671,Jeremy Toljan,2026-08-06T00:00:00+02:00,4681780,0
2671,Jeremy Toljan,2026-08-07T00:00:00+02:00,4653046,0
2671,Jeremy Toljan,2026-08-08T00:00:00+02:00,4613210,0
2671,Jeremy Toljan,2026-08-09T00:00:00+02:00,4595170,0
2671,Jeremy Toljan,2026-08-10T00:00:00+02:00,4540422,0
2671,Jeremy Toljan,2026-08-11T00:00:00+02:00,4472831,0
2671,Jeremy Toljan,2026-08-12T00:00:00+02:00,4397208,0
2671,Jeremy Toljan,2026-08-13T00:00:00+02:00,4329775,0
2671,Jeremy Toljan,2026-08-14T00:00:00+02:00,4282713,0
2671,Jeremy Toljan,2026-08-15T00:00:00+02:00,4253686,0
2671,Jeremy Toljan,2026-08-16T00:00:00+02:00,4200686,0
2678,J. Vertrouwd,2026-06-29T00:00:00+02:00,1000000,0
2678,J. Vertrouwd,2026-06-30T00:00:00+02:00,1000000,0
2678,J. Vertrouwd,2026-07-01T00:00:00+02:00,1000000,0
2678,J. Vertrouwd,2026-07-02T00:00:00+02:00,1000000,0
2678,J. Vertrouwd,2026-07-03T00:00:00+02:00,1000475,0
2678,J. Vertrouwd,2026-07-04T00:00:00+02:00,1001636,0
2678,J. Vertrouwd,2026-07-05T00:00:00+02:00,1002625,0
2680,A. Castrín,2026-06-29T00:00:00+02:00,5000000,0
2680,A. Castrín,2026-06-30T00:00:00+02:00,5000000,0
2680,A. Castrín,2026-07-01T00:00:00+02:00,5000000,0
2680,A. Castrín,2026-07-02T00:00:00+02:00,5000000,0
2680,A. Castrín,2026-07-03T00:00:00+02:00,5002374,0
2680,A. Castrín,2026-07-04T00:00:00+02:00,4812574,0
2680,A. Castrín,2026-07-05T00:00:00+02:00,4817328,0
2680,A. Castrín,2026-08-13T00:00:00+02:00,4654673,0
2680,A. Castrín,2026-08-14T00:00:00+02:00,4496096,0
2680,A. Castrín,2026-08-15T00:00:00+02:00,4441013,0
2680,A. Castrín,2026-08-16T00:00:00+02:00,4369326,0
2692,Rubo,2026-06-29T00:00:00+02:00,600000,0
2692,Rubo,2026-06-30T00:00:00+02:00,600000,0
2692,Rubo,2026-07-01T00:00:00+02:00,600000,0
2692,Rubo,2026-07-02T00:00:00+02:00,600000,0
2692,Rubo,2026-07-03T00:00:00+02:00,600285,0
2692,Rubo,2026-07-04T00:00:00+02:00,600981,0
2692,Rubo,2026-07-05T00:00:00+02:00,601574,0
2698,Pau Navarro,2026-06-29T00:00:00+02:00,16000000,0
2698,Pau Navarro,2026-06-30T00:00:00+02:00,16000000,0
2698,Pau Navarro,2026-07-01T00:00:00+02:00,16000000,0
2698,Pau Navarro,2026-07-02T00:00:00+02:00,16000000,0
2698,Pau Navarro,2026-07-03T00:00:00+02:00,16007599,0
2698,Pau Navarro,2026-07-04T00:00:00+02:00,16026175,0
2698,Pau Navarro,2026-07-05T00:00:00+02:00,16042008,0
2698,Pau Navarro,2026-07-06T00:00:00+02:00,16061814,0
2698,Pau Navarro,2026-07-07T00:00:00+02:00,16060984,0
2698,Pau Navarro,2026-07-08T00:00:00+02:00,15723444,0
2698,Pau Navarro,2026-07-09T00:00:00+02:00,15547657,0
2698,Pau Navarro,2026-07-10T00:00:00+02:00,15259881,0
2698,Pau Navarro,2026-07-11T00:00:00+02:00,15054936,0
2698,Pau Navarro,2026-07-12T00:00:00+02:00,14822027,0
2698,Pau Navarro,2026-07-13T00:00:00+02:00,14560375,0
2698,Pau Navarro,2026-07-14T00:00:00+02:00,14317012,0
2698,Pau Navarro,2026-07-15T00:00:00+02:00,14060704,0
2698,Pau Navarro,2026-07-16T00:00:00+02:00,13793760,0
2698,Pau Navarro,2026-07-17T00:00:00+02:00,13638229,0
2698,Pau Navarro,2026-07-18T00:00:00+02:00,13398903,0
2698,Pau Navarro,2026-07-19T00:00:00+02:00,13178940,0
2698,Pau Navarro,2026-07-20T00:00:00+02:00,12989304,0
2698,Pau Navarro,2026-07-21T00:00:00+02:00,12794579,0
2698,Pau Navarro,2026-07-22T00:00:00+02:00,12510832,0
2698,Pau Navarro,2026-07-23T00:00:00+02:00,12266393,0
2698,Pau Navarro,2026-07-24T00:00:00+02:00,12017306,0
2698,Pau Navarro,2026-07-25T00:00:00+02:00,11782589,0
2698,Pau Navarro,2026-07-26T00:00:00+02:00,11586489,0
2698,Pau Navarro,2026-07-27T00:00:00+02:00,11401895,0
2698,Pau Navarro,2026-07-28T00:00:00+02:00,11205752,0
2698,Pau Navarro,2026-07-29T00:00:00+02:00,10982209,0
2698,Pau Navarro,2026-07-30T00:00:00+02:00,10809805,0
2698,Pau Navarro,2026-07-31T00:00:00+02:00,10604047,0
2698,Pau Navarro,2026-08-01T00:00:00+02:00,10457146,0
2698,Pau Navarro,2026-08-02T00:00:00+02:00,10296641,0
2698,Pau Navarro,2026-08-03T00:00:00+02:00,10178609,0
2698,Pau Navarro,2026-08-04T00:00:00+02:00,10068758,0
2698,Pau Navarro,2026-08-05T00:00:00+02:00,9980216,0
2698,Pau Navarro,2026-08-06T00:00:00+02:00,9869886,0
2698,Pau Navarro,2026-08-07T00:00:00+02:00,9739906,0
2698,Pau Navarro,2026-08-08T00:00:00+02:00,9648755,0
2698,Pau Navarro,2026-08-09T00:00:00+02:00,9615534,0
2698,Pau Navarro,2026-08-10T00:00:00+02:00,9518522,0
2698,Pau Navarro,2026-08-11T00:00:00+02:00,9430542,0
2698,Pau Navarro,2026-08-12T00:00:00+02:00,9323998,0
2698,Pau Navarro,2026-08-13T00:00:00+02:00,9198307,0
2698,Pau Navarro,2026-08-14T00:00:00+02:00,9107469,0
2698,Pau Navarro,2026-08-15T00:00:00+02:00,9052234,0
2698,Pau Navarro,2026-08-16T00:00:00+02:00,8995994,0
2699,J. Ives Valou,2026-06-29T00:00:00+02:00,600000,0
2699,J. Ives Valou,2026-06-30T00:00:00+02:00,600000,0
2699,J. Ives Valou,2026-07-01T00:00:00+02:00,600000,0
2699,J. Ives Valou,2026-07-02T00:00:00+02:00,600000,0
2699,J. Ives Valou,2026-07-03T00:00:00+02:00,600285,0
2699,J. Ives Valou,2026-07-04T00:00:00+02:00,600981,0
2699,J. Ives Valou,2026-07-05T00:00:00+02:00,601574,0
2711,Á. Ortiz,2026-06-29T00:00:00+02:00,1700000,0
2711,Á. Ortiz,2026-06-30T00:00:00+02:00,1700000,0
2711,Á. Ortiz,2026-07-01T00:00:00+02:00,1700000,0
2711,Á. Ortiz,2026-07-02T00:00:00+02:00,1700000,0
2711,Á. Ortiz,2026-07-03T00:00:00+02:00,1700807,0
2711,Á. Ortiz,2026-07-04T00:00:00+02:00,1702780,0
2711,Á. Ortiz,2026-07-05T00:00:00+02:00,1704462,0
2714,Javi Rueda,2026-06-29T00:00:00+02:00,5000000,0
2714,Javi Rueda,2026-06-30T00:00:00+02:00,5000000,0
2714,Javi Rueda,2026-07-01T00:00:00+02:00,5000000,0
2714,Javi Rueda,2026-07-02T00:00:00+02:00,5000000,0
2714,Javi Rueda,2026-07-03T00:00:00+02:00,5002374,0
2714,Javi Rueda,2026-07-04T00:00:00+02:00,5008179,0
2714,Javi Rueda,2026-07-05T00:00:00+02:00,5013126,0
2714,Javi Rueda,2026-07-06T00:00:00+02:00,5019315,0
2714,Javi Rueda,2026-07-07T00:00:00+02:00,5019055,0
2714,Javi Rueda,2026-07-08T00:00:00+02:00,5045173,0
2714,Javi Rueda,2026-07-09T00:00:00+02:00,5042721,0
2714,Javi Rueda,2026-07-10T00:00:00+02:00,4989872,0
2714,Javi Rueda,2026-07-11T00:00:00+02:00,4917990,0
2714,Javi Rueda,2026-07-12T00:00:00+02:00,4837259,0
2714,Javi Rueda,2026-07-13T00:00:00+02:00,4797933,0
2714,Javi Rueda,2026-07-14T00:00:00+02:00,4711765,0
2714,Javi Rueda,2026-07-15T00:00:00+02:00,4636186,0
2714,Javi Rueda,2026-07-16T00:00:00+02:00,4557068,0
2714,Javi Rueda,2026-07-17T00:00:00+02:00,4493829,0
2714,Javi Rueda,2026-07-18T00:00:00+02:00,4432927,0
2714,Javi Rueda,2026-07-19T00:00:00+02:00,4364848,0
2714,Javi Rueda,2026-07-20T00:00:00+02:00,4301499,0
2714,Javi Rueda,2026-07-21T00:00:00+02:00,4257245,0
2714,Javi Rueda,2026-07-22T00:00:00+02:00,4178400,0
2714,Javi Rueda,2026-07-23T00:00:00+02:00,4121389,0
2714,Javi Rueda,2026-07-24T00:00:00+02:00,4061054,0
2714,Javi Rueda,2026-07-25T00:00:00+02:00,4005138,0
2714,Javi Rueda,2026-07-26T00:00:00+02:00,3963055,0
2714,Javi Rueda,2026-07-27T00:00:00+02:00,3914648,0
2714,Javi Rueda,2026-07-28T00:00:00+02:00,3883032,0
2714,Javi Rueda,2026-07-29T00:00:00+02:00,3834870,0
2714,Javi Rueda,2026-07-30T00:00:00+02:00,3810870,0
2714,Javi Rueda,2026-07-31T00:00:00+02:00,3763310,0
2714,Javi Rueda,2026-08-01T00:00:00+02:00,3728182,0
2714,Javi Rueda,2026-08-02T00:00:00+02:00,3702776,0
2714,Javi Rueda,2026-08-03T00:00:00+02:00,3668372,0
2714,Javi Rueda,2026-08-04T00:00:00+02:00,3664030,0
2714,Javi Rueda,2026-08-05T00:00:00+02:00,3657756,0
2714,Javi Rueda,2026-08-06T00:00:00+02:00,3649602,0
2714,Javi Rueda,2026-08-07T00:00:00+02:00,3652215,0
2714,Javi Rueda,2026-08-08T00:00:00+02:00,3676299,0
2714,Javi Rueda,2026-08-09T00:00:00+02:00,3713026,0
2714,Javi Rueda,2026-08-10T00:00:00+02:00,3758426,0
2714,Javi Rueda,2026-08-11T00:00:00+02:00,3819857,0
2714,Javi Rueda,2026-08-12T00:00:00+02:00,3918864,0
2714,Javi Rueda,2026-08-13T00:00:00+02:00,4010569,0
2714,Javi Rueda,2026-08-14T00:00:00+02:00,4126917,0
2714,Javi Rueda,2026-08-15T00:00:00+02:00,4217993,0
2714,Javi Rueda,2026-08-16T00:00:00+02:00,4295574,0
2716,Albert,2026-06-29T00:00:00+02:00,800000,0
2716,Albert,2026-06-30T00:00:00+02:00,800000,0
2716,Albert,2026-07-01T00:00:00+02:00,800000,0
2716,Albert,2026-07-02T00:00:00+02:00,800000,0
2716,Albert,2026-07-03T00:00:00+02:00,800380,0
2716,Albert,2026-07-04T00:00:00+02:00,801308,0
2716,Albert,2026-07-05T00:00:00+02:00,802099,0
2720,R. Chasco,2026-06-29T00:00:00+02:00,500000,0
2720,R. Chasco,2026-06-30T00:00:00+02:00,500000,0
2720,R. Chasco,2026-07-01T00:00:00+02:00,500000,0
2720,R. Chasco,2026-07-02T00:00:00+02:00,500000,0
2720,R. Chasco,2026-07-03T00:00:00+02:00,500237,0
2720,R. Chasco,2026-07-04T00:00:00+02:00,500817,0
2720,R. Chasco,2026-07-05T00:00:00+02:00,501311,0
2725,De Las Sias,2026-06-29T00:00:00+02:00,600000,0
2725,De Las Sias,2026-06-30T00:00:00+02:00,600000,0
2725,De Las Sias,2026-07-01T00:00:00+02:00,600000,0
2725,De Las Sias,2026-07-02T00:00:00+02:00,600000,0
2725,De Las Sias,2026-07-03T00:00:00+02:00,600285,0
2725,De Las Sias,2026-07-04T00:00:00+02:00,600981,0
2725,De Las Sias,2026-07-05T00:00:00+02:00,601574,0
2728,Renato Veiga,2026-06-29T00:00:00+02:00,25000000,0
2728,Renato Veiga,2026-06-30T00:00:00+02:00,25000000,0
2728,Renato Veiga,2026-07-01T00:00:00+02:00,25000000,0
2728,Renato Veiga,2026-07-02T00:00:00+02:00,25000000,0
2728,Renato Veiga,2026-07-03T00:00:00+02:00,25011874,0
2728,Renato Veiga,2026-07-04T00:00:00+02:00,25040899,0
2728,Renato Veiga,2026-07-05T00:00:00+02:00,25065638,0
2728,Renato Veiga,2026-07-06T00:00:00+02:00,25096585,0
2728,Renato Veiga,2026-07-07T00:00:00+02:00,25095288,0
2728,Renato Veiga,2026-07-08T00:00:00+02:00,25098693,0
2728,Renato Veiga,2026-07-09T00:00:00+02:00,25235254,0
2728,Renato Veiga,2026-07-10T00:00:00+02:00,25598955,0
2728,Renato Veiga,2026-07-11T00:00:00+02:00,25997005,0
2728,Renato Veiga,2026-07-12T00:00:00+02:00,26347759,0
2728,Renato Veiga,2026-07-13T00:00:00+02:00,27075503,0
2728,Renato Veiga,2026-07-14T00:00:00+02:00,27882515,0
2728,Renato Veiga,2026-07-15T00:00:00+02:00,28630057,0
2728,Renato Veiga,2026-07-16T00:00:00+02:00,29622695,0
2728,Renato Veiga,2026-07-17T00:00:00+02:00,30492901,0
2728,Renato Veiga,2026-07-18T00:00:00+02:00,31464823,0
2728,Renato Veiga,2026-07-19T00:00:00+02:00,32207253,0
2728,Renato Veiga,2026-07-20T00:00:00+02:00,33174436,0
2728,Renato Veiga,2026-07-21T00:00:00+02:00,34117035,0
2728,Renato Veiga,2026-07-22T00:00:00+02:00,34515193,0
2728,Renato Veiga,2026-07-23T00:00:00+02:00,35683643,0
2728,Renato Veiga,2026-07-24T00:00:00+02:00,36092516,0
2728,Renato Veiga,2026-07-25T00:00:00+02:00,36983375,0
2728,Renato Veiga,2026-07-26T00:00:00+02:00,37620766,0
2728,Renato Veiga,2026-07-27T00:00:00+02:00,38235119,0
2728,Renato Veiga,2026-07-28T00:00:00+02:00,39010396,0
2728,Renato Veiga,2026-07-29T00:00:00+02:00,39453504,0
2728,Renato Veiga,2026-07-30T00:00:00+02:00,40158242,0
2728,Renato Veiga,2026-07-31T00:00:00+02:00,40793524,0
2728,Renato Veiga,2026-08-01T00:00:00+02:00,41316702,0
2728,Renato Veiga,2026-08-02T00:00:00+02:00,42084972,0
2728,Renato Veiga,2026-08-03T00:00:00+02:00,42659901,0
2728,Renato Veiga,2026-08-04T00:00:00+02:00,43355054,0
2728,Renato Veiga,2026-08-05T00:00:00+02:00,43830309,0
2728,Renato Veiga,2026-08-06T00:00:00+02:00,44006976,0
2728,Renato Veiga,2026-08-07T00:00:00+02:00,44137954,0
2728,Renato Veiga,2026-08-08T00:00:00+02:00,43985130,0
2728,Renato Veiga,2026-08-09T00:00:00+02:00,43583644,0
2728,Renato Veiga,2026-08-10T00:00:00+02:00,42898079,0
2728,Renato Veiga,2026-08-11T00:00:00+02:00,42211813,0
2728,Renato Veiga,2026-08-12T00:00:00+02:00,41382126,0
2728,Renato Veiga,2026-08-13T00:00:00+02:00,40622824,0
2728,Renato Veiga,2026-08-14T00:00:00+02:00,39978075,0
2728,Renato Veiga,2026-08-15T00:00:00+02:00,39539182,0
2728,Renato Veiga,2026-08-16T00:00:00+02:00,39193607,0
2736,Davinchi,2026-06-29T00:00:00+02:00,3000000,0
2736,Davinchi,2026-06-30T00:00:00+02:00,3000000,0
2736,Davinchi,2026-07-01T00:00:00+02:00,3000000,0
2736,Davinchi,2026-07-02T00:00:00+02:00,3000000,0
2736,Davinchi,2026-07-03T00:00:00+02:00,3001424,0
2736,Davinchi,2026-07-04T00:00:00+02:00,3004907,0
2736,Davinchi,2026-07-05T00:00:00+02:00,3007875,0
2736,Davinchi,2026-08-12T00:00:00+02:00,2902958,0
2736,Davinchi,2026-08-13T00:00:00+02:00,2805155,0
2736,Davinchi,2026-08-14T00:00:00+02:00,2911973,0
2736,Davinchi,2026-08-15T00:00:00+02:00,3011236,0
2736,Davinchi,2026-08-16T00:00:00+02:00,3075075,0
2737,Jon De Luis,2026-06-29T00:00:00+02:00,600000,0
2737,Jon De Luis,2026-06-30T00:00:00+02:00,600000,0
2737,Jon De Luis,2026-07-01T00:00:00+02:00,600000,0
2737,Jon De Luis,2026-07-02T00:00:00+02:00,600000,0
2737,Jon De Luis,2026-07-03T00:00:00+02:00,600285,0
2737,Jon De Luis,2026-07-04T00:00:00+02:00,600981,0
2737,Jon De Luis,2026-07-05T00:00:00+02:00,601574,0
2740,Vilaplana,2026-06-29T00:00:00+02:00,600000,0
2740,Vilaplana,2026-06-30T00:00:00+02:00,600000,0
2740,Vilaplana,2026-07-01T00:00:00+02:00,600000,0
2740,Vilaplana,2026-07-02T00:00:00+02:00,600000,0
2740,Vilaplana,2026-07-03T00:00:00+02:00,580047,0
2740,Vilaplana,2026-07-04T00:00:00+02:00,580720,0
2740,Vilaplana,2026-07-05T00:00:00+02:00,581293,0
2741,Martin Krug,2026-06-29T00:00:00+02:00,600000,0
2741,Martin Krug,2026-06-30T00:00:00+02:00,600000,0
2741,Martin Krug,2026-07-01T00:00:00+02:00,600000,0
2741,Martin Krug,2026-07-02T00:00:00+02:00,600000,0
2741,Martin Krug,2026-07-03T00:00:00+02:00,600285,0
2741,Martin Krug,2026-07-04T00:00:00+02:00,600981,0
2741,Martin Krug,2026-07-05T00:00:00+02:00,601574,0
2742,Nacho Perez,2026-06-29T00:00:00+02:00,600000,0
2742,Nacho Perez,2026-06-30T00:00:00+02:00,600000,0
2742,Nacho Perez,2026-07-01T00:00:00+02:00,600000,0
2742,Nacho Perez,2026-07-02T00:00:00+02:00,600000,0
2742,Nacho Perez,2026-07-03T00:00:00+02:00,600285,0
2742,Nacho Perez,2026-07-04T00:00:00+02:00,600981,0
2742,Nacho Perez,2026-07-05T00:00:00+02:00,581040,0
2753,Suazo,2026-06-29T00:00:00+02:00,9000000,0
2753,Suazo,2026-06-30T00:00:00+02:00,9000000,0
2753,Suazo,2026-07-01T00:00:00+02:00,9000000,0
2753,Suazo,2026-07-02T00:00:00+02:00,9000000,0
2753,Suazo,2026-07-03T00:00:00+02:00,9004274,0
2753,Suazo,2026-07-04T00:00:00+02:00,9014723,0
2753,Suazo,2026-07-05T00:00:00+02:00,9023629,0
2753,Suazo,2026-07-06T00:00:00+02:00,9034770,0
2753,Suazo,2026-07-07T00:00:00+02:00,9034303,0
2753,Suazo,2026-07-08T00:00:00+02:00,8927407,0
2753,Suazo,2026-07-09T00:00:00+02:00,8879065,0
2753,Suazo,2026-07-10T00:00:00+02:00,8803850,0
2753,Suazo,2026-07-11T00:00:00+02:00,8647969,0
2753,Suazo,2026-07-12T00:00:00+02:00,8460928,0
2753,Suazo,2026-07-13T00:00:00+02:00,8320247,0
2753,Suazo,2026-07-14T00:00:00+02:00,8129512,0
2753,Suazo,2026-07-15T00:00:00+02:00,7991251,0
2753,Suazo,2026-07-16T00:00:00+02:00,7886923,0
2753,Suazo,2026-07-17T00:00:00+02:00,7758446,0
2753,Suazo,2026-07-18T00:00:00+02:00,7622879,0
2753,Suazo,2026-07-19T00:00:00+02:00,7517220,0
2753,Suazo,2026-07-20T00:00:00+02:00,7385260,0
2753,Suazo,2026-07-21T00:00:00+02:00,7220061,0
2753,Suazo,2026-07-22T00:00:00+02:00,7064014,0
2753,Suazo,2026-07-23T00:00:00+02:00,6922219,0
2753,Suazo,2026-07-24T00:00:00+02:00,6796362,0
2753,Suazo,2026-07-25T00:00:00+02:00,6687286,0
2753,Suazo,2026-07-26T00:00:00+02:00,6618009,0
2753,Suazo,2026-07-27T00:00:00+02:00,6518433,0
2753,Suazo,2026-07-28T00:00:00+02:00,6478552,0
2753,Suazo,2026-07-29T00:00:00+02:00,6378982,0
2753,Suazo,2026-07-30T00:00:00+02:00,6289177,0
2753,Suazo,2026-07-31T00:00:00+02:00,6185093,0
2753,Suazo,2026-08-01T00:00:00+02:00,6076741,0
2753,Suazo,2026-08-02T00:00:00+02:00,5998472,0
2753,Suazo,2026-08-03T00:00:00+02:00,5918277,0
2753,Suazo,2026-08-04T00:00:00+02:00,5823823,0
2753,Suazo,2026-08-05T00:00:00+02:00,5757279,0
2753,Suazo,2026-08-06T00:00:00+02:00,5679511,0
2753,Suazo,2026-08-07T00:00:00+02:00,5605754,0
2753,Suazo,2026-08-08T00:00:00+02:00,5541595,0
2753,Suazo,2026-08-09T00:00:00+02:00,5472972,0
2753,Suazo,2026-08-10T00:00:00+02:00,5442409,0
2753,Suazo,2026-08-11T00:00:00+02:00,5407653,0
2753,Suazo,2026-08-12T00:00:00+02:00,5397565,0
2753,Suazo,2026-08-13T00:00:00+02:00,5381160,0
2753,Suazo,2026-08-14T00:00:00+02:00,5375738,0
2753,Suazo,2026-08-15T00:00:00+02:00,5403084,0
2753,Suazo,2026-08-16T00:00:00+02:00,5432732,0
2757,Gerard Martín,2026-06-29T00:00:00+02:00,30400000,0
2757,Gerard Martín,2026-06-30T00:00:00+02:00,30400000,0
2757,Gerard Martín,2026-07-01T00:00:00+02:00,30400000,0
2757,Gerard Martín,2026-07-02T00:00:00+02:00,30400000,0
2757,Gerard Martín,2026-07-03T00:00:00+02:00,30414439,0
2757,Gerard Martín,2026-07-04T00:00:00+02:00,30449733,0
2757,Gerard Martín,2026-07-05T00:00:00+02:00,30479815,0
2757,Gerard Martín,2026-08-03T00:00:00+02:00,29475241,0
2757,Gerard Martín,2026-08-04T00:00:00+02:00,28498773,0
2757,Gerard Martín,2026-08-05T00:00:00+02:00,28486849,0
2757,Gerard Martín,2026-08-06T00:00:00+02:00,28608276,0
2757,Gerard Martín,2026-08-07T00:00:00+02:00,29037242,0
2757,Gerard Martín,2026-08-08T00:00:00+02:00,29715386,0
2757,Gerard Martín,2026-08-09T00:00:00+02:00,30539225,0
2757,Gerard Martín,2026-08-10T00:00:00+02:00,31374966,0
2757,Gerard Martín,2026-08-11T00:00:00+02:00,32237277,0
2757,Gerard Martín,2026-08-12T00:00:00+02:00,33150395,0
2757,Gerard Martín,2026-08-13T00:00:00+02:00,33861663,0
2757,Gerard Martín,2026-08-14T00:00:00+02:00,34700658,0
2757,Gerard Martín,2026-08-15T00:00:00+02:00,35302661,0
2757,Gerard Martín,2026-08-16T00:00:00+02:00,35772673,0
2767,Alan Matturro,2026-06-29T00:00:00+02:00,2500000,0
2767,Alan Matturro,2026-06-30T00:00:00+02:00,2500000,0
2767,Alan Matturro,2026-07-01T00:00:00+02:00,2500000,0
2767,Alan Matturro,2026-07-02T00:00:00+02:00,2500000,0
2767,Alan Matturro,2026-07-03T00:00:00+02:00,2501187,0
2767,Alan Matturro,2026-07-04T00:00:00+02:00,2504089,0
2767,Alan Matturro,2026-07-05T00:00:00+02:00,2409057,0
2774,Kiko F.,2026-06-29T00:00:00+02:00,6000000,0
2774,Kiko F.,2026-06-30T00:00:00+02:00,6000000,0
2774,Kiko F.,2026-07-01T00:00:00+02:00,6000000,0
2774,Kiko F.,2026-07-02T00:00:00+02:00,6000000,0
2774,Kiko F.,2026-07-03T00:00:00+02:00,6002849,0
2774,Kiko F.,2026-07-04T00:00:00+02:00,6009815,0
2774,Kiko F.,2026-07-05T00:00:00+02:00,6015752,0
2774,Kiko F.,2026-07-06T00:00:00+02:00,6023179,0
2774,Kiko F.,2026-07-07T00:00:00+02:00,6022867,0
2774,Kiko F.,2026-07-08T00:00:00+02:00,5940420,0
2774,Kiko F.,2026-07-09T00:00:00+02:00,5850330,0
2774,Kiko F.,2026-07-10T00:00:00+02:00,5782409,0
2774,Kiko F.,2026-07-11T00:00:00+02:00,5696564,0
2774,Kiko F.,2026-07-12T00:00:00+02:00,5536917,0
2774,Kiko F.,2026-07-13T00:00:00+02:00,5411595,0
2774,Kiko F.,2026-07-14T00:00:00+02:00,5283777,0
2774,Kiko F.,2026-07-15T00:00:00+02:00,5154486,0
2774,Kiko F.,2026-07-16T00:00:00+02:00,5045575,0
2774,Kiko F.,2026-07-17T00:00:00+02:00,4955961,0
2774,Kiko F.,2026-07-18T00:00:00+02:00,4863862,0
2774,Kiko F.,2026-07-19T00:00:00+02:00,4766936,0
2774,Kiko F.,2026-07-20T00:00:00+02:00,4660889,0
2774,Kiko F.,2026-07-21T00:00:00+02:00,4552874,0
2774,Kiko F.,2026-07-22T00:00:00+02:00,4435113,0
2774,Kiko F.,2026-07-23T00:00:00+02:00,4339562,0
2774,Kiko F.,2026-07-24T00:00:00+02:00,4247468,0
2774,Kiko F.,2026-07-25T00:00:00+02:00,4174152,0
2774,Kiko F.,2026-07-26T00:00:00+02:00,4105144,0
2774,Kiko F.,2026-07-27T00:00:00+02:00,4042135,0
2774,Kiko F.,2026-07-28T00:00:00+02:00,3983543,0
2774,Kiko F.,2026-07-29T00:00:00+02:00,3916932,0
2774,Kiko F.,2026-07-30T00:00:00+02:00,3870526,0
2774,Kiko F.,2026-07-31T00:00:00+02:00,3806813,0
2774,Kiko F.,2026-08-01T00:00:00+02:00,3768661,0
2774,Kiko F.,2026-08-02T00:00:00+02:00,3730922,0
2774,Kiko F.,2026-08-03T00:00:00+02:00,3694718,0
2774,Kiko F.,2026-08-04T00:00:00+02:00,3677790,0
2774,Kiko F.,2026-08-05T00:00:00+02:00,3654010,0
2774,Kiko F.,2026-08-06T00:00:00+02:00,3626719,0
2774,Kiko F.,2026-08-07T00:00:00+02:00,3614451,0
2774,Kiko F.,2026-08-08T00:00:00+02:00,3597494,0
2774,Kiko F.,2026-08-09T00:00:00+02:00,3571657,0
2774,Kiko F.,2026-08-10T00:00:00+02:00,3580592,0
2774,Kiko F.,2026-08-11T00:00:00+02:00,3622477,0
2774,Kiko F.,2026-08-12T00:00:00+02:00,3681716,0
2774,Kiko F.,2026-08-13T00:00:00+02:00,3735867,0
2774,Kiko F.,2026-08-14T00:00:00+02:00,3818020,0
2774,Kiko F.,2026-08-15T00:00:00+02:00,3901193,0
2774,Kiko F.,2026-08-16T00:00:00+02:00,3965370,0
2776,A. Abqar,2026-06-29T00:00:00+02:00,6000000,0
2776,A. Abqar,2026-06-30T00:00:00+02:00,6000000,0
2776,A. Abqar,2026-07-01T00:00:00+02:00,6000000,0
2776,A. Abqar,2026-07-02T00:00:00+02:00,6000000,0
2776,A. Abqar,2026-07-03T00:00:00+02:00,6002849,0
2776,A. Abqar,2026-07-04T00:00:00+02:00,6009815,0
2776,A. Abqar,2026-07-05T00:00:00+02:00,6015752,0
2776,A. Abqar,2026-07-06T00:00:00+02:00,6023179,0
2776,A. Abqar,2026-07-07T00:00:00+02:00,6022867,0
2776,A. Abqar,2026-07-08T00:00:00+02:00,6051915,0
2776,A. Abqar,2026-07-09T00:00:00+02:00,6230618,0
2776,A. Abqar,2026-07-10T00:00:00+02:00,6163282,0
2776,A. Abqar,2026-07-11T00:00:00+02:00,6129049,0
2776,A. Abqar,2026-07-12T00:00:00+02:00,6051017,0
2776,A. Abqar,2026-07-13T00:00:00+02:00,5935820,0
2776,A. Abqar,2026-07-14T00:00:00+02:00,5804987,0
2776,A. Abqar,2026-07-15T00:00:00+02:00,5690483,0
2776,A. Abqar,2026-07-16T00:00:00+02:00,5589581,0
2776,A. Abqar,2026-07-17T00:00:00+02:00,5489451,0
2776,A. Abqar,2026-07-18T00:00:00+02:00,5408559,0
2776,A. Abqar,2026-07-19T00:00:00+02:00,5321600,0
2776,A. Abqar,2026-07-20T00:00:00+02:00,5228852,0
2776,A. Abqar,2026-07-21T00:00:00+02:00,5144721,0
2776,A. Abqar,2026-07-22T00:00:00+02:00,5044300,0
2776,A. Abqar,2026-07-23T00:00:00+02:00,4952550,0
2776,A. Abqar,2026-07-24T00:00:00+02:00,4885553,0
2776,A. Abqar,2026-07-25T00:00:00+02:00,4849818,0
2776,A. Abqar,2026-07-26T00:00:00+02:00,4826905,0
2776,A. Abqar,2026-07-27T00:00:00+02:00,4808570,0
2776,A. Abqar,2026-07-28T00:00:00+02:00,4825360,0
2776,A. Abqar,2026-07-29T00:00:00+02:00,4828674,0
2776,A. Abqar,2026-07-30T00:00:00+02:00,4872210,0
2776,A. Abqar,2026-07-31T00:00:00+02:00,4916985,0
2776,A. Abqar,2026-08-01T00:00:00+02:00,4995678,0
2776,A. Abqar,2026-08-02T00:00:00+02:00,5117466,0
2776,A. Abqar,2026-08-03T00:00:00+02:00,5250959,0
2776,A. Abqar,2026-08-04T00:00:00+02:00,5408670,0
2776,A. Abqar,2026-08-05T00:00:00+02:00,5582407,0
2776,A. Abqar,2026-08-06T00:00:00+02:00,5721302,0
2776,A. Abqar,2026-08-07T00:00:00+02:00,5836732,0
2776,A. Abqar,2026-08-08T00:00:00+02:00,5988004,0
2776,A. Abqar,2026-08-09T00:00:00+02:00,6152253,0
2776,A. Abqar,2026-08-10T00:00:00+02:00,6299441,0
2776,A. Abqar,2026-08-11T00:00:00+02:00,6446703,0
2776,A. Abqar,2026-08-12T00:00:00+02:00,6628980,0
2776,A. Abqar,2026-08-13T00:00:00+02:00,6752721,0
2776,A. Abqar,2026-08-14T00:00:00+02:00,6903754,0
2776,A. Abqar,2026-08-15T00:00:00+02:00,7047369,0
2776,A. Abqar,2026-08-16T00:00:00+02:00,7177243,0
2785,Riedel,2026-06-29T00:00:00+02:00,5500000,0
2785,Riedel,2026-06-30T00:00:00+02:00,5500000,0
2785,Riedel,2026-07-01T00:00:00+02:00,5500000,0
2785,Riedel,2026-07-02T00:00:00+02:00,5500000,0
2785,Riedel,2026-07-03T00:00:00+02:00,5502612,0
2785,Riedel,2026-07-04T00:00:00+02:00,5508997,0
2785,Riedel,2026-07-05T00:00:00+02:00,5514439,0
2785,Riedel,2026-08-06T00:00:00+02:00,5328290,0
2785,Riedel,2026-08-07T00:00:00+02:00,5150904,0
2785,Riedel,2026-08-08T00:00:00+02:00,5093228,0
2785,Riedel,2026-08-09T00:00:00+02:00,5046825,0
2785,Riedel,2026-08-10T00:00:00+02:00,4981871,0
2785,Riedel,2026-08-11T00:00:00+02:00,4900191,0
2785,Riedel,2026-08-12T00:00:00+02:00,4818678,0
2785,Riedel,2026-08-13T00:00:00+02:00,4732964,0
2785,Riedel,2026-08-14T00:00:00+02:00,4652381,0
2785,Riedel,2026-08-15T00:00:00+02:00,4599626,0
2785,Riedel,2026-08-16T00:00:00+02:00,4532650,0
2789,Oso,2026-06-29T00:00:00+02:00,14000000,0
2789,Oso,2026-06-30T00:00:00+02:00,14000000,0
2789,Oso,2026-07-01T00:00:00+02:00,14000000,0
2789,Oso,2026-07-02T00:00:00+02:00,14000000,0
2789,Oso,2026-07-03T00:00:00+02:00,14006649,0
2789,Oso,2026-07-04T00:00:00+02:00,14022903,0
2789,Oso,2026-07-05T00:00:00+02:00,14036756,0
2789,Oso,2026-08-13T00:00:00+02:00,13562353,0
2789,Oso,2026-08-14T00:00:00+02:00,13100500,0
2789,Oso,2026-08-15T00:00:00+02:00,13121231,0
2789,Oso,2026-08-16T00:00:00+02:00,13206750,0
2790,Cardoso,2026-06-29T00:00:00+02:00,2400000,0
2790,Cardoso,2026-06-30T00:00:00+02:00,2400000,0
2790,Cardoso,2026-07-01T00:00:00+02:00,2400000,0
2790,Cardoso,2026-07-02T00:00:00+02:00,2400000,0
2790,Cardoso,2026-07-03T00:00:00+02:00,2401139,0
2790,Cardoso,2026-07-04T00:00:00+02:00,2403925,0
2790,Cardoso,2026-07-05T00:00:00+02:00,2406299,0
2790,Cardoso,2026-07-06T00:00:00+02:00,2409269,0
2790,Cardoso,2026-07-07T00:00:00+02:00,2409144,0
2790,Cardoso,2026-07-08T00:00:00+02:00,2335615,0
2790,Cardoso,2026-07-09T00:00:00+02:00,2265424,0
2790,Cardoso,2026-07-10T00:00:00+02:00,2201700,0
2790,Cardoso,2026-07-11T00:00:00+02:00,2138739,0
2790,Cardoso,2026-07-12T00:00:00+02:00,2079900,0
2790,Cardoso,2026-07-13T00:00:00+02:00,2022938,0
2790,Cardoso,2026-07-14T00:00:00+02:00,1965229,0
2790,Cardoso,2026-07-15T00:00:00+02:00,1908435,0
2790,Cardoso,2026-07-16T00:00:00+02:00,1854208,0
2790,Cardoso,2026-07-17T00:00:00+02:00,1801963,0
2790,Cardoso,2026-07-18T00:00:00+02:00,1753205,0
2790,Cardoso,2026-07-19T00:00:00+02:00,1706236,0
2790,Cardoso,2026-07-20T00:00:00+02:00,1659434,0
2790,Cardoso,2026-07-21T00:00:00+02:00,1613651,0
2790,Cardoso,2026-07-22T00:00:00+02:00,1565131,0
2790,Cardoso,2026-07-23T00:00:00+02:00,1521971,0
2790,Cardoso,2026-07-24T00:00:00+02:00,1480058,0
2790,Cardoso,2026-07-25T00:00:00+02:00,1439235,0
2790,Cardoso,2026-07-26T00:00:00+02:00,1402098,0
2790,Cardoso,2026-07-27T00:00:00+02:00,1364488,0
2790,Cardoso,2026-07-28T00:00:00+02:00,1330277,0
2790,Cardoso,2026-07-29T00:00:00+02:00,1293249,0
2790,Cardoso,2026-07-30T00:00:00+02:00,1258722,0
2790,Cardoso,2026-07-31T00:00:00+02:00,1225582,0
2790,Cardoso,2026-08-01T00:00:00+02:00,1195109,0
2790,Cardoso,2026-08-02T00:00:00+02:00,1165568,0
2790,Cardoso,2026-08-03T00:00:00+02:00,1133729,0
2790,Cardoso,2026-08-04T00:00:00+02:00,1106163,0
2790,Cardoso,2026-08-05T00:00:00+02:00,1076605,0
2790,Cardoso,2026-08-06T00:00:00+02:00,1048342,0
2790,Cardoso,2026-08-07T00:00:00+02:00,1022740,0
2790,Cardoso,2026-08-08T00:00:00+02:00,997783,0
2790,Cardoso,2026-08-09T00:00:00+02:00,973056,0
2790,Cardoso,2026-08-10T00:00:00+02:00,949269,0
2790,Cardoso,2026-08-11T00:00:00+02:00,925343,0
2790,Cardoso,2026-08-12T00:00:00+02:00,901980,0
2790,Cardoso,2026-08-13T00:00:00+02:00,879429,0
2790,Cardoso,2026-08-14T00:00:00+02:00,859519,0
2790,Cardoso,2026-08-15T00:00:00+02:00,841914,0
2790,Cardoso,2026-08-16T00:00:00+02:00,824902,0
2795,Navarro,2026-06-29T00:00:00+02:00,500000,0
2795,Navarro,2026-06-30T00:00:00+02:00,500000,0
2795,Navarro,2026-07-01T00:00:00+02:00,500000,0
2795,Navarro,2026-07-02T00:00:00+02:00,500000,0
2795,Navarro,2026-07-03T00:00:00+02:00,500237,0
2795,Navarro,2026-07-04T00:00:00+02:00,500817,0
2795,Navarro,2026-07-05T00:00:00+02:00,501311,0
2807,D. Jiménez,2026-06-29T00:00:00+02:00,600000,0
2807,D. Jiménez,2026-06-30T00:00:00+02:00,600000,0
2807,D. Jiménez,2026-07-01T00:00:00+02:00,600000,0
2807,D. Jiménez,2026-07-02T00:00:00+02:00,600000,0
2807,D. Jiménez,2026-07-03T00:00:00+02:00,600285,0
2807,D. Jiménez,2026-07-04T00:00:00+02:00,600981,0
2807,D. Jiménez,2026-07-05T00:00:00+02:00,601574,0
2811,Bladi,2026-06-29T00:00:00+02:00,600000,0
2811,Bladi,2026-06-30T00:00:00+02:00,600000,0
2811,Bladi,2026-07-01T00:00:00+02:00,600000,0
2811,Bladi,2026-07-02T00:00:00+02:00,600000,0
2811,Bladi,2026-07-03T00:00:00+02:00,600285,0
2811,Bladi,2026-07-04T00:00:00+02:00,600981,0
2811,Bladi,2026-07-05T00:00:00+02:00,601574,0
2817,Nyom,2026-06-29T00:00:00+02:00,1500000,0
2817,Nyom,2026-06-30T00:00:00+02:00,1500000,0
2817,Nyom,2026-07-01T00:00:00+02:00,1500000,0
2817,Nyom,2026-07-02T00:00:00+02:00,1500000,0
2817,Nyom,2026-07-03T00:00:00+02:00,1500712,0
2817,Nyom,2026-07-04T00:00:00+02:00,1502453,0
2817,Nyom,2026-07-05T00:00:00+02:00,1503937,0
2818,Hector Fort,2026-06-29T00:00:00+02:00,5000000,0
2818,Hector Fort,2026-06-30T00:00:00+02:00,5000000,0
2818,Hector Fort,2026-07-01T00:00:00+02:00,5000000,0
2818,Hector Fort,2026-07-02T00:00:00+02:00,5000000,0
2818,Hector Fort,2026-07-03T00:00:00+02:00,5002374,0
2818,Hector Fort,2026-07-04T00:00:00+02:00,5008179,0
2818,Hector Fort,2026-07-05T00:00:00+02:00,5013126,0
2818,Hector Fort,2026-07-31T00:00:00+02:00,4826566,0
2818,Hector Fort,2026-08-01T00:00:00+02:00,4667457,0
2818,Hector Fort,2026-08-02T00:00:00+02:00,4552181,0
2818,Hector Fort,2026-08-03T00:00:00+02:00,4457672,0
2818,Hector Fort,2026-08-04T00:00:00+02:00,4358021,0
2818,Hector Fort,2026-08-05T00:00:00+02:00,4256964,0
2818,Hector Fort,2026-08-06T00:00:00+02:00,4159812,0
2818,Hector Fort,2026-08-07T00:00:00+02:00,4062723,0
2818,Hector Fort,2026-08-08T00:00:00+02:00,3970208,0
2818,Hector Fort,2026-08-09T00:00:00+02:00,3882037,0
2818,Hector Fort,2026-08-10T00:00:00+02:00,3800461,0
2818,Hector Fort,2026-08-11T00:00:00+02:00,3720521,0
2818,Hector Fort,2026-08-12T00:00:00+02:00,3640116,0
2818,Hector Fort,2026-08-13T00:00:00+02:00,3557176,0
2818,Hector Fort,2026-08-14T00:00:00+02:00,3473780,0
2818,Hector Fort,2026-08-15T00:00:00+02:00,3403992,0
2818,Hector Fort,2026-08-16T00:00:00+02:00,3340711,0
2827,Monreal,2026-06-29T00:00:00+02:00,600000,0
2827,Monreal,2026-06-30T00:00:00+02:00,600000,0
2827,Monreal,2026-07-01T00:00:00+02:00,600000,0
2827,Monreal,2026-07-02T00:00:00+02:00,600000,0
2827,Monreal,2026-07-03T00:00:00+02:00,600285,0
2827,Monreal,2026-07-04T00:00:00+02:00,600981,0
2827,Monreal,2026-07-05T00:00:00+02:00,601574,0
2831,Ballestero,2026-06-29T00:00:00+02:00,600000,0
2831,Ballestero,2026-06-30T00:00:00+02:00,600000,0
2831,Ballestero,2026-07-01T00:00:00+02:00,600000,0
2831,Ballestero,2026-07-02T00:00:00+02:00,600000,0
2831,Ballestero,2026-07-03T00:00:00+02:00,600285,0
2831,Ballestero,2026-07-04T00:00:00+02:00,600981,0
2831,Ballestero,2026-07-05T00:00:00+02:00,601574,0
2831,Ballestero,2026-07-06T00:00:00+02:00,602316,0
2833,N. Mendy,2026-06-29T00:00:00+02:00,6000000,0
2833,N. Mendy,2026-06-30T00:00:00+02:00,6000000,0
2833,N. Mendy,2026-07-01T00:00:00+02:00,6000000,0
2833,N. Mendy,2026-07-02T00:00:00+02:00,6000000,0
2833,N. Mendy,2026-07-03T00:00:00+02:00,6002849,0
2833,N. Mendy,2026-07-04T00:00:00+02:00,6009815,0
2833,N. Mendy,2026-07-05T00:00:00+02:00,6015752,0
2834,Beitia,2026-06-29T00:00:00+02:00,500000,0
2834,Beitia,2026-06-30T00:00:00+02:00,500000,0
2834,Beitia,2026-07-01T00:00:00+02:00,500000,0
2834,Beitia,2026-07-02T00:00:00+02:00,500000,0
2834,Beitia,2026-07-03T00:00:00+02:00,500237,0
2834,Beitia,2026-07-04T00:00:00+02:00,500817,0
2834,Beitia,2026-07-05T00:00:00+02:00,501311,0
2836,Lebarbier,2026-06-29T00:00:00+02:00,600000,0
2836,Lebarbier,2026-06-30T00:00:00+02:00,600000,0
2836,Lebarbier,2026-07-01T00:00:00+02:00,600000,0
2836,Lebarbier,2026-07-02T00:00:00+02:00,600000,0
2836,Lebarbier,2026-07-03T00:00:00+02:00,600285,0
2836,Lebarbier,2026-07-04T00:00:00+02:00,600981,0
2836,Lebarbier,2026-07-05T00:00:00+02:00,601574,0
2839,Sierra,2026-06-29T00:00:00+02:00,600000,0
2839,Sierra,2026-06-30T00:00:00+02:00,600000,0
2839,Sierra,2026-07-01T00:00:00+02:00,600000,0
2839,Sierra,2026-07-02T00:00:00+02:00,600000,0
2839,Sierra,2026-07-03T00:00:00+02:00,600285,0
2839,Sierra,2026-07-04T00:00:00+02:00,600981,0
2839,Sierra,2026-07-05T00:00:00+02:00,601574,0
2843,Xavi Espart,2026-06-29T00:00:00+02:00,700000,0
2843,Xavi Espart,2026-06-30T00:00:00+02:00,700000,0
2843,Xavi Espart,2026-07-01T00:00:00+02:00,700000,0
2843,Xavi Espart,2026-07-02T00:00:00+02:00,700000,0
2843,Xavi Espart,2026-07-03T00:00:00+02:00,700332,0
2843,Xavi Espart,2026-07-04T00:00:00+02:00,701144,0
2843,Xavi Espart,2026-07-05T00:00:00+02:00,701836,0
2844,David Delgado,2026-06-29T00:00:00+02:00,600000,0
2844,David Delgado,2026-06-30T00:00:00+02:00,600000,0
2844,David Delgado,2026-07-01T00:00:00+02:00,600000,0
2844,David Delgado,2026-07-02T00:00:00+02:00,600000,0
2844,David Delgado,2026-07-03T00:00:00+02:00,600285,0
2844,David Delgado,2026-07-04T00:00:00+02:00,600981,0
2844,David Delgado,2026-07-05T00:00:00+02:00,601574,0
2846,Arguibide,2026-06-29T00:00:00+02:00,600000,0
2846,Arguibide,2026-06-30T00:00:00+02:00,600000,0
2846,Arguibide,2026-07-01T00:00:00+02:00,600000,0
2846,Arguibide,2026-07-02T00:00:00+02:00,600000,0
2846,Arguibide,2026-07-03T00:00:00+02:00,580047,0
2846,Arguibide,2026-07-04T00:00:00+02:00,580720,0
2846,Arguibide,2026-07-05T00:00:00+02:00,581293,0
2848,P. Meixus,2026-06-29T00:00:00+02:00,500000,0
2848,P. Meixus,2026-06-30T00:00:00+02:00,500000,0
2848,P. Meixus,2026-07-01T00:00:00+02:00,500000,0
2848,P. Meixus,2026-07-02T00:00:00+02:00,500000,0
2848,P. Meixus,2026-07-03T00:00:00+02:00,500237,0
2848,P. Meixus,2026-07-04T00:00:00+02:00,484343,0
2848,P. Meixus,2026-07-05T00:00:00+02:00,484821,0
2851,Álvaro García,2026-06-29T00:00:00+02:00,500000,0
2851,Álvaro García,2026-06-30T00:00:00+02:00,500000,0
2851,Álvaro García,2026-07-01T00:00:00+02:00,500000,0
2851,Álvaro García,2026-07-02T00:00:00+02:00,500000,0
2851,Álvaro García,2026-07-03T00:00:00+02:00,500237,0
2851,Álvaro García,2026-07-04T00:00:00+02:00,500817,0
2851,Álvaro García,2026-07-05T00:00:00+02:00,501311,0
2851,Álvaro García,2026-07-06T00:00:00+02:00,501929,0
2852,Egoitz M.l.,2026-06-29T00:00:00+02:00,600000,0
2852,Egoitz M.l.,2026-06-30T00:00:00+02:00,600000,0
2852,Egoitz M.l.,2026-07-01T00:00:00+02:00,600000,0
2852,Egoitz M.l.,2026-07-02T00:00:00+02:00,600000,0
2852,Egoitz M.l.,2026-07-03T00:00:00+02:00,600285,0
2852,Egoitz M.l.,2026-07-04T00:00:00+02:00,600981,0
2852,Egoitz M.l.,2026-07-05T00:00:00+02:00,601574,0
2852,Egoitz M.l.,2026-07-06T00:00:00+02:00,602316,0
2854,Lucas Laso,2026-06-29T00:00:00+02:00,500000,0
2854,Lucas Laso,2026-06-30T00:00:00+02:00,500000,0
2854,Lucas Laso,2026-07-01T00:00:00+02:00,500000,0
2854,Lucas Laso,2026-07-02T00:00:00+02:00,500000,0
2854,Lucas Laso,2026-07-03T00:00:00+02:00,500237,0
2854,Lucas Laso,2026-07-04T00:00:00+02:00,500817,0
2854,Lucas Laso,2026-07-05T00:00:00+02:00,501311,0
2855,Yassin T.,2026-06-29T00:00:00+02:00,500000,0
2855,Yassin T.,2026-06-30T00:00:00+02:00,500000,0
2855,Yassin T.,2026-07-01T00:00:00+02:00,500000,0
2855,Yassin T.,2026-07-02T00:00:00+02:00,500000,0
2855,Yassin T.,2026-07-03T00:00:00+02:00,500237,0
2855,Yassin T.,2026-07-04T00:00:00+02:00,500817,0
2855,Yassin T.,2026-07-05T00:00:00+02:00,501311,0
2858,Huseini,2026-06-29T00:00:00+02:00,500000,0
2858,Huseini,2026-06-30T00:00:00+02:00,500000,0
2858,Huseini,2026-07-01T00:00:00+02:00,500000,0
2858,Huseini,2026-07-02T00:00:00+02:00,500000,0
2858,Huseini,2026-07-03T00:00:00+02:00,500237,0
2858,Huseini,2026-07-04T00:00:00+02:00,500817,0
2858,Huseini,2026-07-05T00:00:00+02:00,501311,0
2863,Panach,2026-06-29T00:00:00+02:00,500000,0
2863,Panach,2026-06-30T00:00:00+02:00,500000,0
2863,Panach,2026-07-01T00:00:00+02:00,500000,0
2863,Panach,2026-07-02T00:00:00+02:00,500000,0
2863,Panach,2026-07-03T00:00:00+02:00,500237,0
2863,Panach,2026-07-04T00:00:00+02:00,500817,0
2863,Panach,2026-07-05T00:00:00+02:00,501311,0
2864,Marc Jurado,2026-06-29T00:00:00+02:00,600000,0
2864,Marc Jurado,2026-06-30T00:00:00+02:00,600000,0
2864,Marc Jurado,2026-07-01T00:00:00+02:00,600000,0
2864,Marc Jurado,2026-07-02T00:00:00+02:00,600000,0
2864,Marc Jurado,2026-07-03T00:00:00+02:00,600285,0
2864,Marc Jurado,2026-07-04T00:00:00+02:00,600981,0
2864,Marc Jurado,2026-07-05T00:00:00+02:00,601574,0
2867,Valdepeñas,2026-06-29T00:00:00+02:00,800000,0
2867,Valdepeñas,2026-06-30T00:00:00+02:00,800000,0
2867,Valdepeñas,2026-07-01T00:00:00+02:00,800000,0
2867,Valdepeñas,2026-07-02T00:00:00+02:00,800000,0
2867,Valdepeñas,2026-07-03T00:00:00+02:00,800380,0
2867,Valdepeñas,2026-07-04T00:00:00+02:00,801308,0
2867,Valdepeñas,2026-07-05T00:00:00+02:00,802099,0
2872,Mikel,2026-06-29T00:00:00+02:00,600000,0
2872,Mikel,2026-06-30T00:00:00+02:00,600000,0
2872,Mikel,2026-07-01T00:00:00+02:00,600000,0
2872,Mikel,2026-07-02T00:00:00+02:00,600000,0
2872,Mikel,2026-07-03T00:00:00+02:00,600285,0
2872,Mikel,2026-07-04T00:00:00+02:00,600981,0
2872,Mikel,2026-07-05T00:00:00+02:00,601574,0
2873,Santos,2026-06-29T00:00:00+02:00,600000,0
2873,Santos,2026-06-30T00:00:00+02:00,600000,0
2873,Santos,2026-07-01T00:00:00+02:00,600000,0
2873,Santos,2026-07-02T00:00:00+02:00,600000,0
2873,Santos,2026-07-03T00:00:00+02:00,600285,0
2873,Santos,2026-07-04T00:00:00+02:00,600981,0
2873,Santos,2026-07-05T00:00:00+02:00,601574,0
2874,Joan Martínez,2026-06-29T00:00:00+02:00,700000,0
2874,Joan Martínez,2026-06-30T00:00:00+02:00,700000,0
2874,Joan Martínez,2026-07-01T00:00:00+02:00,700000,0
2874,Joan Martínez,2026-07-02T00:00:00+02:00,700000,0
2874,Joan Martínez,2026-07-03T00:00:00+02:00,700332,0
2874,Joan Martínez,2026-07-04T00:00:00+02:00,701144,0
2874,Joan Martínez,2026-07-05T00:00:00+02:00,701836,0
2876,Iker Muñoz,2026-06-29T00:00:00+02:00,600000,0
2876,Iker Muñoz,2026-06-30T00:00:00+02:00,600000,0
2876,Iker Muñoz,2026-07-01T00:00:00+02:00,600000,0
2876,Iker Muñoz,2026-07-02T00:00:00+02:00,600000,0
2876,Iker Muñoz,2026-07-03T00:00:00+02:00,600285,0
2876,Iker Muñoz,2026-07-04T00:00:00+02:00,600981,0
2876,Iker Muñoz,2026-07-05T00:00:00+02:00,601574,0
2881,D. Martínez,2026-06-29T00:00:00+02:00,600000,0
2881,D. Martínez,2026-06-30T00:00:00+02:00,600000,0
2881,D. Martínez,2026-07-01T00:00:00+02:00,600000,0
2881,D. Martínez,2026-07-02T00:00:00+02:00,600000,0
2881,D. Martínez,2026-07-03T00:00:00+02:00,600285,0
2881,D. Martínez,2026-07-04T00:00:00+02:00,600981,0
2881,D. Martínez,2026-07-05T00:00:00+02:00,601574,0
2881,D. Martínez,2026-07-06T00:00:00+02:00,602316,0
2881,D. Martínez,2026-07-07T00:00:00+02:00,602284,0
2881,D. Martínez,2026-07-08T00:00:00+02:00,589045,0
2881,D. Martínez,2026-07-09T00:00:00+02:00,576374,0
2881,D. Martínez,2026-07-10T00:00:00+02:00,563882,0
2881,D. Martínez,2026-07-11T00:00:00+02:00,552305,0
2881,D. Martínez,2026-07-12T00:00:00+02:00,542326,0
2881,D. Martínez,2026-07-13T00:00:00+02:00,533563,0
2881,D. Martínez,2026-07-14T00:00:00+02:00,524981,0
2881,D. Martínez,2026-07-15T00:00:00+02:00,517308,0
2881,D. Martínez,2026-07-16T00:00:00+02:00,511249,0
2881,D. Martínez,2026-07-17T00:00:00+02:00,505732,0
2881,D. Martínez,2026-07-18T00:00:00+02:00,500790,0
2881,D. Martínez,2026-07-19T00:00:00+02:00,496290,0
2881,D. Martínez,2026-07-20T00:00:00+02:00,492681,0
2881,D. Martínez,2026-07-21T00:00:00+02:00,490733,0
2881,D. Martínez,2026-07-22T00:00:00+02:00,484399,0
2881,D. Martínez,2026-07-23T00:00:00+02:00,479870,0
2881,D. Martínez,2026-07-24T00:00:00+02:00,474572,0
2881,D. Martínez,2026-07-25T00:00:00+02:00,471140,0
2881,D. Martínez,2026-07-26T00:00:00+02:00,474491,0
2881,D. Martínez,2026-07-27T00:00:00+02:00,471290,0
2881,D. Martínez,2026-07-28T00:00:00+02:00,468337,0
2881,D. Martínez,2026-07-29T00:00:00+02:00,463297,0
2881,D. Martínez,2026-07-30T00:00:00+02:00,459181,0
2881,D. Martínez,2026-07-31T00:00:00+02:00,454778,0
2881,D. Martínez,2026-08-01T00:00:00+02:00,450656,0
2881,D. Martínez,2026-08-02T00:00:00+02:00,447613,0
2881,D. Martínez,2026-08-03T00:00:00+02:00,444117,0
2881,D. Martínez,2026-08-04T00:00:00+02:00,440095,0
2881,D. Martínez,2026-08-05T00:00:00+02:00,436305,0
2881,D. Martínez,2026-08-06T00:00:00+02:00,432172,0
2881,D. Martínez,2026-08-07T00:00:00+02:00,428302,0
2881,D. Martínez,2026-08-08T00:00:00+02:00,425069,0
2881,D. Martínez,2026-08-09T00:00:00+02:00,422983,0
2881,D. Martínez,2026-08-10T00:00:00+02:00,421199,0
2881,D. Martínez,2026-08-11T00:00:00+02:00,418396,0
2881,D. Martínez,2026-08-12T00:00:00+02:00,415311,0
2882,J. Boñar,2026-06-29T00:00:00+02:00,700000,0
2882,J. Boñar,2026-06-30T00:00:00+02:00,700000,0
2882,J. Boñar,2026-07-01T00:00:00+02:00,700000,0
2882,J. Boñar,2026-07-02T00:00:00+02:00,700000,0
2882,J. Boñar,2026-07-03T00:00:00+02:00,700332,0
2882,J. Boñar,2026-07-04T00:00:00+02:00,701144,0
2882,J. Boñar,2026-07-05T00:00:00+02:00,701836,0
2882,J. Boñar,2026-07-06T00:00:00+02:00,702702,0
2882,J. Boñar,2026-07-07T00:00:00+02:00,702665,0
2882,J. Boñar,2026-07-08T00:00:00+02:00,685410,0
2882,J. Boñar,2026-07-09T00:00:00+02:00,667037,0
2882,J. Boñar,2026-07-10T00:00:00+02:00,650918,0
2882,J. Boñar,2026-07-11T00:00:00+02:00,635860,0
2882,J. Boñar,2026-07-12T00:00:00+02:00,652853,0
2882,J. Boñar,2026-07-13T00:00:00+02:00,639668,0
2882,J. Boñar,2026-07-14T00:00:00+02:00,626842,0
2882,J. Boñar,2026-07-15T00:00:00+02:00,615094,0
2882,J. Boñar,2026-07-16T00:00:00+02:00,605124,0
2882,J. Boñar,2026-07-17T00:00:00+02:00,595852,0
2882,J. Boñar,2026-07-18T00:00:00+02:00,587305,0
2882,J. Boñar,2026-07-19T00:00:00+02:00,579345,0
2882,J. Boñar,2026-07-20T00:00:00+02:00,572414,0
2882,J. Boñar,2026-07-21T00:00:00+02:00,567277,0
2882,J. Boñar,2026-07-22T00:00:00+02:00,557881,0
2882,J. Boñar,2026-07-23T00:00:00+02:00,550413,0
2882,J. Boñar,2026-07-24T00:00:00+02:00,542293,0
2882,J. Boñar,2026-07-25T00:00:00+02:00,536152,0
2882,J. Boñar,2026-07-26T00:00:00+02:00,530877,0
2882,J. Boñar,2026-07-27T00:00:00+02:00,525421,0
2882,J. Boñar,2026-07-28T00:00:00+02:00,520303,0
2882,J. Boñar,2026-07-29T00:00:00+02:00,516120,0
2882,J. Boñar,2026-07-30T00:00:00+02:00,509891,0
2882,J. Boñar,2026-07-31T00:00:00+02:00,503460,0
2882,J. Boñar,2026-08-01T00:00:00+02:00,497391,0
2882,J. Boñar,2026-08-02T00:00:00+02:00,492478,0
2882,J. Boñar,2026-08-03T00:00:00+02:00,487188,0
2882,J. Boñar,2026-08-04T00:00:00+02:00,481443,0
2882,J. Boñar,2026-08-05T00:00:00+02:00,475999,0
2882,J. Boñar,2026-08-06T00:00:00+02:00,470278,0
2882,J. Boñar,2026-08-07T00:00:00+02:00,464884,0
2882,J. Boñar,2026-08-08T00:00:00+02:00,460188,0
2882,J. Boñar,2026-08-09T00:00:00+02:00,456697,0
2882,J. Boñar,2026-08-10T00:00:00+02:00,453565,0
2882,J. Boñar,2026-08-11T00:00:00+02:00,449468,0
2882,J. Boñar,2026-08-12T00:00:00+02:00,445140,0
2883,Purić,2026-06-29T00:00:00+02:00,700000,0
2883,Purić,2026-06-30T00:00:00+02:00,700000,0
2883,Purić,2026-07-01T00:00:00+02:00,700000,0
2883,Purić,2026-07-02T00:00:00+02:00,700000,0
2883,Purić,2026-07-03T00:00:00+02:00,700332,0
2883,Purić,2026-07-04T00:00:00+02:00,701144,0
2883,Purić,2026-07-05T00:00:00+02:00,701836,0
2883,Purić,2026-07-06T00:00:00+02:00,702702,0
2883,Purić,2026-07-07T00:00:00+02:00,702665,0
2883,Purić,2026-07-08T00:00:00+02:00,685410,0
2883,Purić,2026-07-09T00:00:00+02:00,666806,0
2883,Purić,2026-07-10T00:00:00+02:00,650696,0
2883,Purić,2026-07-11T00:00:00+02:00,635647,0
2883,Purić,2026-07-12T00:00:00+02:00,622334,0
2883,Purić,2026-07-13T00:00:00+02:00,610370,0
2883,Purić,2026-07-14T00:00:00+02:00,598716,0
2883,Purić,2026-07-15T00:00:00+02:00,588093,0
2883,Purić,2026-07-16T00:00:00+02:00,579203,0
2883,Purić,2026-07-17T00:00:00+02:00,570968,0
2883,Purić,2026-07-18T00:00:00+02:00,563416,0
2883,Purić,2026-07-19T00:00:00+02:00,556411,0
2883,Purić,2026-07-20T00:00:00+02:00,550397,0
2883,Purić,2026-07-21T00:00:00+02:00,546141,0
2883,Purić,2026-07-22T00:00:00+02:00,537590,0
2883,Purić,2026-07-23T00:00:00+02:00,530934,0
2883,Purić,2026-07-24T00:00:00+02:00,523593,0
2883,Purić,2026-07-25T00:00:00+02:00,518200,0
2883,Purić,2026-07-26T00:00:00+02:00,513643,0
2883,Purić,2026-07-27T00:00:00+02:00,508876,0
2883,Purić,2026-07-28T00:00:00+02:00,504419,0
2883,Purić,2026-07-29T00:00:00+02:00,497936,0
2883,Purić,2026-07-30T00:00:00+02:00,492435,0
2883,Purić,2026-07-31T00:00:00+02:00,486702,0
2883,Purić,2026-08-01T00:00:00+02:00,481303,0
2883,Purić,2026-08-02T00:00:00+02:00,477034,0
2883,Purić,2026-08-03T00:00:00+02:00,472361,0
2883,Purić,2026-08-04T00:00:00+02:00,467209,0
2883,Purić,2026-08-05T00:00:00+02:00,462335,0
2883,Purić,2026-08-06T00:00:00+02:00,457161,0
2883,Purić,2026-08-07T00:00:00+02:00,452292,0
2883,Purić,2026-08-08T00:00:00+02:00,448100,0
2883,Purić,2026-08-09T00:00:00+02:00,445092,0
2883,Purić,2026-08-10T00:00:00+02:00,442424,0
2883,Purić,2026-08-11T00:00:00+02:00,438772,0
2883,Purić,2026-08-12T00:00:00+02:00,434872,0
2885,Xanet Olaiz,2026-06-29T00:00:00+02:00,600000,0
2885,Xanet Olaiz,2026-06-30T00:00:00+02:00,600000,0
2885,Xanet Olaiz,2026-07-01T00:00:00+02:00,600000,0
2885,Xanet Olaiz,2026-07-02T00:00:00+02:00,600000,0
2885,Xanet Olaiz,2026-07-03T00:00:00+02:00,600285,0
2885,Xanet Olaiz,2026-07-04T00:00:00+02:00,600981,0
2885,Xanet Olaiz,2026-07-05T00:00:00+02:00,601574,0
2885,Xanet Olaiz,2026-07-06T00:00:00+02:00,602316,0
2889,Tommy Marqués,2026-06-29T00:00:00+02:00,600000,0
2889,Tommy Marqués,2026-06-30T00:00:00+02:00,600000,0
2889,Tommy Marqués,2026-07-01T00:00:00+02:00,600000,0
2889,Tommy Marqués,2026-07-02T00:00:00+02:00,600000,0
2889,Tommy Marqués,2026-07-03T00:00:00+02:00,600285,0
2889,Tommy Marqués,2026-07-04T00:00:00+02:00,600981,0
2889,Tommy Marqués,2026-07-05T00:00:00+02:00,601574,0
2890,Montes,2026-06-29T00:00:00+02:00,600000,0
2890,Montes,2026-06-30T00:00:00+02:00,600000,0
2890,Montes,2026-07-01T00:00:00+02:00,600000,0
2890,Montes,2026-07-02T00:00:00+02:00,600000,0
2890,Montes,2026-07-03T00:00:00+02:00,600285,0
2890,Montes,2026-07-04T00:00:00+02:00,600981,0
2890,Montes,2026-07-05T00:00:00+02:00,601574,0
2898,Kita,2026-06-29T00:00:00+02:00,600000,0
2898,Kita,2026-06-30T00:00:00+02:00,600000,0
2898,Kita,2026-07-01T00:00:00+02:00,600000,0
2898,Kita,2026-07-02T00:00:00+02:00,600000,0
2898,Kita,2026-07-03T00:00:00+02:00,600285,0
2898,Kita,2026-07-04T00:00:00+02:00,600981,0
2898,Kita,2026-07-05T00:00:00+02:00,601574,0
2901,Fontanet,2026-06-29T00:00:00+02:00,600000,0
2901,Fontanet,2026-06-30T00:00:00+02:00,600000,0
2901,Fontanet,2026-07-01T00:00:00+02:00,600000,0
2901,Fontanet,2026-07-02T00:00:00+02:00,600000,0
2901,Fontanet,2026-07-03T00:00:00+02:00,580047,0
2901,Fontanet,2026-07-04T00:00:00+02:00,580720,0
2901,Fontanet,2026-07-05T00:00:00+02:00,581293,0
2906,Cancelo,2026-06-29T00:00:00+02:00,47900000,0
2906,Cancelo,2026-06-30T00:00:00+02:00,47900000,0
2906,Cancelo,2026-07-01T00:00:00+02:00,47900000,0
2906,Cancelo,2026-07-02T00:00:00+02:00,47900000,0
2906,Cancelo,2026-07-03T00:00:00+02:00,47922751,0
2906,Cancelo,2026-07-04T00:00:00+02:00,46104467,0
2906,Cancelo,2026-07-05T00:00:00+02:00,46150015,0
2912,Julio Díaz,2026-06-29T00:00:00+02:00,600000,0
2912,Julio Díaz,2026-06-30T00:00:00+02:00,600000,0
2912,Julio Díaz,2026-07-01T00:00:00+02:00,600000,0
2912,Julio Díaz,2026-07-02T00:00:00+02:00,600000,0
2912,Julio Díaz,2026-07-03T00:00:00+02:00,600285,0
2912,Julio Díaz,2026-07-04T00:00:00+02:00,580389,0
2912,Julio Díaz,2026-07-05T00:00:00+02:00,580962,0
2912,Julio Díaz,2026-07-06T00:00:00+02:00,581679,0
2912,Julio Díaz,2026-07-07T00:00:00+02:00,581648,0
2912,Julio Díaz,2026-07-08T00:00:00+02:00,569234,0
2912,Julio Díaz,2026-07-09T00:00:00+02:00,555277,0
2912,Julio Díaz,2026-07-10T00:00:00+02:00,543628,0
2912,Julio Díaz,2026-07-11T00:00:00+02:00,532861,0
2912,Julio Díaz,2026-07-12T00:00:00+02:00,523660,0
2912,Julio Díaz,2026-07-13T00:00:00+02:00,515643,0
2912,Julio Díaz,2026-07-14T00:00:00+02:00,507778,0
2912,Julio Díaz,2026-07-15T00:00:00+02:00,500793,0
2912,Julio Díaz,2026-07-16T00:00:00+02:00,495395,0
2912,Julio Díaz,2026-07-17T00:00:00+02:00,490513,0
2912,Julio Díaz,2026-07-18T00:00:00+02:00,486180,0
2912,Julio Díaz,2026-07-19T00:00:00+02:00,482265,0
2912,Julio Díaz,2026-07-20T00:00:00+02:00,480938,0
2912,Julio Díaz,2026-07-21T00:00:00+02:00,479460,0
2912,Julio Díaz,2026-07-22T00:00:00+02:00,473599,0
2912,Julio Díaz,2026-07-23T00:00:00+02:00,471714,0
2912,Julio Díaz,2026-07-24T00:00:00+02:00,466742,0
2912,Julio Díaz,2026-07-25T00:00:00+02:00,464483,0
2912,Julio Díaz,2026-07-26T00:00:00+02:00,462075,0
2912,Julio Díaz,2026-07-27T00:00:00+02:00,459371,0
2912,Julio Díaz,2026-07-28T00:00:00+02:00,456986,0
2912,Julio Díaz,2026-07-29T00:00:00+02:00,452400,0
2912,Julio Díaz,2026-07-30T00:00:00+02:00,455373,0
2912,Julio Díaz,2026-07-31T00:00:00+02:00,459491,0
2912,Julio Díaz,2026-08-01T00:00:00+02:00,469552,0
2912,Julio Díaz,2026-08-14T00:00:00+02:00,471154,0
2912,Julio Díaz,2026-08-15T00:00:00+02:00,465279,0
2912,Julio Díaz,2026-08-16T00:00:00+02:00,461586,0
2914,Bema Sina,2026-06-29T00:00:00+02:00,600000,0
2914,Bema Sina,2026-06-30T00:00:00+02:00,600000,0
2914,Bema Sina,2026-07-01T00:00:00+02:00,600000,0
2914,Bema Sina,2026-07-02T00:00:00+02:00,600000,0
2914,Bema Sina,2026-07-03T00:00:00+02:00,600285,0
2914,Bema Sina,2026-07-04T00:00:00+02:00,600981,0
2914,Bema Sina,2026-07-05T00:00:00+02:00,601574,0
2924,Zaid Romero,2026-06-29T00:00:00+02:00,30000000,0
2924,Zaid Romero,2026-06-30T00:00:00+02:00,30000000,0
2924,Zaid Romero,2026-07-01T00:00:00+02:00,30000000,0
2924,Zaid Romero,2026-07-02T00:00:00+02:00,30000000,0
2924,Zaid Romero,2026-07-03T00:00:00+02:00,30014249,0
2924,Zaid Romero,2026-07-04T00:00:00+02:00,30049079,0
2924,Zaid Romero,2026-07-05T00:00:00+02:00,30078766,0
2924,Zaid Romero,2026-08-13T00:00:00+02:00,29061992,0
2924,Zaid Romero,2026-08-14T00:00:00+02:00,28071852,0
2924,Zaid Romero,2026-08-15T00:00:00+02:00,28022072,0
2924,Zaid Romero,2026-08-16T00:00:00+02:00,28061835,0
2926,Boselli,2026-06-29T00:00:00+02:00,3000000,0
2926,Boselli,2026-06-30T00:00:00+02:00,3000000,0
2926,Boselli,2026-07-01T00:00:00+02:00,3000000,0
2926,Boselli,2026-07-02T00:00:00+02:00,3000000,0
2926,Boselli,2026-07-03T00:00:00+02:00,3001424,0
2926,Boselli,2026-07-04T00:00:00+02:00,2887544,0
2926,Boselli,2026-07-05T00:00:00+02:00,2890396,0
2926,Boselli,2026-08-13T00:00:00+02:00,2792148,0
2926,Boselli,2026-08-14T00:00:00+02:00,2697003,0
2926,Boselli,2026-08-15T00:00:00+02:00,2680245,0
2926,Boselli,2026-08-16T00:00:00+02:00,2649932,0
2930,Nuñez,2026-06-29T00:00:00+02:00,5000000,0
2930,Nuñez,2026-06-30T00:00:00+02:00,5000000,0
2930,Nuñez,2026-07-01T00:00:00+02:00,5000000,0
2930,Nuñez,2026-07-02T00:00:00+02:00,5000000,0
2930,Nuñez,2026-07-03T00:00:00+02:00,5002374,0
2930,Nuñez,2026-07-04T00:00:00+02:00,5008179,0
2930,Nuñez,2026-07-05T00:00:00+02:00,5013126,0
2930,Nuñez,2026-07-27T00:00:00+02:00,4851054,0
2930,Nuñez,2026-07-28T00:00:00+02:00,4695574,0
2930,Nuñez,2026-07-29T00:00:00+02:00,4587945,0
2930,Nuñez,2026-07-30T00:00:00+02:00,4490231,0
2930,Nuñez,2026-07-31T00:00:00+02:00,4386577,0
2930,Nuñez,2026-08-01T00:00:00+02:00,4287123,0
2930,Nuñez,2026-08-02T00:00:00+02:00,4191148,0
2930,Nuñez,2026-08-03T00:00:00+02:00,4090162,0
2930,Nuñez,2026-08-04T00:00:00+02:00,3997409,0
2930,Nuñez,2026-08-05T00:00:00+02:00,3903726,0
2930,Nuñez,2026-08-06T00:00:00+02:00,3809509,0
2930,Nuñez,2026-08-07T00:00:00+02:00,3740907,0
2930,Nuñez,2026-08-08T00:00:00+02:00,3710190,0
2930,Nuñez,2026-08-09T00:00:00+02:00,3676742,0
2930,Nuñez,2026-08-10T00:00:00+02:00,3638425,0
2930,Nuñez,2026-08-11T00:00:00+02:00,3614303,0
2930,Nuñez,2026-08-12T00:00:00+02:00,3590784,0
2930,Nuñez,2026-08-13T00:00:00+02:00,3572209,0
2930,Nuñez,2026-08-14T00:00:00+02:00,3595721,0
2930,Nuñez,2026-08-15T00:00:00+02:00,3635962,0
2930,Nuñez,2026-08-16T00:00:00+02:00,3674277,0
2934,Freeman,2026-06-29T00:00:00+02:00,5000000,0
2934,Freeman,2026-06-30T00:00:00+02:00,5000000,0
2934,Freeman,2026-07-01T00:00:00+02:00,5000000,0
2934,Freeman,2026-07-02T00:00:00+02:00,5000000,0
2934,Freeman,2026-07-03T00:00:00+02:00,5002374,0
2934,Freeman,2026-07-04T00:00:00+02:00,5008179,0
2934,Freeman,2026-07-05T00:00:00+02:00,5013126,0
2934,Freeman,2026-07-06T00:00:00+02:00,5019315,0
2934,Freeman,2026-07-07T00:00:00+02:00,5019055,0
2934,Freeman,2026-07-08T00:00:00+02:00,5001066,0
2934,Freeman,2026-07-09T00:00:00+02:00,4937067,0
2934,Freeman,2026-07-10T00:00:00+02:00,4831800,0
2934,Freeman,2026-07-11T00:00:00+02:00,4720415,0
2934,Freeman,2026-07-12T00:00:00+02:00,4614557,0
2934,Freeman,2026-07-13T00:00:00+02:00,4518004,0
2934,Freeman,2026-07-14T00:00:00+02:00,4421647,0
2934,Freeman,2026-07-15T00:00:00+02:00,4325836,0
2934,Freeman,2026-07-16T00:00:00+02:00,4218557,0
2934,Freeman,2026-07-17T00:00:00+02:00,4129976,0
2934,Freeman,2026-07-18T00:00:00+02:00,4039598,0
2934,Freeman,2026-07-19T00:00:00+02:00,3943931,0
2934,Freeman,2026-07-20T00:00:00+02:00,3872048,0
2934,Freeman,2026-07-21T00:00:00+02:00,3793947,0
2934,Freeman,2026-07-22T00:00:00+02:00,3703319,0
2934,Freeman,2026-07-23T00:00:00+02:00,3636944,0
2934,Freeman,2026-07-24T00:00:00+02:00,3565400,0
2934,Freeman,2026-07-25T00:00:00+02:00,3500265,0
2934,Freeman,2026-07-26T00:00:00+02:00,3436872,0
2934,Freeman,2026-07-27T00:00:00+02:00,3379498,0
2934,Freeman,2026-07-28T00:00:00+02:00,3334413,0
2934,Freeman,2026-07-29T00:00:00+02:00,3269027,0
2934,Freeman,2026-07-30T00:00:00+02:00,3219385,0
2934,Freeman,2026-07-31T00:00:00+02:00,3163262,0
2934,Freeman,2026-08-01T00:00:00+02:00,3113874,0
2934,Freeman,2026-08-02T00:00:00+02:00,3056043,0
2934,Freeman,2026-08-03T00:00:00+02:00,3000275,0
2934,Freeman,2026-08-04T00:00:00+02:00,2946723,0
2934,Freeman,2026-08-05T00:00:00+02:00,2891551,0
2934,Freeman,2026-08-06T00:00:00+02:00,2846198,0
2934,Freeman,2026-08-07T00:00:00+02:00,2804399,0
2934,Freeman,2026-08-08T00:00:00+02:00,2761626,0
2934,Freeman,2026-08-09T00:00:00+02:00,2719540,0
2934,Freeman,2026-08-10T00:00:00+02:00,2672837,0
2934,Freeman,2026-08-11T00:00:00+02:00,2625815,0
2934,Freeman,2026-08-12T00:00:00+02:00,2573466,0
2934,Freeman,2026-08-13T00:00:00+02:00,2520095,0
2934,Freeman,2026-08-14T00:00:00+02:00,2475799,0
2934,Freeman,2026-08-15T00:00:00+02:00,2446170,0
2934,Freeman,2026-08-16T00:00:00+02:00,2411337,0
2936,Egiluz,2026-06-29T00:00:00+02:00,700000,0
2936,Egiluz,2026-06-30T00:00:00+02:00,700000,0
2936,Egiluz,2026-07-01T00:00:00+02:00,700000,0
2936,Egiluz,2026-07-02T00:00:00+02:00,700000,0
2936,Egiluz,2026-07-03T00:00:00+02:00,676047,0
2936,Egiluz,2026-07-04T00:00:00+02:00,676831,0
2936,Egiluz,2026-07-05T00:00:00+02:00,677499,0
2936,Egiluz,2026-07-06T00:00:00+02:00,678335,0
2936,Egiluz,2026-07-07T00:00:00+02:00,678299,0
2936,Egiluz,2026-07-08T00:00:00+02:00,662019,0
2936,Egiluz,2026-07-09T00:00:00+02:00,644351,0
2936,Egiluz,2026-07-10T00:00:00+02:00,629140,0
2936,Egiluz,2026-07-11T00:00:00+02:00,614953,0
2936,Egiluz,2026-07-12T00:00:00+02:00,602468,0
2936,Egiluz,2026-07-13T00:00:00+02:00,591299,0
2936,Egiluz,2026-07-14T00:00:00+02:00,580408,0
2936,Egiluz,2026-07-15T00:00:00+02:00,570518,0
2936,Egiluz,2026-07-16T00:00:00+02:00,562331,0
2936,Egiluz,2026-07-17T00:00:00+02:00,554771,0
2936,Egiluz,2026-07-18T00:00:00+02:00,547867,0
2936,Egiluz,2026-07-19T00:00:00+02:00,541484,0
2936,Egiluz,2026-07-20T00:00:00+02:00,536067,0
2936,Egiluz,2026-07-21T00:00:00+02:00,532384,0
2936,Egiluz,2026-07-22T00:00:00+02:00,524384,0
2936,Egiluz,2026-07-23T00:00:00+02:00,518256,0
2936,Egiluz,2026-07-24T00:00:00+02:00,511422,0
2936,Egiluz,2026-07-25T00:00:00+02:00,506516,0
2936,Egiluz,2026-07-26T00:00:00+02:00,502426,0
2936,Egiluz,2026-07-27T00:00:00+02:00,498108,0
2936,Egiluz,2026-07-28T00:00:00+02:00,494082,0
2936,Egiluz,2026-07-29T00:00:00+02:00,488013,0
2936,Egiluz,2026-07-30T00:00:00+02:00,482909,0
2936,Egiluz,2026-07-31T00:00:00+02:00,477557,0
2936,Egiluz,2026-08-01T00:00:00+02:00,472524,0
2936,Egiluz,2026-08-02T00:00:00+02:00,468606,0
2936,Egiluz,2026-08-03T00:00:00+02:00,464270,0
2936,Egiluz,2026-08-04T00:00:00+02:00,459442,0
2936,Egiluz,2026-08-05T00:00:00+02:00,454878,0
2936,Egiluz,2026-08-06T00:00:00+02:00,450002,0
2936,Egiluz,2026-08-07T00:00:00+02:00,445419,0
2936,Egiluz,2026-08-08T00:00:00+02:00,441502,0
2936,Egiluz,2026-08-09T00:00:00+02:00,438758,0
2936,Egiluz,2026-08-10T00:00:00+02:00,436343,0
2936,Egiluz,2026-08-11T00:00:00+02:00,432934,0
2936,Egiluz,2026-08-12T00:00:00+02:00,429268,0
2936,Egiluz,2026-08-13T00:00:00+02:00,424637,0
2936,Egiluz,2026-08-14T00:00:00+02:00,419467,0
2936,Egiluz,2026-08-15T00:00:00+02:00,415660,0
2936,Egiluz,2026-08-16T00:00:00+02:00,413952,0
2938,Koski,2026-06-29T00:00:00+02:00,800000,0
2938,Koski,2026-06-30T00:00:00+02:00,800000,0
2938,Koski,2026-07-01T00:00:00+02:00,800000,0
2938,Koski,2026-07-02T00:00:00+02:00,800000,0
2938,Koski,2026-07-03T00:00:00+02:00,800380,0
2938,Koski,2026-07-04T00:00:00+02:00,801308,0
2938,Koski,2026-07-05T00:00:00+02:00,802099,0
2938,Koski,2026-07-06T00:00:00+02:00,803089,0
2938,Koski,2026-08-13T00:00:00+02:00,783505,0
2938,Koski,2026-08-14T00:00:00+02:00,763981,0
2938,Koski,2026-08-15T00:00:00+02:00,780702,0
2938,Koski,2026-08-16T00:00:00+02:00,796336,0
2949,B. Sangare,2026-06-29T00:00:00+02:00,4000000,0
2949,B. Sangare,2026-06-30T00:00:00+02:00,4000000,0
2949,B. Sangare,2026-07-01T00:00:00+02:00,4000000,0
2949,B. Sangare,2026-07-02T00:00:00+02:00,4000000,0
2949,B. Sangare,2026-07-03T00:00:00+02:00,4001899,0
2949,B. Sangare,2026-07-04T00:00:00+02:00,4006543,0
2949,B. Sangare,2026-07-05T00:00:00+02:00,4010501,0
2949,B. Sangare,2026-08-13T00:00:00+02:00,3874057,0
2949,B. Sangare,2026-08-14T00:00:00+02:00,3741983,0
2949,B. Sangare,2026-08-15T00:00:00+02:00,3770943,0
2949,B. Sangare,2026-08-16T00:00:00+02:00,3783066,0
2950,Saravia,2026-06-29T00:00:00+02:00,1500000,0
2950,Saravia,2026-06-30T00:00:00+02:00,1500000,0
2950,Saravia,2026-07-01T00:00:00+02:00,1500000,0
2950,Saravia,2026-07-02T00:00:00+02:00,1500000,0
2950,Saravia,2026-07-03T00:00:00+02:00,1500712,0
2950,Saravia,2026-07-04T00:00:00+02:00,1502453,0
2950,Saravia,2026-07-05T00:00:00+02:00,1503937,0
2952,Lamini,2026-06-29T00:00:00+02:00,700000,0
2952,Lamini,2026-06-30T00:00:00+02:00,700000,0
2952,Lamini,2026-07-01T00:00:00+02:00,700000,0
2952,Lamini,2026-07-02T00:00:00+02:00,700000,0
2952,Lamini,2026-07-03T00:00:00+02:00,700332,0
2952,Lamini,2026-07-04T00:00:00+02:00,701144,0
2952,Lamini,2026-07-05T00:00:00+02:00,677197,0
2953,Gattoni,2026-06-29T00:00:00+02:00,700000,0
2953,Gattoni,2026-06-30T00:00:00+02:00,700000,0
2953,Gattoni,2026-07-01T00:00:00+02:00,700000,0
2953,Gattoni,2026-07-02T00:00:00+02:00,700000,0
2953,Gattoni,2026-07-03T00:00:00+02:00,700332,0
2953,Gattoni,2026-07-04T00:00:00+02:00,701144,0
2953,Gattoni,2026-07-05T00:00:00+02:00,701836,0
2953,Gattoni,2026-07-06T00:00:00+02:00,702702,0
2953,Gattoni,2026-07-07T00:00:00+02:00,702665,0
2953,Gattoni,2026-07-08T00:00:00+02:00,685410,0
2953,Gattoni,2026-07-09T00:00:00+02:00,667842,0
2953,Gattoni,2026-07-10T00:00:00+02:00,651691,0
2953,Gattoni,2026-07-11T00:00:00+02:00,636602,0
2953,Gattoni,2026-07-12T00:00:00+02:00,623251,0
2953,Gattoni,2026-07-13T00:00:00+02:00,611251,0
2953,Gattoni,2026-07-14T00:00:00+02:00,599562,0
2953,Gattoni,2026-07-15T00:00:00+02:00,588905,0
2953,Gattoni,2026-07-16T00:00:00+02:00,579983,0
2953,Gattoni,2026-07-17T00:00:00+02:00,571717,0
2953,Gattoni,2026-07-18T00:00:00+02:00,564135,0
2953,Gattoni,2026-07-19T00:00:00+02:00,557102,0
2953,Gattoni,2026-07-20T00:00:00+02:00,551061,0
2953,Gattoni,2026-07-21T00:00:00+02:00,546778,0
2953,Gattoni,2026-07-22T00:00:00+02:00,538202,0
2953,Gattoni,2026-07-23T00:00:00+02:00,531521,0
2953,Gattoni,2026-07-24T00:00:00+02:00,524157,0
2953,Gattoni,2026-07-25T00:00:00+02:00,518741,0
2953,Gattoni,2026-07-26T00:00:00+02:00,514162,0
2953,Gattoni,2026-07-27T00:00:00+02:00,509375,0
2953,Gattoni,2026-07-28T00:00:00+02:00,504898,0
2953,Gattoni,2026-07-29T00:00:00+02:00,498396,0
2953,Gattoni,2026-07-30T00:00:00+02:00,492876,0
2953,Gattoni,2026-07-31T00:00:00+02:00,487126,0
2953,Gattoni,2026-08-01T00:00:00+02:00,481710,0
2953,Gattoni,2026-08-02T00:00:00+02:00,477425,0
2953,Gattoni,2026-08-03T00:00:00+02:00,472737,0
2953,Gattoni,2026-08-04T00:00:00+02:00,467570,0
2953,Gattoni,2026-08-05T00:00:00+02:00,462681,0
2953,Gattoni,2026-08-06T00:00:00+02:00,457493,0
2953,Gattoni,2026-08-07T00:00:00+02:00,452610,0
2953,Gattoni,2026-08-08T00:00:00+02:00,448405,0
2953,Gattoni,2026-08-09T00:00:00+02:00,445385,0
2953,Gattoni,2026-08-10T00:00:00+02:00,442705,0
2953,Gattoni,2026-08-11T00:00:00+02:00,439042,0
2953,Gattoni,2026-08-12T00:00:00+02:00,435131,0
2960,Spina,2026-06-29T00:00:00+02:00,700000,0
2960,Spina,2026-06-30T00:00:00+02:00,700000,0
2960,Spina,2026-07-01T00:00:00+02:00,700000,0
2960,Spina,2026-07-02T00:00:00+02:00,700000,0
2960,Spina,2026-07-03T00:00:00+02:00,700332,0
2960,Spina,2026-07-04T00:00:00+02:00,701144,0
2960,Spina,2026-07-05T00:00:00+02:00,701836,0
2963,Quagliata,2026-06-29T00:00:00+02:00,4000000,0
2963,Quagliata,2026-06-30T00:00:00+02:00,4000000,0
2963,Quagliata,2026-07-01T00:00:00+02:00,4000000,0
2963,Quagliata,2026-07-02T00:00:00+02:00,4000000,0
2963,Quagliata,2026-07-03T00:00:00+02:00,4001899,0
2963,Quagliata,2026-07-04T00:00:00+02:00,4006543,0
2963,Quagliata,2026-07-05T00:00:00+02:00,4010501,0
2963,Quagliata,2026-07-06T00:00:00+02:00,3858349,0
2963,Quagliata,2026-07-07T00:00:00+02:00,3858149,0
2963,Quagliata,2026-07-08T00:00:00+02:00,3804315,0
2963,Quagliata,2026-07-09T00:00:00+02:00,3771700,0
2963,Quagliata,2026-07-10T00:00:00+02:00,3687788,0
2963,Quagliata,2026-07-11T00:00:00+02:00,3629131,0
2963,Quagliata,2026-07-12T00:00:00+02:00,3563283,0
2963,Quagliata,2026-07-13T00:00:00+02:00,3492096,0
2963,Quagliata,2026-07-14T00:00:00+02:00,3431119,0
2963,Quagliata,2026-07-15T00:00:00+02:00,3351966,0
2963,Quagliata,2026-07-16T00:00:00+02:00,3293730,0
2963,Quagliata,2026-07-17T00:00:00+02:00,3232762,0
2963,Quagliata,2026-07-18T00:00:00+02:00,3183896,0
2963,Quagliata,2026-07-19T00:00:00+02:00,3129888,0
2963,Quagliata,2026-07-20T00:00:00+02:00,3081289,0
2963,Quagliata,2026-07-21T00:00:00+02:00,3041022,0
2963,Quagliata,2026-07-22T00:00:00+02:00,2980306,0
2963,Quagliata,2026-07-23T00:00:00+02:00,2953167,0
2963,Quagliata,2026-07-24T00:00:00+02:00,2921150,0
2963,Quagliata,2026-07-25T00:00:00+02:00,2896704,0
2963,Quagliata,2026-07-26T00:00:00+02:00,2877196,0
2963,Quagliata,2026-07-27T00:00:00+02:00,2857047,0
2963,Quagliata,2026-07-28T00:00:00+02:00,2862251,0
2963,Quagliata,2026-07-29T00:00:00+02:00,2858322,0
2963,Quagliata,2026-07-30T00:00:00+02:00,2867966,0
2963,Quagliata,2026-07-31T00:00:00+02:00,2874510,0
2963,Quagliata,2026-08-01T00:00:00+02:00,2905126,0
2963,Quagliata,2026-08-02T00:00:00+02:00,2954134,0
2963,Quagliata,2026-08-03T00:00:00+02:00,3003214,0
2963,Quagliata,2026-08-04T00:00:00+02:00,3061726,0
2963,Quagliata,2026-08-05T00:00:00+02:00,3117175,0
2963,Quagliata,2026-08-06T00:00:00+02:00,3169278,0
2963,Quagliata,2026-08-07T00:00:00+02:00,3214400,0
2963,Quagliata,2026-08-08T00:00:00+02:00,3241242,0
2963,Quagliata,2026-08-09T00:00:00+02:00,3262472,0
2963,Quagliata,2026-08-10T00:00:00+02:00,3280994,0
2963,Quagliata,2026-08-11T00:00:00+02:00,3288794,0
2963,Quagliata,2026-08-12T00:00:00+02:00,3297999,0
2963,Quagliata,2026-08-13T00:00:00+02:00,3291348,0
2963,Quagliata,2026-08-14T00:00:00+02:00,3280037,0
2963,Quagliata,2026-08-15T00:00:00+02:00,3270037,0
2963,Quagliata,2026-08-16T00:00:00+02:00,3244856,0
2965,M. Loureiro,2026-06-29T00:00:00+02:00,4500000,0
2965,M. Loureiro,2026-06-30T00:00:00+02:00,4500000,0
2965,M. Loureiro,2026-07-01T00:00:00+02:00,4500000,0
2965,M. Loureiro,2026-07-02T00:00:00+02:00,4500000,0
2965,M. Loureiro,2026-07-03T00:00:00+02:00,4502137,0
2965,M. Loureiro,2026-07-04T00:00:00+02:00,4507361,0
2965,M. Loureiro,2026-07-05T00:00:00+02:00,4511814,0
2965,M. Loureiro,2026-07-22T00:00:00+02:00,4360244,0
2965,M. Loureiro,2026-07-23T00:00:00+02:00,4218204,0
2965,M. Loureiro,2026-07-24T00:00:00+02:00,4115460,0
2965,M. Loureiro,2026-07-25T00:00:00+02:00,4078537,0
2965,M. Loureiro,2026-07-26T00:00:00+02:00,4041947,0
2965,M. Loureiro,2026-07-27T00:00:00+02:00,4016283,0
2965,M. Loureiro,2026-07-28T00:00:00+02:00,3984268,0
2965,M. Loureiro,2026-07-29T00:00:00+02:00,3930951,0
2965,M. Loureiro,2026-07-30T00:00:00+02:00,3901039,0
2965,M. Loureiro,2026-07-31T00:00:00+02:00,3867241,0
2965,M. Loureiro,2026-08-01T00:00:00+02:00,3837792,0
2965,M. Loureiro,2026-08-02T00:00:00+02:00,3832622,0
2965,M. Loureiro,2026-08-03T00:00:00+02:00,3805715,0
2965,M. Loureiro,2026-08-04T00:00:00+02:00,3802198,0
2965,M. Loureiro,2026-08-05T00:00:00+02:00,3795734,0
2965,M. Loureiro,2026-08-06T00:00:00+02:00,3785761,0
2965,M. Loureiro,2026-08-07T00:00:00+02:00,3780022,0
2965,M. Loureiro,2026-08-08T00:00:00+02:00,3793458,0
2965,M. Loureiro,2026-08-09T00:00:00+02:00,3787754,0
2965,M. Loureiro,2026-08-10T00:00:00+02:00,3797903,0
2965,M. Loureiro,2026-08-11T00:00:00+02:00,3808099,0
2965,M. Loureiro,2026-08-12T00:00:00+02:00,3824131,0
2965,M. Loureiro,2026-08-13T00:00:00+02:00,3799399,0
2965,M. Loureiro,2026-08-14T00:00:00+02:00,3773941,0
2965,M. Loureiro,2026-08-15T00:00:00+02:00,3754551,0
2965,M. Loureiro,2026-08-16T00:00:00+02:00,3715099,0
2968,Quique T.,2026-06-29T00:00:00+02:00,600000,0
2968,Quique T.,2026-06-30T00:00:00+02:00,600000,0
2968,Quique T.,2026-07-01T00:00:00+02:00,600000,0
2968,Quique T.,2026-07-02T00:00:00+02:00,600000,0
2968,Quique T.,2026-07-03T00:00:00+02:00,600285,0
2968,Quique T.,2026-07-04T00:00:00+02:00,600981,0
2968,Quique T.,2026-07-05T00:00:00+02:00,601574,0
2972,Damián,2026-06-29T00:00:00+02:00,600000,0
2972,Damián,2026-06-30T00:00:00+02:00,600000,0
2972,Damián,2026-07-01T00:00:00+02:00,600000,0
2972,Damián,2026-07-02T00:00:00+02:00,600000,0
2972,Damián,2026-07-03T00:00:00+02:00,600285,0
2972,Damián,2026-07-04T00:00:00+02:00,600981,0
2972,Damián,2026-07-05T00:00:00+02:00,601574,0
2976,A. Alti,2026-06-29T00:00:00+02:00,7000000,0
2976,A. Alti,2026-06-30T00:00:00+02:00,7000000,0
2976,A. Alti,2026-07-01T00:00:00+02:00,7000000,0
2976,A. Alti,2026-07-02T00:00:00+02:00,7000000,0
2976,A. Alti,2026-07-03T00:00:00+02:00,7003324,0
2976,A. Alti,2026-07-04T00:00:00+02:00,7011451,0
2976,A. Alti,2026-07-05T00:00:00+02:00,7018377,0
2976,A. Alti,2026-07-06T00:00:00+02:00,7027042,0
2976,A. Alti,2026-07-07T00:00:00+02:00,7026679,0
2976,A. Alti,2026-07-08T00:00:00+02:00,7056039,0
2976,A. Alti,2026-07-09T00:00:00+02:00,7070978,0
2976,A. Alti,2026-07-10T00:00:00+02:00,7191184,0
2976,A. Alti,2026-07-11T00:00:00+02:00,7286519,0
2976,A. Alti,2026-07-12T00:00:00+02:00,7333724,0
2976,A. Alti,2026-07-13T00:00:00+02:00,7324875,0
2976,A. Alti,2026-07-14T00:00:00+02:00,7238825,0
2976,A. Alti,2026-07-15T00:00:00+02:00,7103042,0
2976,A. Alti,2026-07-16T00:00:00+02:00,7002614,0
2976,A. Alti,2026-07-17T00:00:00+02:00,6932023,0
2976,A. Alti,2026-07-18T00:00:00+02:00,6861264,0
2976,A. Alti,2026-07-19T00:00:00+02:00,6772030,0
2976,A. Alti,2026-07-20T00:00:00+02:00,6662990,0
2976,A. Alti,2026-07-21T00:00:00+02:00,6566363,0
2976,A. Alti,2026-07-22T00:00:00+02:00,6449076,0
2976,A. Alti,2026-07-23T00:00:00+02:00,6350813,0
2976,A. Alti,2026-07-24T00:00:00+02:00,6276971,0
2976,A. Alti,2026-07-25T00:00:00+02:00,6255418,0
2976,A. Alti,2026-07-26T00:00:00+02:00,6228771,0
2976,A. Alti,2026-07-27T00:00:00+02:00,6166710,0
2976,A. Alti,2026-07-28T00:00:00+02:00,6065532,0
2976,A. Alti,2026-07-29T00:00:00+02:00,5950614,0
2976,A. Alti,2026-07-30T00:00:00+02:00,5832552,0
2976,A. Alti,2026-07-31T00:00:00+02:00,5737243,0
2976,A. Alti,2026-08-01T00:00:00+02:00,5668060,0
2976,A. Alti,2026-08-02T00:00:00+02:00,5598003,0
2976,A. Alti,2026-08-03T00:00:00+02:00,5527768,0
2976,A. Alti,2026-08-04T00:00:00+02:00,5472769,0
2976,A. Alti,2026-08-05T00:00:00+02:00,5405491,0
2976,A. Alti,2026-08-06T00:00:00+02:00,5346080,0
2976,A. Alti,2026-08-07T00:00:00+02:00,5274999,0
2976,A. Alti,2026-08-08T00:00:00+02:00,5216944,0
2976,A. Alti,2026-08-09T00:00:00+02:00,5141943,0
2976,A. Alti,2026-08-10T00:00:00+02:00,5061732,0
2976,A. Alti,2026-08-11T00:00:00+02:00,4974320,0
2976,A. Alti,2026-08-12T00:00:00+02:00,4876555,0
2976,A. Alti,2026-08-13T00:00:00+02:00,4777593,0
2976,A. Alti,2026-08-14T00:00:00+02:00,4667616,0
2976,A. Alti,2026-08-15T00:00:00+02:00,4562707,0
2976,A. Alti,2026-08-16T00:00:00+02:00,4477457,0
2979,Samu,2026-06-29T00:00:00+02:00,700000,0
2979,Samu,2026-06-30T00:00:00+02:00,700000,0
2979,Samu,2026-07-01T00:00:00+02:00,700000,0
2979,Samu,2026-07-02T00:00:00+02:00,700000,0
2979,Samu,2026-07-03T00:00:00+02:00,700332,0
2979,Samu,2026-07-04T00:00:00+02:00,701144,0
2979,Samu,2026-07-05T00:00:00+02:00,701836,0
2982,I.vidal,2026-06-29T00:00:00+02:00,500000,0
2982,I.vidal,2026-06-30T00:00:00+02:00,500000,0
2982,I.vidal,2026-07-01T00:00:00+02:00,500000,0
2982,I.vidal,2026-07-02T00:00:00+02:00,500000,0
2982,I.vidal,2026-07-03T00:00:00+02:00,500237,0
2982,I.vidal,2026-07-04T00:00:00+02:00,500817,0
2982,I.vidal,2026-07-05T00:00:00+02:00,501311,0
2985,Noubi,2026-06-29T00:00:00+02:00,7500000,0
2985,Noubi,2026-06-30T00:00:00+02:00,7500000,0
2985,Noubi,2026-07-01T00:00:00+02:00,7500000,0
2985,Noubi,2026-07-02T00:00:00+02:00,7500000,0
2985,Noubi,2026-07-03T00:00:00+02:00,7503562,0
2985,Noubi,2026-07-04T00:00:00+02:00,7512269,0
2985,Noubi,2026-07-05T00:00:00+02:00,7519690,0
2985,Noubi,2026-07-06T00:00:00+02:00,7528974,0
2985,Noubi,2026-07-07T00:00:00+02:00,7528585,0
2985,Noubi,2026-07-08T00:00:00+02:00,7804258,0
2985,Noubi,2026-07-09T00:00:00+02:00,7978402,0
2985,Noubi,2026-07-10T00:00:00+02:00,8233083,0
2985,Noubi,2026-07-11T00:00:00+02:00,8439321,0
2985,Noubi,2026-07-12T00:00:00+02:00,8488728,0
2985,Noubi,2026-07-13T00:00:00+02:00,8470235,0
2985,Noubi,2026-07-14T00:00:00+02:00,8375901,0
2985,Noubi,2026-07-15T00:00:00+02:00,8317462,0
2985,Noubi,2026-07-16T00:00:00+02:00,8211158,0
2985,Noubi,2026-07-17T00:00:00+02:00,8186074,0
2985,Noubi,2026-07-18T00:00:00+02:00,8133334,0
2985,Noubi,2026-07-19T00:00:00+02:00,8071750,0
2985,Noubi,2026-07-20T00:00:00+02:00,8054840,0
2985,Noubi,2026-07-21T00:00:00+02:00,8007919,0
2985,Noubi,2026-07-22T00:00:00+02:00,7937334,0
2985,Noubi,2026-07-23T00:00:00+02:00,7879731,0
2985,Noubi,2026-07-24T00:00:00+02:00,7837581,0
2985,Noubi,2026-07-25T00:00:00+02:00,7893707,0
2985,Noubi,2026-07-26T00:00:00+02:00,7964279,0
2985,Noubi,2026-07-27T00:00:00+02:00,8079926,0
2985,Noubi,2026-07-28T00:00:00+02:00,8235081,0
2985,Noubi,2026-07-29T00:00:00+02:00,8358352,0
2985,Noubi,2026-07-30T00:00:00+02:00,8545659,0
2985,Noubi,2026-07-31T00:00:00+02:00,8769996,0
2985,Noubi,2026-08-01T00:00:00+02:00,9064498,0
2985,Noubi,2026-08-02T00:00:00+02:00,9321562,0
2985,Noubi,2026-08-03T00:00:00+02:00,9550469,0
2985,Noubi,2026-08-04T00:00:00+02:00,9785638,0
2985,Noubi,2026-08-05T00:00:00+02:00,10032971,0
2985,Noubi,2026-08-06T00:00:00+02:00,10249931,0
2985,Noubi,2026-08-07T00:00:00+02:00,10524104,0
2985,Noubi,2026-08-08T00:00:00+02:00,10790068,0
2985,Noubi,2026-08-09T00:00:00+02:00,10956640,0
2985,Noubi,2026-08-10T00:00:00+02:00,11213925,0
2985,Noubi,2026-08-11T00:00:00+02:00,11371097,0
2985,Noubi,2026-08-12T00:00:00+02:00,11550363,0
2985,Noubi,2026-08-13T00:00:00+02:00,11788564,0
2985,Noubi,2026-08-14T00:00:00+02:00,12013849,0
2985,Noubi,2026-08-15T00:00:00+02:00,12293821,0
2985,Noubi,2026-08-16T00:00:00+02:00,12527150,0
2987,Comas,2026-06-29T00:00:00+02:00,2000000,0
2987,Comas,2026-06-30T00:00:00+02:00,2000000,0
2987,Comas,2026-07-01T00:00:00+02:00,2000000,0
2987,Comas,2026-07-02T00:00:00+02:00,2000000,0
2987,Comas,2026-07-03T00:00:00+02:00,2000949,0
2987,Comas,2026-07-04T00:00:00+02:00,2003271,0
2987,Comas,2026-07-05T00:00:00+02:00,2005250,0
2987,Comas,2026-07-06T00:00:00+02:00,2007725,0
2987,Comas,2026-07-07T00:00:00+02:00,2007621,0
2987,Comas,2026-07-08T00:00:00+02:00,1953713,0
2987,Comas,2026-07-09T00:00:00+02:00,1899163,0
2987,Comas,2026-07-10T00:00:00+02:00,1846873,0
2987,Comas,2026-07-11T00:00:00+02:00,1794326,0
2987,Comas,2026-07-12T00:00:00+02:00,1744222,0
2987,Comas,2026-07-13T00:00:00+02:00,1692817,0
2987,Comas,2026-07-14T00:00:00+02:00,1641191,0
2987,Comas,2026-07-15T00:00:00+02:00,1591483,0
2987,Comas,2026-07-16T00:00:00+02:00,1545309,0
2987,Comas,2026-07-17T00:00:00+02:00,1500138,0
2987,Comas,2026-07-18T00:00:00+02:00,1458807,0
2987,Comas,2026-07-19T00:00:00+02:00,1419983,0
2987,Comas,2026-07-20T00:00:00+02:00,1379626,0
2987,Comas,2026-07-21T00:00:00+02:00,1343948,0
2987,Comas,2026-07-22T00:00:00+02:00,1305302,0
2987,Comas,2026-07-23T00:00:00+02:00,1269281,0
2987,Comas,2026-07-24T00:00:00+02:00,1234767,0
2987,Comas,2026-07-25T00:00:00+02:00,1200967,0
2987,Comas,2026-07-26T00:00:00+02:00,1169374,0
2987,Comas,2026-07-27T00:00:00+02:00,1139097,0
2987,Comas,2026-07-28T00:00:00+02:00,1111092,0
2987,Comas,2026-07-29T00:00:00+02:00,1080595,0
2987,Comas,2026-07-30T00:00:00+02:00,1055980,0
2987,Comas,2026-07-31T00:00:00+02:00,1029602,0
2987,Comas,2026-08-01T00:00:00+02:00,1003444,0
2987,Comas,2026-08-02T00:00:00+02:00,978919,0
2987,Comas,2026-08-03T00:00:00+02:00,954834,0
2987,Comas,2026-08-04T00:00:00+02:00,930383,0
2987,Comas,2026-08-05T00:00:00+02:00,906982,0
2987,Comas,2026-08-06T00:00:00+02:00,884022,0
2987,Comas,2026-08-07T00:00:00+02:00,864436,0
2987,Comas,2026-08-08T00:00:00+02:00,843758,0
2987,Comas,2026-08-09T00:00:00+02:00,824924,0
2987,Comas,2026-08-10T00:00:00+02:00,807063,0
2987,Comas,2026-08-11T00:00:00+02:00,788826,0
2987,Comas,2026-08-12T00:00:00+02:00,770924,0
2987,Comas,2026-08-13T00:00:00+02:00,752627,0
2987,Comas,2026-08-14T00:00:00+02:00,734726,0
2987,Comas,2026-08-15T00:00:00+02:00,721663,0
2987,Comas,2026-08-16T00:00:00+02:00,707715,0
2989,Dani Barcia,2026-06-29T00:00:00+02:00,3000000,0
2989,Dani Barcia,2026-06-30T00:00:00+02:00,3000000,0
2989,Dani Barcia,2026-07-01T00:00:00+02:00,3000000,0
2989,Dani Barcia,2026-07-02T00:00:00+02:00,3000000,0
2989,Dani Barcia,2026-07-03T00:00:00+02:00,3001424,0
2989,Dani Barcia,2026-07-04T00:00:00+02:00,3004907,0
2989,Dani Barcia,2026-07-05T00:00:00+02:00,3007875,0
2989,Dani Barcia,2026-07-06T00:00:00+02:00,3011588,0
2989,Dani Barcia,2026-07-07T00:00:00+02:00,3011432,0
2989,Dani Barcia,2026-07-08T00:00:00+02:00,2957726,0
2989,Dani Barcia,2026-07-09T00:00:00+02:00,2893178,0
2989,Dani Barcia,2026-07-10T00:00:00+02:00,2834733,0
2989,Dani Barcia,2026-07-11T00:00:00+02:00,2785578,0
2989,Dani Barcia,2026-07-12T00:00:00+02:00,2724476,0
2989,Dani Barcia,2026-07-13T00:00:00+02:00,2666359,0
2989,Dani Barcia,2026-07-14T00:00:00+02:00,2600557,0
2989,Dani Barcia,2026-07-15T00:00:00+02:00,2542230,0
2989,Dani Barcia,2026-07-16T00:00:00+02:00,2484073,0
2989,Dani Barcia,2026-07-17T00:00:00+02:00,2429239,0
2989,Dani Barcia,2026-07-18T00:00:00+02:00,2375966,0
2989,Dani Barcia,2026-07-19T00:00:00+02:00,2320165,0
2989,Dani Barcia,2026-07-20T00:00:00+02:00,2270837,0
2989,Dani Barcia,2026-07-21T00:00:00+02:00,2226396,0
2989,Dani Barcia,2026-07-22T00:00:00+02:00,2168484,0
2989,Dani Barcia,2026-07-23T00:00:00+02:00,2125368,0
2989,Dani Barcia,2026-07-24T00:00:00+02:00,2075220,0
2989,Dani Barcia,2026-07-25T00:00:00+02:00,2032785,0
2989,Dani Barcia,2026-07-26T00:00:00+02:00,1992905,0
2989,Dani Barcia,2026-07-27T00:00:00+02:00,1955200,0
2989,Dani Barcia,2026-07-28T00:00:00+02:00,1916858,0
2989,Dani Barcia,2026-07-29T00:00:00+02:00,1875619,0
2989,Dani Barcia,2026-07-30T00:00:00+02:00,1837054,0
2989,Dani Barcia,2026-07-31T00:00:00+02:00,1794187,0
2989,Dani Barcia,2026-08-01T00:00:00+02:00,1758586,0
2989,Dani Barcia,2026-08-02T00:00:00+02:00,1723148,0
2989,Dani Barcia,2026-08-03T00:00:00+02:00,1685169,0
2989,Dani Barcia,2026-08-04T00:00:00+02:00,1648623,0
2989,Dani Barcia,2026-08-05T00:00:00+02:00,1611798,0
2989,Dani Barcia,2026-08-06T00:00:00+02:00,1574995,0
2989,Dani Barcia,2026-08-07T00:00:00+02:00,1544228,0
2989,Dani Barcia,2026-08-08T00:00:00+02:00,1513345,0
2989,Dani Barcia,2026-08-09T00:00:00+02:00,1482622,0
2989,Dani Barcia,2026-08-10T00:00:00+02:00,1453320,0
2989,Dani Barcia,2026-08-11T00:00:00+02:00,1423764,0
2989,Dani Barcia,2026-08-12T00:00:00+02:00,1394692,0
2989,Dani Barcia,2026-08-13T00:00:00+02:00,1366358,0
2989,Dani Barcia,2026-08-14T00:00:00+02:00,1342320,0
2989,Dani Barcia,2026-08-15T00:00:00+02:00,1322521,0
2989,Dani Barcia,2026-08-16T00:00:00+02:00,1303312,0
2990,Ximo Navarro,2026-06-29T00:00:00+02:00,6500000,0
2990,Ximo Navarro,2026-06-30T00:00:00+02:00,6500000,0
2990,Ximo Navarro,2026-07-01T00:00:00+02:00,6500000,0
2990,Ximo Navarro,2026-07-02T00:00:00+02:00,6500000,0
2990,Ximo Navarro,2026-07-03T00:00:00+02:00,6503087,0
2990,Ximo Navarro,2026-07-04T00:00:00+02:00,6510633,0
2990,Ximo Navarro,2026-07-05T00:00:00+02:00,6517065,0
2990,Ximo Navarro,2026-07-31T00:00:00+02:00,6301393,0
2990,Ximo Navarro,2026-08-01T00:00:00+02:00,6093666,0
2990,Ximo Navarro,2026-08-02T00:00:00+02:00,5974583,0
2990,Ximo Navarro,2026-08-03T00:00:00+02:00,5899268,0
2990,Ximo Navarro,2026-08-04T00:00:00+02:00,5843194,0
2990,Ximo Navarro,2026-08-05T00:00:00+02:00,5788594,0
2990,Ximo Navarro,2026-08-06T00:00:00+02:00,5725902,0
2990,Ximo Navarro,2026-08-07T00:00:00+02:00,5668138,0
2990,Ximo Navarro,2026-08-08T00:00:00+02:00,5613889,0
2990,Ximo Navarro,2026-08-09T00:00:00+02:00,5557725,0
2990,Ximo Navarro,2026-08-10T00:00:00+02:00,5495315,0
2990,Ximo Navarro,2026-08-11T00:00:00+02:00,5441977,0
2990,Ximo Navarro,2026-08-12T00:00:00+02:00,5428357,0
2990,Ximo Navarro,2026-08-13T00:00:00+02:00,5420496,0
2990,Ximo Navarro,2026-08-14T00:00:00+02:00,5456741,0
2990,Ximo Navarro,2026-08-15T00:00:00+02:00,5514354,0
2990,Ximo Navarro,2026-08-16T00:00:00+02:00,5556596,0
2996,Escudero,2026-06-29T00:00:00+02:00,1000000,0
2996,Escudero,2026-06-30T00:00:00+02:00,1000000,0
2996,Escudero,2026-07-01T00:00:00+02:00,1000000,0
2996,Escudero,2026-07-02T00:00:00+02:00,1000000,0
2996,Escudero,2026-07-03T00:00:00+02:00,1000475,0
2996,Escudero,2026-07-04T00:00:00+02:00,1001636,0
2996,Escudero,2026-07-05T00:00:00+02:00,1002625,0
2997,Pablo,2026-06-29T00:00:00+02:00,700000,0
2997,Pablo,2026-06-30T00:00:00+02:00,700000,0
2997,Pablo,2026-07-01T00:00:00+02:00,700000,0
2997,Pablo,2026-07-02T00:00:00+02:00,700000,0
2997,Pablo,2026-07-03T00:00:00+02:00,700332,0
2997,Pablo,2026-07-04T00:00:00+02:00,701144,0
2997,Pablo,2026-07-05T00:00:00+02:00,701836,0
2997,Pablo,2026-07-06T00:00:00+02:00,702702,0
2997,Pablo,2026-07-07T00:00:00+02:00,702665,0
2997,Pablo,2026-07-08T00:00:00+02:00,685410,0
2997,Pablo,2026-07-09T00:00:00+02:00,666806,0
2997,Pablo,2026-07-10T00:00:00+02:00,650696,0
2997,Pablo,2026-07-11T00:00:00+02:00,635647,0
2997,Pablo,2026-07-12T00:00:00+02:00,622334,0
2997,Pablo,2026-07-13T00:00:00+02:00,610370,0
2997,Pablo,2026-07-14T00:00:00+02:00,598716,0
2997,Pablo,2026-07-15T00:00:00+02:00,588093,0
2997,Pablo,2026-07-16T00:00:00+02:00,579203,0
2997,Pablo,2026-07-17T00:00:00+02:00,570968,0
2997,Pablo,2026-07-18T00:00:00+02:00,563416,0
2997,Pablo,2026-07-19T00:00:00+02:00,556411,0
2997,Pablo,2026-07-20T00:00:00+02:00,550397,0
2997,Pablo,2026-07-21T00:00:00+02:00,546141,0
2997,Pablo,2026-07-22T00:00:00+02:00,537590,0
2997,Pablo,2026-07-23T00:00:00+02:00,530934,0
2997,Pablo,2026-07-24T00:00:00+02:00,523593,0
2997,Pablo,2026-07-25T00:00:00+02:00,518200,0
2997,Pablo,2026-07-26T00:00:00+02:00,513643,0
2997,Pablo,2026-07-27T00:00:00+02:00,508876,0
2997,Pablo,2026-07-28T00:00:00+02:00,516549,0
2997,Pablo,2026-07-29T00:00:00+02:00,514297,0
2997,Pablo,2026-07-30T00:00:00+02:00,508141,0
2997,Pablo,2026-07-31T00:00:00+02:00,501780,0
2997,Pablo,2026-08-01T00:00:00+02:00,495778,0
2997,Pablo,2026-08-02T00:00:00+02:00,490930,0
2997,Pablo,2026-08-03T00:00:00+02:00,485701,0
2997,Pablo,2026-08-04T00:00:00+02:00,480016,0
2997,Pablo,2026-08-05T00:00:00+02:00,474630,0
2997,Pablo,2026-08-06T00:00:00+02:00,468964,0
2997,Pablo,2026-08-07T00:00:00+02:00,463623,0
2999,Mantilla,2026-06-29T00:00:00+02:00,3000000,0
2999,Mantilla,2026-06-30T00:00:00+02:00,3000000,0
2999,Mantilla,2026-07-01T00:00:00+02:00,3000000,0
2999,Mantilla,2026-07-02T00:00:00+02:00,3000000,0
2999,Mantilla,2026-07-03T00:00:00+02:00,3001424,0
2999,Mantilla,2026-07-04T00:00:00+02:00,3004907,0
2999,Mantilla,2026-07-05T00:00:00+02:00,3007875,0
2999,Mantilla,2026-07-06T00:00:00+02:00,3011588,0
2999,Mantilla,2026-07-07T00:00:00+02:00,3011432,0
2999,Mantilla,2026-07-08T00:00:00+02:00,2940581,0
2999,Mantilla,2026-07-09T00:00:00+02:00,2891914,0
2999,Mantilla,2026-07-10T00:00:00+02:00,2811171,0
2999,Mantilla,2026-07-11T00:00:00+02:00,2748516,0
2999,Mantilla,2026-07-12T00:00:00+02:00,2678386,0
2999,Mantilla,2026-07-13T00:00:00+02:00,2614126,0
2999,Mantilla,2026-07-14T00:00:00+02:00,2546979,0
2999,Mantilla,2026-07-15T00:00:00+02:00,2487183,0
2999,Mantilla,2026-07-16T00:00:00+02:00,2419719,0
2999,Mantilla,2026-07-17T00:00:00+02:00,2370741,0
2999,Mantilla,2026-07-18T00:00:00+02:00,2315550,0
2999,Mantilla,2026-07-19T00:00:00+02:00,2258761,0
2999,Mantilla,2026-07-20T00:00:00+02:00,2218045,0
2999,Mantilla,2026-07-21T00:00:00+02:00,2180449,0
2999,Mantilla,2026-07-22T00:00:00+02:00,2149953,0
2999,Mantilla,2026-07-23T00:00:00+02:00,2164235,0
2999,Mantilla,2026-07-24T00:00:00+02:00,2154775,0
2999,Mantilla,2026-07-25T00:00:00+02:00,2152949,0
2999,Mantilla,2026-07-26T00:00:00+02:00,2148806,0
2999,Mantilla,2026-07-27T00:00:00+02:00,2141198,0
2999,Mantilla,2026-07-28T00:00:00+02:00,2137648,0
2999,Mantilla,2026-07-29T00:00:00+02:00,2133991,0
2999,Mantilla,2026-07-30T00:00:00+02:00,2140849,0
2999,Mantilla,2026-07-31T00:00:00+02:00,2151373,0
2999,Mantilla,2026-08-01T00:00:00+02:00,2169979,0
2999,Mantilla,2026-08-02T00:00:00+02:00,2196943,0
2999,Mantilla,2026-08-03T00:00:00+02:00,2225030,0
2999,Mantilla,2026-08-04T00:00:00+02:00,2263363,0
2999,Mantilla,2026-08-05T00:00:00+02:00,2308822,0
2999,Mantilla,2026-08-06T00:00:00+02:00,2352231,0
2999,Mantilla,2026-08-07T00:00:00+02:00,2388934,0
2999,Mantilla,2026-08-08T00:00:00+02:00,2431523,0
2999,Mantilla,2026-08-09T00:00:00+02:00,2474074,0
2999,Mantilla,2026-08-10T00:00:00+02:00,2524269,0
2999,Mantilla,2026-08-11T00:00:00+02:00,2577081,0
2999,Mantilla,2026-08-12T00:00:00+02:00,2628071,0
2999,Mantilla,2026-08-13T00:00:00+02:00,2670551,0
2999,Mantilla,2026-08-14T00:00:00+02:00,2725487,0
2999,Mantilla,2026-08-15T00:00:00+02:00,2766811,0
2999,Mantilla,2026-08-16T00:00:00+02:00,2793048,0
3000,Iñigo,2026-06-29T00:00:00+02:00,2000000,0
3000,Iñigo,2026-06-30T00:00:00+02:00,2000000,0
3000,Iñigo,2026-07-01T00:00:00+02:00,2000000,0
3000,Iñigo,2026-07-02T00:00:00+02:00,2000000,0
3000,Iñigo,2026-07-03T00:00:00+02:00,2000949,0
3000,Iñigo,2026-07-04T00:00:00+02:00,2003271,0
3000,Iñigo,2026-07-05T00:00:00+02:00,2005250,0
3000,Iñigo,2026-07-06T00:00:00+02:00,2007725,0
3000,Iñigo,2026-07-07T00:00:00+02:00,2007621,0
3000,Iñigo,2026-07-08T00:00:00+02:00,1945603,0
3000,Iñigo,2026-07-09T00:00:00+02:00,1901846,0
3000,Iñigo,2026-07-10T00:00:00+02:00,1861946,0
3000,Iñigo,2026-07-11T00:00:00+02:00,1810591,0
3000,Iñigo,2026-07-12T00:00:00+02:00,1760402,0
3000,Iñigo,2026-07-13T00:00:00+02:00,1712298,0
3000,Iñigo,2026-07-14T00:00:00+02:00,1669811,0
3000,Iñigo,2026-07-15T00:00:00+02:00,1619472,0
3000,Iñigo,2026-07-16T00:00:00+02:00,1574067,0
3000,Iñigo,2026-07-17T00:00:00+02:00,1529882,0
3000,Iñigo,2026-07-18T00:00:00+02:00,1492218,0
3000,Iñigo,2026-07-19T00:00:00+02:00,1450708,0
3000,Iñigo,2026-07-20T00:00:00+02:00,1410895,0
3000,Iñigo,2026-07-21T00:00:00+02:00,1375412,0
3000,Iñigo,2026-07-22T00:00:00+02:00,1334980,0
3000,Iñigo,2026-07-23T00:00:00+02:00,1297404,0
3000,Iñigo,2026-07-24T00:00:00+02:00,1261221,0
3000,Iñigo,2026-07-25T00:00:00+02:00,1234368,0
3000,Iñigo,2026-07-26T00:00:00+02:00,1206219,0
3000,Iñigo,2026-07-27T00:00:00+02:00,1176420,0
3000,Iñigo,2026-07-28T00:00:00+02:00,1148979,0
3000,Iñigo,2026-07-29T00:00:00+02:00,1119656,0
3000,Iñigo,2026-07-30T00:00:00+02:00,1096109,0
3000,Iñigo,2026-07-31T00:00:00+02:00,1067748,0
3000,Iñigo,2026-08-01T00:00:00+02:00,1042900,0
3000,Iñigo,2026-08-02T00:00:00+02:00,1019139,0
3000,Iñigo,2026-08-03T00:00:00+02:00,995758,0
3000,Iñigo,2026-08-04T00:00:00+02:00,975407,0
3000,Iñigo,2026-08-05T00:00:00+02:00,952312,0
3000,Iñigo,2026-08-06T00:00:00+02:00,927859,0
3000,Iñigo,2026-08-07T00:00:00+02:00,905998,0
3000,Iñigo,2026-08-08T00:00:00+02:00,884339,0
3000,Iñigo,2026-08-09T00:00:00+02:00,864147,0
3000,Iñigo,2026-08-10T00:00:00+02:00,846569,0
3000,Iñigo,2026-08-11T00:00:00+02:00,826751,0
3000,Iñigo,2026-08-12T00:00:00+02:00,809251,0
3000,Iñigo,2026-08-13T00:00:00+02:00,791763,0
3000,Iñigo,2026-08-14T00:00:00+02:00,776319,0
3000,Iñigo,2026-08-15T00:00:00+02:00,763502,0
3000,Iñigo,2026-08-16T00:00:00+02:00,749996,0
3006,Mario García,2026-06-29T00:00:00+02:00,1600000,0
3006,Mario García,2026-06-30T00:00:00+02:00,1600000,0
3006,Mario García,2026-07-01T00:00:00+02:00,1600000,0
3006,Mario García,2026-07-02T00:00:00+02:00,1600000,0
3006,Mario García,2026-07-03T00:00:00+02:00,1600759,0
3006,Mario García,2026-07-04T00:00:00+02:00,1602616,0
3006,Mario García,2026-07-05T00:00:00+02:00,1604199,0
3006,Mario García,2026-07-06T00:00:00+02:00,1606179,0
3006,Mario García,2026-07-07T00:00:00+02:00,1606096,0
3006,Mario García,2026-07-08T00:00:00+02:00,1553422,0
3006,Mario García,2026-07-09T00:00:00+02:00,1511615,0
3006,Mario García,2026-07-10T00:00:00+02:00,1466795,0
3006,Mario García,2026-07-11T00:00:00+02:00,1421974,0
3006,Mario García,2026-07-12T00:00:00+02:00,1380273,0
3006,Mario García,2026-07-13T00:00:00+02:00,1337992,0
3006,Mario García,2026-07-14T00:00:00+02:00,1297287,0
3006,Mario García,2026-07-15T00:00:00+02:00,1258721,0
3006,Mario García,2026-07-16T00:00:00+02:00,1223006,0
3006,Mario García,2026-07-17T00:00:00+02:00,1189019,0
3006,Mario García,2026-07-18T00:00:00+02:00,1156745,0
3006,Mario García,2026-07-19T00:00:00+02:00,1126007,0
3006,Mario García,2026-07-20T00:00:00+02:00,1097210,0
3006,Mario García,2026-07-21T00:00:00+02:00,1071081,0
3006,Mario García,2026-07-22T00:00:00+02:00,1041533,0
3006,Mario García,2026-07-23T00:00:00+02:00,1014719,0
3006,Mario García,2026-07-24T00:00:00+02:00,988027,0
3006,Mario García,2026-07-25T00:00:00+02:00,964056,0
3006,Mario García,2026-07-26T00:00:00+02:00,941665,0
3006,Mario García,2026-07-27T00:00:00+02:00,919777,0
3006,Mario García,2026-07-28T00:00:00+02:00,898884,0
3006,Mario García,2026-07-29T00:00:00+02:00,876623,0
3006,Mario García,2026-07-30T00:00:00+02:00,855974,0
3006,Mario García,2026-07-31T00:00:00+02:00,840239,0
3006,Mario García,2026-08-01T00:00:00+02:00,820699,0
3006,Mario García,2026-08-02T00:00:00+02:00,802854,0
3006,Mario García,2026-08-03T00:00:00+02:00,785148,0
3006,Mario García,2026-08-04T00:00:00+02:00,767485,0
3006,Mario García,2026-08-05T00:00:00+02:00,750600,0
3006,Mario García,2026-08-06T00:00:00+02:00,733895,0
3008,Manu Hernando,2026-06-29T00:00:00+02:00,3500000,0
3008,Manu Hernando,2026-06-30T00:00:00+02:00,3500000,0
3008,Manu Hernando,2026-07-01T00:00:00+02:00,3500000,0
3008,Manu Hernando,2026-07-02T00:00:00+02:00,3500000,0
3008,Manu Hernando,2026-07-03T00:00:00+02:00,3501662,0
3008,Manu Hernando,2026-07-04T00:00:00+02:00,3505725,0
3008,Manu Hernando,2026-07-05T00:00:00+02:00,3509188,0
3008,Manu Hernando,2026-07-06T00:00:00+02:00,3513520,0
3008,Manu Hernando,2026-07-07T00:00:00+02:00,3513338,0
3008,Manu Hernando,2026-07-08T00:00:00+02:00,3421035,0
3008,Manu Hernando,2026-07-09T00:00:00+02:00,3345207,0
3008,Manu Hernando,2026-07-10T00:00:00+02:00,3235100,0
3008,Manu Hernando,2026-07-11T00:00:00+02:00,3175571,0
3008,Manu Hernando,2026-07-12T00:00:00+02:00,3099518,0
3008,Manu Hernando,2026-07-13T00:00:00+02:00,3007669,0
3008,Manu Hernando,2026-07-14T00:00:00+02:00,2923616,0
3008,Manu Hernando,2026-07-15T00:00:00+02:00,2840599,0
3008,Manu Hernando,2026-07-16T00:00:00+02:00,2764352,0
3008,Manu Hernando,2026-07-17T00:00:00+02:00,2693091,0
3008,Manu Hernando,2026-07-18T00:00:00+02:00,2626550,0
3008,Manu Hernando,2026-07-19T00:00:00+02:00,2559184,0
3008,Manu Hernando,2026-07-20T00:00:00+02:00,2501217,0
3008,Manu Hernando,2026-07-21T00:00:00+02:00,2440300,0
3008,Manu Hernando,2026-07-22T00:00:00+02:00,2377778,0
3008,Manu Hernando,2026-07-23T00:00:00+02:00,2324792,0
3008,Manu Hernando,2026-07-24T00:00:00+02:00,2275260,0
3008,Manu Hernando,2026-07-25T00:00:00+02:00,2231822,0
3008,Manu Hernando,2026-07-26T00:00:00+02:00,2194013,0
3008,Manu Hernando,2026-07-27T00:00:00+02:00,2160555,0
3008,Manu Hernando,2026-07-28T00:00:00+02:00,2130670,0
3008,Manu Hernando,2026-07-29T00:00:00+02:00,2097784,0
3008,Manu Hernando,2026-07-30T00:00:00+02:00,2076902,0
3008,Manu Hernando,2026-07-31T00:00:00+02:00,2049445,0
3008,Manu Hernando,2026-08-01T00:00:00+02:00,2034324,0
3008,Manu Hernando,2026-08-02T00:00:00+02:00,2017935,0
3008,Manu Hernando,2026-08-03T00:00:00+02:00,2008037,0
3008,Manu Hernando,2026-08-04T00:00:00+02:00,2001412,0
3008,Manu Hernando,2026-08-05T00:00:00+02:00,1990645,0
3008,Manu Hernando,2026-08-06T00:00:00+02:00,1976778,0
3008,Manu Hernando,2026-08-07T00:00:00+02:00,1961836,0
3008,Manu Hernando,2026-08-08T00:00:00+02:00,1950772,0
3008,Manu Hernando,2026-08-09T00:00:00+02:00,1938290,0
3008,Manu Hernando,2026-08-10T00:00:00+02:00,1912863,0
3008,Manu Hernando,2026-08-11T00:00:00+02:00,1880902,0
3008,Manu Hernando,2026-08-12T00:00:00+02:00,1849649,0
3008,Manu Hernando,2026-08-13T00:00:00+02:00,1814574,0
3008,Manu Hernando,2026-08-14T00:00:00+02:00,1789454,0
3008,Manu Hernando,2026-08-15T00:00:00+02:00,1770190,0
3008,Manu Hernando,2026-08-16T00:00:00+02:00,1743424,0
3009,Castro,2026-06-29T00:00:00+02:00,5000000,0
3009,Castro,2026-06-30T00:00:00+02:00,5000000,0
3009,Castro,2026-07-01T00:00:00+02:00,5000000,0
3009,Castro,2026-07-02T00:00:00+02:00,5000000,0
3009,Castro,2026-07-03T00:00:00+02:00,5002374,0
3009,Castro,2026-07-04T00:00:00+02:00,5008179,0
3009,Castro,2026-07-05T00:00:00+02:00,5013126,0
3010,Suleiman,2026-06-29T00:00:00+02:00,1700000,0
3010,Suleiman,2026-06-30T00:00:00+02:00,1700000,0
3010,Suleiman,2026-07-01T00:00:00+02:00,1700000,0
3010,Suleiman,2026-07-02T00:00:00+02:00,1700000,0
3010,Suleiman,2026-07-03T00:00:00+02:00,1700807,0
3010,Suleiman,2026-07-04T00:00:00+02:00,1702780,0
3010,Suleiman,2026-07-05T00:00:00+02:00,1704462,0
3010,Suleiman,2026-07-06T00:00:00+02:00,1706566,0
3010,Suleiman,2026-07-07T00:00:00+02:00,1706477,0
3010,Suleiman,2026-07-08T00:00:00+02:00,1650002,0
3010,Suleiman,2026-07-09T00:00:00+02:00,1623716,0
3010,Suleiman,2026-07-10T00:00:00+02:00,1579961,0
3010,Suleiman,2026-07-11T00:00:00+02:00,1537397,0
3010,Suleiman,2026-07-12T00:00:00+02:00,1496998,0
3010,Suleiman,2026-07-13T00:00:00+02:00,1457207,0
3010,Suleiman,2026-07-14T00:00:00+02:00,1417340,0
3010,Suleiman,2026-07-15T00:00:00+02:00,1377714,0
3010,Suleiman,2026-07-16T00:00:00+02:00,1343123,0
3010,Suleiman,2026-07-17T00:00:00+02:00,1312977,0
3010,Suleiman,2026-07-18T00:00:00+02:00,1288932,0
3010,Suleiman,2026-07-19T00:00:00+02:00,1256494,0
3010,Suleiman,2026-07-20T00:00:00+02:00,1228916,0
3010,Suleiman,2026-07-21T00:00:00+02:00,1207862,0
3010,Suleiman,2026-07-22T00:00:00+02:00,1176767,0
3010,Suleiman,2026-07-23T00:00:00+02:00,1155506,0
3010,Suleiman,2026-07-24T00:00:00+02:00,1132234,0
3010,Suleiman,2026-07-25T00:00:00+02:00,1109829,0
3010,Suleiman,2026-07-26T00:00:00+02:00,1087777,0
3010,Suleiman,2026-07-27T00:00:00+02:00,1082595,0
3010,Suleiman,2026-07-28T00:00:00+02:00,1067589,0
3010,Suleiman,2026-07-29T00:00:00+02:00,1044727,0
3010,Suleiman,2026-07-30T00:00:00+02:00,1026319,0
3010,Suleiman,2026-07-31T00:00:00+02:00,1007655,0
3010,Suleiman,2026-08-01T00:00:00+02:00,992904,0
3010,Suleiman,2026-08-02T00:00:00+02:00,974745,0
3010,Suleiman,2026-08-03T00:00:00+02:00,954892,0
3011,Jorge Salinas,2026-06-29T00:00:00+02:00,6000000,0
3011,Jorge Salinas,2026-06-30T00:00:00+02:00,6000000,0
3011,Jorge Salinas,2026-07-01T00:00:00+02:00,6000000,0
3011,Jorge Salinas,2026-07-02T00:00:00+02:00,6000000,0
3011,Jorge Salinas,2026-07-03T00:00:00+02:00,6002849,0
3011,Jorge Salinas,2026-07-04T00:00:00+02:00,6009815,0
3011,Jorge Salinas,2026-07-05T00:00:00+02:00,6015752,0
3011,Jorge Salinas,2026-08-14T00:00:00+02:00,5810542,0
3011,Jorge Salinas,2026-08-15T00:00:00+02:00,5615806,0
3011,Jorge Salinas,2026-08-16T00:00:00+02:00,5574497,0
3013,Calera,2026-06-29T00:00:00+02:00,800000,0
3013,Calera,2026-06-30T00:00:00+02:00,800000,0
3013,Calera,2026-07-01T00:00:00+02:00,800000,0
3013,Calera,2026-07-02T00:00:00+02:00,800000,0
3013,Calera,2026-07-03T00:00:00+02:00,800380,0
3013,Calera,2026-07-04T00:00:00+02:00,801308,0
3013,Calera,2026-07-05T00:00:00+02:00,802099,0
3020,Carlos,2026-06-29T00:00:00+02:00,700000,0
3020,Carlos,2026-06-30T00:00:00+02:00,700000,0
3020,Carlos,2026-07-01T00:00:00+02:00,700000,0
3020,Carlos,2026-07-02T00:00:00+02:00,700000,0
3020,Carlos,2026-07-03T00:00:00+02:00,700332,0
3020,Carlos,2026-07-04T00:00:00+02:00,701144,0
3020,Carlos,2026-07-05T00:00:00+02:00,701836,0
3026,Pablo Ramón,2026-06-29T00:00:00+02:00,600000,0
3026,Pablo Ramón,2026-06-30T00:00:00+02:00,600000,0
3026,Pablo Ramón,2026-07-01T00:00:00+02:00,600000,0
3026,Pablo Ramón,2026-07-02T00:00:00+02:00,600000,0
3026,Pablo Ramón,2026-07-03T00:00:00+02:00,600285,0
3026,Pablo Ramón,2026-07-04T00:00:00+02:00,600981,0
3026,Pablo Ramón,2026-07-05T00:00:00+02:00,601574,0
3026,Pablo Ramón,2026-07-29T00:00:00+02:00,591205,0
3026,Pablo Ramón,2026-07-30T00:00:00+02:00,581973,0
3026,Pablo Ramón,2026-07-31T00:00:00+02:00,572659,0
3026,Pablo Ramón,2026-08-01T00:00:00+02:00,563822,0
3026,Pablo Ramón,2026-08-02T00:00:00+02:00,556252,0
3026,Pablo Ramón,2026-08-03T00:00:00+02:00,548411,0
3026,Pablo Ramón,2026-08-04T00:00:00+02:00,540217,0
3026,Pablo Ramón,2026-08-11T00:00:00+02:00,532653,0
3026,Pablo Ramón,2026-08-12T00:00:00+02:00,524998,0
3026,Pablo Ramón,2026-08-13T00:00:00+02:00,516538,0
3026,Pablo Ramón,2026-08-14T00:00:00+02:00,512585,0
3026,Pablo Ramón,2026-08-15T00:00:00+02:00,514893,0
3026,Pablo Ramón,2026-08-16T00:00:00+02:00,510551,0
3027,Facu,2026-06-29T00:00:00+02:00,3500000,0
3027,Facu,2026-06-30T00:00:00+02:00,3500000,0
3027,Facu,2026-07-01T00:00:00+02:00,3500000,0
3027,Facu,2026-07-02T00:00:00+02:00,3500000,0
3027,Facu,2026-07-03T00:00:00+02:00,3501662,0
3027,Facu,2026-07-04T00:00:00+02:00,3505725,0
3027,Facu,2026-07-05T00:00:00+02:00,3509188,0
3027,Facu,2026-07-31T00:00:00+02:00,3393323,0
3027,Facu,2026-08-01T00:00:00+02:00,3281461,0
3027,Facu,2026-08-02T00:00:00+02:00,3228159,0
3027,Facu,2026-08-03T00:00:00+02:00,3218502,0
3027,Facu,2026-08-04T00:00:00+02:00,3201515,0
3027,Facu,2026-08-05T00:00:00+02:00,3187120,0
3027,Facu,2026-08-06T00:00:00+02:00,3167118,0
3027,Facu,2026-08-07T00:00:00+02:00,3143400,0
3027,Facu,2026-08-08T00:00:00+02:00,3124644,0
3027,Facu,2026-08-09T00:00:00+02:00,3113617,0
3027,Facu,2026-08-10T00:00:00+02:00,3101160,0
3027,Facu,2026-08-11T00:00:00+02:00,3087133,0
3027,Facu,2026-08-12T00:00:00+02:00,3070773,0
3027,Facu,2026-08-13T00:00:00+02:00,3054138,0
3027,Facu,2026-08-14T00:00:00+02:00,3054121,0
3027,Facu,2026-08-15T00:00:00+02:00,3069922,0
3027,Facu,2026-08-16T00:00:00+02:00,3059782,0
3030,Aitor Crespo,2026-06-29T00:00:00+02:00,800000,0
3030,Aitor Crespo,2026-06-30T00:00:00+02:00,800000,0
3030,Aitor Crespo,2026-07-01T00:00:00+02:00,800000,0
3030,Aitor Crespo,2026-07-02T00:00:00+02:00,800000,0
3030,Aitor Crespo,2026-07-03T00:00:00+02:00,800380,0
3030,Aitor Crespo,2026-07-04T00:00:00+02:00,801308,0
3030,Aitor Crespo,2026-07-05T00:00:00+02:00,802099,0
3037,C. Puga,2026-06-29T00:00:00+02:00,9000000,0
3037,C. Puga,2026-06-30T00:00:00+02:00,9000000,0
3037,C. Puga,2026-07-01T00:00:00+02:00,9000000,0
3037,C. Puga,2026-07-02T00:00:00+02:00,9000000,0
3037,C. Puga,2026-07-03T00:00:00+02:00,9004274,0
3037,C. Puga,2026-07-04T00:00:00+02:00,9014723,0
3037,C. Puga,2026-07-05T00:00:00+02:00,9023629,0
3037,C. Puga,2026-07-06T00:00:00+02:00,9034770,0
3037,C. Puga,2026-07-07T00:00:00+02:00,9034303,0
3037,C. Puga,2026-07-08T00:00:00+02:00,8877196,0
3037,C. Puga,2026-07-09T00:00:00+02:00,8799096,0
3037,C. Puga,2026-07-10T00:00:00+02:00,8785478,0
3037,C. Puga,2026-07-11T00:00:00+02:00,8788769,0
3037,C. Puga,2026-07-12T00:00:00+02:00,8684652,0
3037,C. Puga,2026-07-13T00:00:00+02:00,8492522,0
3037,C. Puga,2026-07-14T00:00:00+02:00,8391171,0
3037,C. Puga,2026-07-15T00:00:00+02:00,8204629,0
3037,C. Puga,2026-07-16T00:00:00+02:00,8082960,0
3037,C. Puga,2026-07-17T00:00:00+02:00,7933618,0
3037,C. Puga,2026-07-18T00:00:00+02:00,7799436,0
3037,C. Puga,2026-07-19T00:00:00+02:00,7619985,0
3037,C. Puga,2026-07-20T00:00:00+02:00,7474691,0
3037,C. Puga,2026-07-21T00:00:00+02:00,7337479,0
3037,C. Puga,2026-07-22T00:00:00+02:00,7236857,0
3037,C. Puga,2026-07-23T00:00:00+02:00,7205499,0
3037,C. Puga,2026-07-24T00:00:00+02:00,7101200,0
3037,C. Puga,2026-07-25T00:00:00+02:00,7025979,0
3037,C. Puga,2026-07-26T00:00:00+02:00,6909453,0
3037,C. Puga,2026-07-27T00:00:00+02:00,6800035,0
3037,C. Puga,2026-07-28T00:00:00+02:00,6705188,0
3037,C. Puga,2026-07-29T00:00:00+02:00,6589349,0
3037,C. Puga,2026-07-30T00:00:00+02:00,6452127,0
3037,C. Puga,2026-07-31T00:00:00+02:00,6310833,0
3037,C. Puga,2026-08-01T00:00:00+02:00,6214158,0
3037,C. Puga,2026-08-02T00:00:00+02:00,6120497,0
3037,C. Puga,2026-08-03T00:00:00+02:00,6038477,0
3037,C. Puga,2026-08-04T00:00:00+02:00,5923761,0
3037,C. Puga,2026-08-05T00:00:00+02:00,5856931,0
3037,C. Puga,2026-08-06T00:00:00+02:00,5777024,0
3037,C. Puga,2026-08-07T00:00:00+02:00,5709991,0
3037,C. Puga,2026-08-08T00:00:00+02:00,5658234,0
3037,C. Puga,2026-08-09T00:00:00+02:00,5598496,0
3037,C. Puga,2026-08-10T00:00:00+02:00,5527061,0
3037,C. Puga,2026-08-11T00:00:00+02:00,5449935,0
3037,C. Puga,2026-08-12T00:00:00+02:00,5401199,0
3037,C. Puga,2026-08-13T00:00:00+02:00,5344230,0
3037,C. Puga,2026-08-14T00:00:00+02:00,5313330,0
3037,C. Puga,2026-08-15T00:00:00+02:00,5281655,0
3037,C. Puga,2026-08-16T00:00:00+02:00,5243145,0
3039,Murillo,2026-06-29T00:00:00+02:00,6000000,0
3039,Murillo,2026-06-30T00:00:00+02:00,6000000,0
3039,Murillo,2026-07-01T00:00:00+02:00,6000000,0
3039,Murillo,2026-07-02T00:00:00+02:00,6000000,0
3039,Murillo,2026-07-03T00:00:00+02:00,6002849,0
3039,Murillo,2026-07-04T00:00:00+02:00,6009815,0
3039,Murillo,2026-07-05T00:00:00+02:00,6015752,0
3039,Murillo,2026-07-06T00:00:00+02:00,6023179,0
3039,Murillo,2026-07-07T00:00:00+02:00,6022867,0
3039,Murillo,2026-07-08T00:00:00+02:00,6014879,0
3039,Murillo,2026-07-09T00:00:00+02:00,5932909,0
3039,Murillo,2026-07-10T00:00:00+02:00,5797061,0
3039,Murillo,2026-07-11T00:00:00+02:00,5684904,0
3039,Murillo,2026-07-12T00:00:00+02:00,5548476,0
3039,Murillo,2026-07-13T00:00:00+02:00,5408793,0
3039,Murillo,2026-07-14T00:00:00+02:00,5271740,0
3039,Murillo,2026-07-15T00:00:00+02:00,5141801,0
3039,Murillo,2026-07-16T00:00:00+02:00,5010673,0
3039,Murillo,2026-07-17T00:00:00+02:00,4871259,0
3039,Murillo,2026-07-18T00:00:00+02:00,4725758,0
3039,Murillo,2026-07-19T00:00:00+02:00,4596021,0
3039,Murillo,2026-07-20T00:00:00+02:00,4470832,0
3039,Murillo,2026-07-21T00:00:00+02:00,4353317,0
3039,Murillo,2026-07-22T00:00:00+02:00,4221876,0
3039,Murillo,2026-07-23T00:00:00+02:00,4108123,0
3039,Murillo,2026-07-24T00:00:00+02:00,3987466,0
3039,Murillo,2026-07-25T00:00:00+02:00,3876488,0
3039,Murillo,2026-07-26T00:00:00+02:00,3768539,0
3039,Murillo,2026-07-27T00:00:00+02:00,3668365,0
3039,Murillo,2026-07-28T00:00:00+02:00,3562781,0
3039,Murillo,2026-07-29T00:00:00+02:00,3457218,0
3039,Murillo,2026-07-30T00:00:00+02:00,3357984,0
3039,Murillo,2026-07-31T00:00:00+02:00,3262135,0
3039,Murillo,2026-08-01T00:00:00+02:00,3168649,0
3039,Murillo,2026-08-02T00:00:00+02:00,3077928,0
3039,Murillo,2026-08-03T00:00:00+02:00,2987975,0
3039,Murillo,2026-08-04T00:00:00+02:00,2899550,0
3039,Murillo,2026-08-05T00:00:00+02:00,2817067,0
3039,Murillo,2026-08-06T00:00:00+02:00,2731727,0
3039,Murillo,2026-08-07T00:00:00+02:00,2650833,0
3039,Murillo,2026-08-08T00:00:00+02:00,2573434,0
3039,Murillo,2026-08-09T00:00:00+02:00,2497852,0
3039,Murillo,2026-08-10T00:00:00+02:00,2422879,0
3039,Murillo,2026-08-11T00:00:00+02:00,2348117,0
3039,Murillo,2026-08-12T00:00:00+02:00,2275179,0
3039,Murillo,2026-08-13T00:00:00+02:00,2206520,0
3039,Murillo,2026-08-14T00:00:00+02:00,2141662,0
3039,Murillo,2026-08-15T00:00:00+02:00,2078996,0
3039,Murillo,2026-08-16T00:00:00+02:00,2017995,0
3041,Rafita,2026-06-29T00:00:00+02:00,5000000,0
3041,Rafita,2026-06-30T00:00:00+02:00,5000000,0
3041,Rafita,2026-07-01T00:00:00+02:00,5000000,0
3041,Rafita,2026-07-02T00:00:00+02:00,5000000,0
3041,Rafita,2026-07-03T00:00:00+02:00,5002374,0
3041,Rafita,2026-07-04T00:00:00+02:00,5008179,0
3041,Rafita,2026-07-05T00:00:00+02:00,5013126,0
3042,Einar,2026-06-29T00:00:00+02:00,4250000,0
3042,Einar,2026-06-30T00:00:00+02:00,4250000,0
3042,Einar,2026-07-01T00:00:00+02:00,4250000,0
3042,Einar,2026-07-02T00:00:00+02:00,4250000,0
3042,Einar,2026-07-03T00:00:00+02:00,4252018,0
3042,Einar,2026-07-04T00:00:00+02:00,4256952,0
3042,Einar,2026-07-05T00:00:00+02:00,4261157,0
3042,Einar,2026-08-10T00:00:00+02:00,4122737,0
3042,Einar,2026-08-11T00:00:00+02:00,3986780,0
3042,Einar,2026-08-12T00:00:00+02:00,3966632,0
3042,Einar,2026-08-13T00:00:00+02:00,3940490,0
3042,Einar,2026-08-14T00:00:00+02:00,3926089,0
3042,Einar,2026-08-15T00:00:00+02:00,3924521,0
3042,Einar,2026-08-16T00:00:00+02:00,3901324,0
3043,Montero,2026-06-29T00:00:00+02:00,4100000,0
3043,Montero,2026-06-30T00:00:00+02:00,4100000,0
3043,Montero,2026-07-01T00:00:00+02:00,4100000,0
3043,Montero,2026-07-02T00:00:00+02:00,4100000,0
3043,Montero,2026-07-03T00:00:00+02:00,4101947,0
3043,Montero,2026-07-04T00:00:00+02:00,4106707,0
3043,Montero,2026-07-05T00:00:00+02:00,4110764,0
3047,Dani Sánchez,2026-06-29T00:00:00+02:00,2000000,0
3047,Dani Sánchez,2026-06-30T00:00:00+02:00,2000000,0
3047,Dani Sánchez,2026-07-01T00:00:00+02:00,2000000,0
3047,Dani Sánchez,2026-07-02T00:00:00+02:00,2000000,0
3047,Dani Sánchez,2026-07-03T00:00:00+02:00,1924047,0
3047,Dani Sánchez,2026-07-04T00:00:00+02:00,1926279,0
3047,Dani Sánchez,2026-07-05T00:00:00+02:00,1928182,0
3047,Dani Sánchez,2026-07-06T00:00:00+02:00,1930562,0
3047,Dani Sánchez,2026-07-07T00:00:00+02:00,1930462,0
3047,Dani Sánchez,2026-07-08T00:00:00+02:00,1878072,0
3047,Dani Sánchez,2026-07-09T00:00:00+02:00,1823593,0
3047,Dani Sánchez,2026-07-10T00:00:00+02:00,1773323,0
3047,Dani Sánchez,2026-07-11T00:00:00+02:00,1723505,0
3047,Dani Sánchez,2026-07-12T00:00:00+02:00,1673967,0
3047,Dani Sánchez,2026-07-13T00:00:00+02:00,1623464,0
3047,Dani Sánchez,2026-07-14T00:00:00+02:00,1579399,0
3047,Dani Sánchez,2026-07-15T00:00:00+02:00,1532281,0
3047,Dani Sánchez,2026-07-16T00:00:00+02:00,1486340,0
3047,Dani Sánchez,2026-07-17T00:00:00+02:00,1445555,0
3047,Dani Sánchez,2026-07-18T00:00:00+02:00,1407732,0
3047,Dani Sánchez,2026-07-19T00:00:00+02:00,1370308,0
3047,Dani Sánchez,2026-07-20T00:00:00+02:00,1334975,0
3047,Dani Sánchez,2026-07-21T00:00:00+02:00,1300040,0
3047,Dani Sánchez,2026-07-22T00:00:00+02:00,1268472,0
3047,Dani Sánchez,2026-07-23T00:00:00+02:00,1237078,0
3047,Dani Sánchez,2026-07-24T00:00:00+02:00,1207716,0
3047,Dani Sánchez,2026-07-25T00:00:00+02:00,1178558,0
3047,Dani Sánchez,2026-07-26T00:00:00+02:00,1150488,0
3047,Dani Sánchez,2026-07-27T00:00:00+02:00,1125001,0
3047,Dani Sánchez,2026-07-28T00:00:00+02:00,1098273,0
3047,Dani Sánchez,2026-07-29T00:00:00+02:00,1071875,0
3047,Dani Sánchez,2026-07-30T00:00:00+02:00,1050327,0
3047,Dani Sánchez,2026-07-31T00:00:00+02:00,1026130,0
3047,Dani Sánchez,2026-08-01T00:00:00+02:00,1004110,0
3047,Dani Sánchez,2026-08-02T00:00:00+02:00,982310,0
3047,Dani Sánchez,2026-08-03T00:00:00+02:00,959383,0
3047,Dani Sánchez,2026-08-04T00:00:00+02:00,940138,0
3047,Dani Sánchez,2026-08-05T00:00:00+02:00,917569,0
3047,Dani Sánchez,2026-08-06T00:00:00+02:00,894185,0
3047,Dani Sánchez,2026-08-07T00:00:00+02:00,871835,0
3047,Dani Sánchez,2026-08-08T00:00:00+02:00,853062,0
3047,Dani Sánchez,2026-08-09T00:00:00+02:00,833856,0
3047,Dani Sánchez,2026-08-10T00:00:00+02:00,815637,0
3047,Dani Sánchez,2026-08-11T00:00:00+02:00,800966,0
3047,Dani Sánchez,2026-08-12T00:00:00+02:00,782578,0
3047,Dani Sánchez,2026-08-13T00:00:00+02:00,763815,0
3047,Dani Sánchez,2026-08-14T00:00:00+02:00,746647,0
3047,Dani Sánchez,2026-08-15T00:00:00+02:00,732524,0
3047,Dani Sánchez,2026-08-16T00:00:00+02:00,718142,0
3051,Victor,2026-06-29T00:00:00+02:00,1250000,0
3051,Victor,2026-06-30T00:00:00+02:00,1250000,0
3051,Victor,2026-07-01T00:00:00+02:00,1250000,0
3051,Victor,2026-07-02T00:00:00+02:00,1250000,0
3051,Victor,2026-07-03T00:00:00+02:00,1250593,0
3051,Victor,2026-07-04T00:00:00+02:00,1252044,0
3051,Victor,2026-07-05T00:00:00+02:00,1253280,0
3054,Recio,2026-06-29T00:00:00+02:00,750000,0
3054,Recio,2026-06-30T00:00:00+02:00,750000,0
3054,Recio,2026-07-01T00:00:00+02:00,750000,0
3054,Recio,2026-07-02T00:00:00+02:00,750000,0
3054,Recio,2026-07-03T00:00:00+02:00,750356,0
3054,Recio,2026-07-04T00:00:00+02:00,751226,0
3054,Recio,2026-07-05T00:00:00+02:00,751968,0
3058,Gabilondo,2026-06-29T00:00:00+02:00,400000,0
3058,Gabilondo,2026-06-30T00:00:00+02:00,400000,0
3058,Gabilondo,2026-07-01T00:00:00+02:00,400000,0
3058,Gabilondo,2026-07-02T00:00:00+02:00,400000,0
3058,Gabilondo,2026-07-03T00:00:00+02:00,400190,0
3058,Gabilondo,2026-07-04T00:00:00+02:00,400654,0
3058,Gabilondo,2026-07-05T00:00:00+02:00,401049,0
3059,Pastor,2026-06-29T00:00:00+02:00,400000,0
3059,Pastor,2026-06-30T00:00:00+02:00,400000,0
3059,Pastor,2026-07-01T00:00:00+02:00,400000,0
3059,Pastor,2026-07-02T00:00:00+02:00,400000,0
3059,Pastor,2026-07-03T00:00:00+02:00,400190,0
3059,Pastor,2026-07-04T00:00:00+02:00,388298,0
3059,Pastor,2026-07-05T00:00:00+02:00,388681,0
3059,Pastor,2026-08-10T00:00:00+02:00,388269,0
3059,Pastor,2026-08-11T00:00:00+02:00,386783,0
3059,Pastor,2026-08-12T00:00:00+02:00,384963,0
3059,Pastor,2026-08-13T00:00:00+02:00,382104,0
3059,Pastor,2026-08-14T00:00:00+02:00,378636,0
3059,Pastor,2026-08-15T00:00:00+02:00,376462,0
3059,Pastor,2026-08-16T00:00:00+02:00,376322,0
3062,Arriaza,2026-06-29T00:00:00+02:00,400000,0
3062,Arriaza,2026-06-30T00:00:00+02:00,400000,0
3062,Arriaza,2026-07-01T00:00:00+02:00,400000,0
3062,Arriaza,2026-07-02T00:00:00+02:00,400000,0
3062,Arriaza,2026-07-03T00:00:00+02:00,400190,0
3062,Arriaza,2026-07-04T00:00:00+02:00,400654,0
3062,Arriaza,2026-07-05T00:00:00+02:00,401049,0
3063,M. Santaella,2026-06-29T00:00:00+02:00,400000,0
3063,M. Santaella,2026-06-30T00:00:00+02:00,400000,0
3063,M. Santaella,2026-07-01T00:00:00+02:00,400000,0
3063,M. Santaella,2026-07-02T00:00:00+02:00,400000,0
3063,M. Santaella,2026-07-03T00:00:00+02:00,400190,0
3063,M. Santaella,2026-07-04T00:00:00+02:00,400654,0
3063,M. Santaella,2026-07-05T00:00:00+02:00,401049,0
3064,Moussa,2026-06-29T00:00:00+02:00,400000,0
3064,Moussa,2026-06-30T00:00:00+02:00,400000,0
3064,Moussa,2026-07-01T00:00:00+02:00,400000,0
3064,Moussa,2026-07-02T00:00:00+02:00,400000,0
3064,Moussa,2026-07-03T00:00:00+02:00,400190,0
3064,Moussa,2026-07-04T00:00:00+02:00,400654,0
3064,Moussa,2026-07-05T00:00:00+02:00,401049,0
3065,Laporte,2026-07-14T00:00:00+02:00,23927439,0
3065,Laporte,2026-07-15T00:00:00+02:00,23129774,0
3065,Laporte,2026-07-16T00:00:00+02:00,24111582,0
3065,Laporte,2026-07-17T00:00:00+02:00,25481083,0
3065,Laporte,2026-07-18T00:00:00+02:00,27007865,0
3065,Laporte,2026-07-19T00:00:00+02:00,28626626,0
3065,Laporte,2026-07-20T00:00:00+02:00,30144720,0
3065,Laporte,2026-07-21T00:00:00+02:00,32059842,0
3065,Laporte,2026-07-22T00:00:00+02:00,33331169,0
3065,Laporte,2026-07-23T00:00:00+02:00,35765299,0
3065,Laporte,2026-07-24T00:00:00+02:00,37536261,0
3065,Laporte,2026-07-25T00:00:00+02:00,39641616,0
3065,Laporte,2026-07-26T00:00:00+02:00,41820712,0
3065,Laporte,2026-07-27T00:00:00+02:00,43939507,0
3065,Laporte,2026-07-28T00:00:00+02:00,46097065,0
3065,Laporte,2026-07-29T00:00:00+02:00,47456909,0
3065,Laporte,2026-07-30T00:00:00+02:00,49345178,0
3065,Laporte,2026-07-31T00:00:00+02:00,50990312,0
3065,Laporte,2026-08-01T00:00:00+02:00,52731869,0
3065,Laporte,2026-08-02T00:00:00+02:00,54293093,0
3065,Laporte,2026-08-03T00:00:00+02:00,55454436,0
3065,Laporte,2026-08-04T00:00:00+02:00,56858372,0
3065,Laporte,2026-08-05T00:00:00+02:00,58104451,0
3065,Laporte,2026-08-06T00:00:00+02:00,58923092,0
3065,Laporte,2026-08-07T00:00:00+02:00,59804291,0
3065,Laporte,2026-08-08T00:00:00+02:00,60521318,0
3065,Laporte,2026-08-09T00:00:00+02:00,60784723,0
3065,Laporte,2026-08-10T00:00:00+02:00,60373621,0
3065,Laporte,2026-08-11T00:00:00+02:00,59270427,0
3065,Laporte,2026-08-12T00:00:00+02:00,57841802,0
3065,Laporte,2026-08-13T00:00:00+02:00,56488208,0
3065,Laporte,2026-08-14T00:00:00+02:00,55164551,0
3065,Laporte,2026-08-15T00:00:00+02:00,54094303,0
3065,Laporte,2026-08-16T00:00:00+02:00,53175636,0
3067,Affengruber,2026-07-13T00:00:00+02:00,20000000,0
3067,Affengruber,2026-07-14T00:00:00+02:00,19327610,0
3067,Affengruber,2026-07-15T00:00:00+02:00,19441820,0
3067,Affengruber,2026-07-16T00:00:00+02:00,19768980,0
3067,Affengruber,2026-07-17T00:00:00+02:00,20218212,0
3067,Affengruber,2026-07-18T00:00:00+02:00,20748279,0
3067,Affengruber,2026-07-19T00:00:00+02:00,21223835,0
3067,Affengruber,2026-07-20T00:00:00+02:00,21644676,0
3067,Affengruber,2026-07-21T00:00:00+02:00,22168153,0
3067,Affengruber,2026-07-22T00:00:00+02:00,22424392,0
3067,Affengruber,2026-07-23T00:00:00+02:00,22969294,0
3067,Affengruber,2026-07-24T00:00:00+02:00,23455224,0
3067,Affengruber,2026-07-25T00:00:00+02:00,24078318,0
3067,Affengruber,2026-07-26T00:00:00+02:00,24576757,0
3067,Affengruber,2026-07-27T00:00:00+02:00,25007545,0
3067,Affengruber,2026-07-28T00:00:00+02:00,25740919,0
3067,Affengruber,2026-07-29T00:00:00+02:00,26217918,0
3067,Affengruber,2026-07-30T00:00:00+02:00,26911584,0
3067,Affengruber,2026-07-31T00:00:00+02:00,27457255,0
3067,Affengruber,2026-08-01T00:00:00+02:00,28162354,0
3067,Affengruber,2026-08-02T00:00:00+02:00,28942221,0
3067,Affengruber,2026-08-03T00:00:00+02:00,29572332,0
3067,Affengruber,2026-08-04T00:00:00+02:00,30258859,0
3067,Affengruber,2026-08-05T00:00:00+02:00,30918697,0
3067,Affengruber,2026-08-06T00:00:00+02:00,31358663,0
3067,Affengruber,2026-08-07T00:00:00+02:00,31898382,0
3067,Affengruber,2026-08-08T00:00:00+02:00,32326959,0
3067,Affengruber,2026-08-09T00:00:00+02:00,32762627,0
3067,Affengruber,2026-08-10T00:00:00+02:00,32998757,0
3067,Affengruber,2026-08-11T00:00:00+02:00,33250308,0
3067,Affengruber,2026-08-12T00:00:00+02:00,33427358,0
3067,Affengruber,2026-08-13T00:00:00+02:00,33397652,0
3067,Affengruber,2026-08-14T00:00:00+02:00,33241555,0
3067,Affengruber,2026-08-15T00:00:00+02:00,33102814,0
3067,Affengruber,2026-08-16T00:00:00+02:00,32752877,0
3068,Cabrera,2026-07-13T00:00:00+02:00,20000000,0
3068,Cabrera,2026-07-14T00:00:00+02:00,19327610,0
3068,Cabrera,2026-07-15T00:00:00+02:00,19125292,0
3068,Cabrera,2026-07-16T00:00:00+02:00,19086532,0
3068,Cabrera,2026-07-17T00:00:00+02:00,18975700,0
3068,Cabrera,2026-07-18T00:00:00+02:00,18867299,0
3068,Cabrera,2026-07-19T00:00:00+02:00,18787114,0
3068,Cabrera,2026-07-20T00:00:00+02:00,18653682,0
3068,Cabrera,2026-07-21T00:00:00+02:00,18517104,0
3068,Cabrera,2026-07-22T00:00:00+02:00,18232328,0
3068,Cabrera,2026-07-23T00:00:00+02:00,18138093,0
3068,Cabrera,2026-07-24T00:00:00+02:00,17989268,0
3068,Cabrera,2026-07-25T00:00:00+02:00,17825157,0
3068,Cabrera,2026-07-26T00:00:00+02:00,17701554,0
3068,Cabrera,2026-07-27T00:00:00+02:00,17553763,0
3068,Cabrera,2026-07-28T00:00:00+02:00,17445475,0
3068,Cabrera,2026-07-29T00:00:00+02:00,17289132,0
3068,Cabrera,2026-07-30T00:00:00+02:00,17147610,0
3068,Cabrera,2026-07-31T00:00:00+02:00,16988368,0
3068,Cabrera,2026-08-01T00:00:00+02:00,16844798,0
3068,Cabrera,2026-08-02T00:00:00+02:00,16767707,0
3068,Cabrera,2026-08-03T00:00:00+02:00,16686079,0
3068,Cabrera,2026-08-04T00:00:00+02:00,16651671,0
3068,Cabrera,2026-08-05T00:00:00+02:00,16662552,0
3068,Cabrera,2026-08-06T00:00:00+02:00,16633022,0
3068,Cabrera,2026-08-07T00:00:00+02:00,16612181,0
3068,Cabrera,2026-08-08T00:00:00+02:00,16550990,0
3068,Cabrera,2026-08-09T00:00:00+02:00,16520037,0
3068,Cabrera,2026-08-10T00:00:00+02:00,16469236,0
3068,Cabrera,2026-08-11T00:00:00+02:00,16473751,0
3068,Cabrera,2026-08-12T00:00:00+02:00,16537057,0
3068,Cabrera,2026-08-13T00:00:00+02:00,16610263,0
3068,Cabrera,2026-08-14T00:00:00+02:00,16757235,0
3068,Cabrera,2026-08-15T00:00:00+02:00,16908543,0
3068,Cabrera,2026-08-16T00:00:00+02:00,17006166,0
3080,Dumfries,2026-07-17T00:00:00+02:00,46000000,0
3080,Dumfries,2026-07-18T00:00:00+02:00,44511613,0
3080,Dumfries,2026-07-19T00:00:00+02:00,44057951,0
3080,Dumfries,2026-07-20T00:00:00+02:00,44448517,0
3080,Dumfries,2026-07-21T00:00:00+02:00,45386883,0
3080,Dumfries,2026-07-22T00:00:00+02:00,46137512,0
3080,Dumfries,2026-07-23T00:00:00+02:00,47292965,0
3080,Dumfries,2026-07-24T00:00:00+02:00,48451492,0
3080,Dumfries,2026-07-25T00:00:00+02:00,49881168,0
3080,Dumfries,2026-07-26T00:00:00+02:00,51368888,0
3080,Dumfries,2026-07-27T00:00:00+02:00,52599337,0
3080,Dumfries,2026-07-28T00:00:00+02:00,54008621,0
3080,Dumfries,2026-07-29T00:00:00+02:00,55252426,0
3080,Dumfries,2026-07-30T00:00:00+02:00,57079797,0
3080,Dumfries,2026-07-31T00:00:00+02:00,58400432,0
3080,Dumfries,2026-08-01T00:00:00+02:00,59912983,0
3080,Dumfries,2026-08-02T00:00:00+02:00,61318433,0
3080,Dumfries,2026-08-03T00:00:00+02:00,62460969,0
3080,Dumfries,2026-08-04T00:00:00+02:00,63724007,0
3080,Dumfries,2026-08-05T00:00:00+02:00,64844065,0
3080,Dumfries,2026-08-06T00:00:00+02:00,65541148,0
3080,Dumfries,2026-08-07T00:00:00+02:00,66073735,0
3080,Dumfries,2026-08-08T00:00:00+02:00,66396560,0
3080,Dumfries,2026-08-09T00:00:00+02:00,65952670,0
3080,Dumfries,2026-08-10T00:00:00+02:00,64912631,0
3080,Dumfries,2026-08-11T00:00:00+02:00,63482319,0
3080,Dumfries,2026-08-12T00:00:00+02:00,62039151,0
3080,Dumfries,2026-08-13T00:00:00+02:00,60533698,0
3080,Dumfries,2026-08-14T00:00:00+02:00,59196936,0
3080,Dumfries,2026-08-15T00:00:00+02:00,57983349,0
3080,Dumfries,2026-08-16T00:00:00+02:00,57034720,0
3081,Ratiu,2026-07-20T00:00:00+02:00,50000000,0
3081,Ratiu,2026-07-21T00:00:00+02:00,48443996,0
3081,Ratiu,2026-07-22T00:00:00+02:00,47244598,0
3081,Ratiu,2026-07-23T00:00:00+02:00,46326828,0
3081,Ratiu,2026-07-24T00:00:00+02:00,45439625,0
3081,Ratiu,2026-07-25T00:00:00+02:00,44616101,0
3081,Ratiu,2026-07-26T00:00:00+02:00,43787469,0
3081,Ratiu,2026-07-27T00:00:00+02:00,42946078,0
3081,Ratiu,2026-07-28T00:00:00+02:00,42102751,0
3081,Ratiu,2026-07-29T00:00:00+02:00,41207000,0
3081,Ratiu,2026-07-30T00:00:00+02:00,40459196,0
3081,Ratiu,2026-07-31T00:00:00+02:00,39688887,0
3081,Ratiu,2026-08-01T00:00:00+02:00,39038663,0
3081,Ratiu,2026-08-02T00:00:00+02:00,38621576,0
3081,Ratiu,2026-08-03T00:00:00+02:00,38141668,0
3081,Ratiu,2026-08-04T00:00:00+02:00,37901463,0
3081,Ratiu,2026-08-05T00:00:00+02:00,37568391,0
3081,Ratiu,2026-08-06T00:00:00+02:00,37182769,0
3081,Ratiu,2026-08-07T00:00:00+02:00,36827933,0
3081,Ratiu,2026-08-08T00:00:00+02:00,36520690,0
3081,Ratiu,2026-08-09T00:00:00+02:00,36235720,0
3081,Ratiu,2026-08-10T00:00:00+02:00,35997209,0
3081,Ratiu,2026-08-11T00:00:00+02:00,35816490,0
3081,Ratiu,2026-08-12T00:00:00+02:00,35649242,0
3081,Ratiu,2026-08-13T00:00:00+02:00,35454535,0
3081,Ratiu,2026-08-14T00:00:00+02:00,35351157,0
3081,Ratiu,2026-08-15T00:00:00+02:00,35446960,0
3081,Ratiu,2026-08-16T00:00:00+02:00,35597698,0
3082,Lejeune,2026-07-20T00:00:00+02:00,55000000,0
3082,Lejeune,2026-07-21T00:00:00+02:00,53288396,0
3082,Lejeune,2026-07-22T00:00:00+02:00,51995945,0
3082,Lejeune,2026-07-23T00:00:00+02:00,51001512,0
3082,Lejeune,2026-07-24T00:00:00+02:00,49847232,0
3082,Lejeune,2026-07-25T00:00:00+02:00,48769501,0
3082,Lejeune,2026-07-26T00:00:00+02:00,47800021,0
3082,Lejeune,2026-07-27T00:00:00+02:00,46898422,0
3082,Lejeune,2026-07-28T00:00:00+02:00,46075835,0
3082,Lejeune,2026-07-29T00:00:00+02:00,45187328,0
3082,Lejeune,2026-07-30T00:00:00+02:00,44327505,0
3082,Lejeune,2026-07-31T00:00:00+02:00,43522581,0
3082,Lejeune,2026-08-01T00:00:00+02:00,42988789,0
3082,Lejeune,2026-08-02T00:00:00+02:00,42394833,0
3082,Lejeune,2026-08-03T00:00:00+02:00,41725306,0
3082,Lejeune,2026-08-04T00:00:00+02:00,41058923,0
3082,Lejeune,2026-08-05T00:00:00+02:00,40412812,0
3082,Lejeune,2026-08-06T00:00:00+02:00,39835976,0
3082,Lejeune,2026-08-07T00:00:00+02:00,39395344,0
3082,Lejeune,2026-08-08T00:00:00+02:00,39071812,0
3082,Lejeune,2026-08-09T00:00:00+02:00,38805621,0
3082,Lejeune,2026-08-10T00:00:00+02:00,38626640,0
3082,Lejeune,2026-08-11T00:00:00+02:00,38390744,0
3082,Lejeune,2026-08-12T00:00:00+02:00,38308075,0
3082,Lejeune,2026-08-13T00:00:00+02:00,38167757,0
3082,Lejeune,2026-08-14T00:00:00+02:00,38138329,0
3082,Lejeune,2026-08-15T00:00:00+02:00,38212144,0
3082,Lejeune,2026-08-16T00:00:00+02:00,38315814,0
3098,Q. Hartman,2026-07-22T00:00:00+02:00,14208409,0
3098,Q. Hartman,2026-07-23T00:00:00+02:00,13745553,0
3098,Q. Hartman,2026-07-24T00:00:00+02:00,13361923,0
3098,Q. Hartman,2026-07-25T00:00:00+02:00,13114974,0
3098,Q. Hartman,2026-07-26T00:00:00+02:00,12880540,0
3098,Q. Hartman,2026-07-27T00:00:00+02:00,12620603,0
3098,Q. Hartman,2026-07-28T00:00:00+02:00,12361473,0
3098,Q. Hartman,2026-07-29T00:00:00+02:00,12093258,0
3098,Q. Hartman,2026-07-30T00:00:00+02:00,11819762,0
3098,Q. Hartman,2026-07-31T00:00:00+02:00,11552828,0
3098,Q. Hartman,2026-08-01T00:00:00+02:00,11319735,0
3098,Q. Hartman,2026-08-02T00:00:00+02:00,11111321,0
3098,Q. Hartman,2026-08-03T00:00:00+02:00,10897673,0
3098,Q. Hartman,2026-08-04T00:00:00+02:00,10690770,0
3098,Q. Hartman,2026-08-05T00:00:00+02:00,10513728,0
3098,Q. Hartman,2026-08-06T00:00:00+02:00,10320917,0
3098,Q. Hartman,2026-08-07T00:00:00+02:00,10163368,0
3098,Q. Hartman,2026-08-08T00:00:00+02:00,10015752,0
3098,Q. Hartman,2026-08-09T00:00:00+02:00,9922110,0
3098,Q. Hartman,2026-08-10T00:00:00+02:00,9774252,0
3098,Q. Hartman,2026-08-11T00:00:00+02:00,9592336,0
3098,Q. Hartman,2026-08-12T00:00:00+02:00,9400157,0
3098,Q. Hartman,2026-08-13T00:00:00+02:00,9207060,0
3098,Q. Hartman,2026-08-14T00:00:00+02:00,9042701,0
3098,Q. Hartman,2026-08-15T00:00:00+02:00,8887784,0
3098,Q. Hartman,2026-08-16T00:00:00+02:00,8753133,0
3106,Cucurella,2026-07-27T00:00:00+02:00,50300781,0
3106,Cucurella,2026-07-28T00:00:00+02:00,48691487,0
3106,Cucurella,2026-07-29T00:00:00+02:00,48814059,0
3106,Cucurella,2026-07-30T00:00:00+02:00,51702207,0
3106,Cucurella,2026-07-31T00:00:00+02:00,54394816,0
3106,Cucurella,2026-08-01T00:00:00+02:00,57504918,0
3106,Cucurella,2026-08-02T00:00:00+02:00,60721466,0
3106,Cucurella,2026-08-03T00:00:00+02:00,63726124,0
3106,Cucurella,2026-08-04T00:00:00+02:00,66764870,0
3106,Cucurella,2026-08-05T00:00:00+02:00,69770835,0
3106,Cucurella,2026-08-06T00:00:00+02:00,72371028,0
3106,Cucurella,2026-08-07T00:00:00+02:00,75145062,0
3106,Cucurella,2026-08-08T00:00:00+02:00,77901249,0
3106,Cucurella,2026-08-09T00:00:00+02:00,80193172,0
3106,Cucurella,2026-08-10T00:00:00+02:00,82154183,0
3106,Cucurella,2026-08-11T00:00:00+02:00,83322762,0
3106,Cucurella,2026-08-12T00:00:00+02:00,84142744,0
3106,Cucurella,2026-08-13T00:00:00+02:00,84016764,0
3106,Cucurella,2026-08-14T00:00:00+02:00,83226203,0
3106,Cucurella,2026-08-15T00:00:00+02:00,82392216,0
3106,Cucurella,2026-08-16T00:00:00+02:00,81601459,0
3107,Konaté,2026-07-27T00:00:00+02:00,29621571,0
3107,Konaté,2026-07-28T00:00:00+02:00,28672182,0
3107,Konaté,2026-07-29T00:00:00+02:00,28512119,0
3107,Konaté,2026-07-30T00:00:00+02:00,29267833,0
3107,Konaté,2026-07-31T00:00:00+02:00,30294499,0
3107,Konaté,2026-08-01T00:00:00+02:00,31871076,0
3107,Konaté,2026-08-02T00:00:00+02:00,33389352,0
3107,Konaté,2026-08-03T00:00:00+02:00,34825313,0
3107,Konaté,2026-08-04T00:00:00+02:00,36553625,0
3107,Konaté,2026-08-05T00:00:00+02:00,38240206,0
3107,Konaté,2026-08-06T00:00:00+02:00,39577425,0
3107,Konaté,2026-08-07T00:00:00+02:00,41152323,0
3107,Konaté,2026-08-08T00:00:00+02:00,42902150,0
3107,Konaté,2026-08-09T00:00:00+02:00,44278510,0
3107,Konaté,2026-08-10T00:00:00+02:00,45605906,0
3107,Konaté,2026-08-11T00:00:00+02:00,46892184,0
3107,Konaté,2026-08-12T00:00:00+02:00,47904332,0
3107,Konaté,2026-08-13T00:00:00+02:00,48554550,0
3107,Konaté,2026-08-14T00:00:00+02:00,48926285,0
3107,Konaté,2026-08-15T00:00:00+02:00,48947305,0
3107,Konaté,2026-08-16T00:00:00+02:00,48735216,0
3111,Cabello,2026-07-29T00:00:00+02:00,1316332,0
3111,Cabello,2026-07-30T00:00:00+02:00,1278095,0
3111,Cabello,2026-07-31T00:00:00+02:00,1240936,0
3111,Cabello,2026-08-01T00:00:00+02:00,1205573,0
3111,Cabello,2026-08-02T00:00:00+02:00,1172333,0
3111,Cabello,2026-08-03T00:00:00+02:00,1139848,0
3111,Cabello,2026-08-04T00:00:00+02:00,1107997,0
3111,Cabello,2026-08-05T00:00:00+02:00,1077491,0
3111,Cabello,2026-08-06T00:00:00+02:00,1047710,0
3111,Cabello,2026-08-07T00:00:00+02:00,1019219,0
3111,Cabello,2026-08-08T00:00:00+02:00,992350,0
3111,Cabello,2026-08-09T00:00:00+02:00,967572,0
3111,Cabello,2026-08-10T00:00:00+02:00,944005,0
3111,Cabello,2026-08-11T00:00:00+02:00,920290,0
3111,Cabello,2026-08-12T00:00:00+02:00,897129,0
3111,Cabello,2026-08-13T00:00:00+02:00,873784,0
3111,Cabello,2026-08-14T00:00:00+02:00,853840,0
3111,Cabello,2026-08-15T00:00:00+02:00,837296,0
3111,Cabello,2026-08-16T00:00:00+02:00,819073,0
3115,Diaby,2026-08-03T00:00:00+02:00,1435318,0
3115,Diaby,2026-08-04T00:00:00+02:00,1391648,0
3115,Diaby,2026-08-05T00:00:00+02:00,1358595,0
3115,Diaby,2026-08-06T00:00:00+02:00,1323657,0
3115,Diaby,2026-08-07T00:00:00+02:00,1290354,0
3115,Diaby,2026-08-08T00:00:00+02:00,1258787,0
3115,Diaby,2026-08-09T00:00:00+02:00,1228402,0
3115,Diaby,2026-08-10T00:00:00+02:00,1199869,0
3115,Diaby,2026-08-11T00:00:00+02:00,1173325,0
3115,Diaby,2026-08-12T00:00:00+02:00,1145955,0
3115,Diaby,2026-08-13T00:00:00+02:00,1119372,0
3115,Diaby,2026-08-14T00:00:00+02:00,1102141,0
3115,Diaby,2026-08-15T00:00:00+02:00,1085970,0
3115,Diaby,2026-08-16T00:00:00+02:00,1067303,0
3120,De Haas,2026-08-06T00:00:00+02:00,8745558,0
3120,De Haas,2026-08-07T00:00:00+02:00,8454407,0
3120,De Haas,2026-08-08T00:00:00+02:00,8423308,0
3120,De Haas,2026-08-09T00:00:00+02:00,8457102,0
3120,De Haas,2026-08-10T00:00:00+02:00,8531553,0
3120,De Haas,2026-08-11T00:00:00+02:00,8658740,0
3120,De Haas,2026-08-12T00:00:00+02:00,8768410,0
3120,De Haas,2026-08-13T00:00:00+02:00,8868579,0
3120,De Haas,2026-08-14T00:00:00+02:00,8973653,0
3120,De Haas,2026-08-15T00:00:00+02:00,9112917,0
3120,De Haas,2026-08-16T00:00:00+02:00,9187200,0
3123,Marcos Alonso,2026-08-07T00:00:00+02:00,32332890,0
3123,Marcos Alonso,2026-08-08T00:00:00+02:00,31264288,0
3123,Marcos Alonso,2026-08-09T00:00:00+02:00,30768214,0
3123,Marcos Alonso,2026-08-10T00:00:00+02:00,30370576,0
3123,Marcos Alonso,2026-08-11T00:00:00+02:00,30075745,0
3123,Marcos Alonso,2026-08-12T00:00:00+02:00,29838399,0
3123,Marcos Alonso,2026-08-13T00:00:00+02:00,29535248,0
3123,Marcos Alonso,2026-08-14T00:00:00+02:00,29398029,0
3123,Marcos Alonso,2026-08-15T00:00:00+02:00,29327443,0
3123,Marcos Alonso,2026-08-16T00:00:00+02:00,29194974,0
3132,J. Berrocal,2026-08-13T00:00:00+02:00,1736642,0
3132,J. Berrocal,2026-08-14T00:00:00+02:00,1678992,0
3132,J. Berrocal,2026-08-15T00:00:00+02:00,1647250,0
3132,J. Berrocal,2026-08-16T00:00:00+02:00,1610901,0
3134,Saba Sazonov,2026-08-13T00:00:00+02:00,1302481,0
3134,Saba Sazonov,2026-08-14T00:00:00+02:00,1262198,0
3134,Saba Sazonov,2026-08-15T00:00:00+02:00,1246455,0
3134,Saba Sazonov,2026-08-16T00:00:00+02:00,1224989,0
3138,Sangante,2026-08-13T00:00:00+02:00,9117373,0
3138,Sangante,2026-08-14T00:00:00+02:00,8806545,0
3138,Sangante,2026-08-15T00:00:00+02:00,8791987,0
3138,Sangante,2026-08-16T00:00:00+02:00,8738243,0
3139,Pedro Felipe,2026-08-13T00:00:00+02:00,2713503,0
3139,Pedro Felipe,2026-08-14T00:00:00+02:00,2621038,0
3139,Pedro Felipe,2026-08-15T00:00:00+02:00,2607711,0
3139,Pedro Felipe,2026-08-16T00:00:00+02:00,2582308,0
3142,Angeliño,2026-08-13T00:00:00+02:00,15738323,0
3142,Angeliño,2026-08-14T00:00:00+02:00,15202039,0
3142,Angeliño,2026-08-15T00:00:00+02:00,15312339,0
3142,Angeliño,2026-08-16T00:00:00+02:00,15410370,0
3146,Kumbulla,2026-08-14T00:00:00+02:00,5929902,0
3146,Kumbulla,2026-08-15T00:00:00+02:00,5731166,0
3146,Kumbulla,2026-08-16T00:00:00+02:00,5583714,0
3149,Bright Ede,2026-08-14T00:00:00+02:00,2911043,0
3149,Bright Ede,2026-08-15T00:00:00+02:00,2813482,0
3149,Bright Ede,2026-08-16T00:00:00+02:00,2800889,0
3150,Mojica,2026-08-14T00:00:00+02:00,12398886,0
3150,Mojica,2026-08-15T00:00:00+02:00,11983348,0
3150,Mojica,2026-08-16T00:00:00+02:00,11722060,0
3155,Grimaldo,2026-08-14T00:00:00+02:00,49056465,0
3155,Grimaldo,2026-08-15T00:00:00+02:00,47412381,0
3155,Grimaldo,2026-08-16T00:00:00+02:00,46720146,0
3156,Valentini,2026-08-14T00:00:00+02:00,1293796,0
3156,Valentini,2026-08-15T00:00:00+02:00,1255015,0
3156,Valentini,2026-08-16T00:00:00+02:00,1219733,0
3157,Pelayo,2026-08-14T00:00:00+02:00,1078164,0
3157,Pelayo,2026-08-15T00:00:00+02:00,1048009,0
3157,Pelayo,2026-08-16T00:00:00+02:00,1021007,0
3158,Diarra,2026-08-14T00:00:00+02:00,1185980,0
3158,Diarra,2026-08-15T00:00:00+02:00,1151512,0
3158,Diarra,2026-08-16T00:00:00+02:00,1120370,0
3159,Novoa,2026-08-14T00:00:00+02:00,970347,0
3159,Novoa,2026-08-15T00:00:00+02:00,944504,0
3159,Novoa,2026-08-16T00:00:00+02:00,921642,0
92,Vesga,2026-06-29T00:00:00+02:00,3200000,0
92,Vesga,2026-06-30T00:00:00+02:00,3200000,0
92,Vesga,2026-07-01T00:00:00+02:00,3200000,0
92,Vesga,2026-07-02T00:00:00+02:00,3200000,0
92,Vesga,2026-07-03T00:00:00+02:00,3201519,0
92,Vesga,2026-07-04T00:00:00+02:00,3205234,0
92,Vesga,2026-07-05T00:00:00+02:00,3208400,0
92,Vesga,2026-07-06T00:00:00+02:00,3212361,0
92,Vesga,2026-07-07T00:00:00+02:00,3212195,0
92,Vesga,2026-07-08T00:00:00+02:00,3125370,0
92,Vesga,2026-07-09T00:00:00+02:00,3038498,0
92,Vesga,2026-07-10T00:00:00+02:00,2952185,0
92,Vesga,2026-07-11T00:00:00+02:00,2867577,0
92,Vesga,2026-07-12T00:00:00+02:00,2777900,0
92,Vesga,2026-07-13T00:00:00+02:00,2696880,0
92,Vesga,2026-07-14T00:00:00+02:00,2613431,0
92,Vesga,2026-07-15T00:00:00+02:00,2533819,0
92,Vesga,2026-07-16T00:00:00+02:00,2461909,0
92,Vesga,2026-07-17T00:00:00+02:00,2393215,0
92,Vesga,2026-07-18T00:00:00+02:00,2324590,0
92,Vesga,2026-07-19T00:00:00+02:00,2257380,0
92,Vesga,2026-07-20T00:00:00+02:00,2196122,0
92,Vesga,2026-07-21T00:00:00+02:00,2132794,0
92,Vesga,2026-07-22T00:00:00+02:00,2067213,0
92,Vesga,2026-07-23T00:00:00+02:00,2011033,0
92,Vesga,2026-07-24T00:00:00+02:00,1953180,0
92,Vesga,2026-07-25T00:00:00+02:00,1897995,0
92,Vesga,2026-07-26T00:00:00+02:00,1845315,0
92,Vesga,2026-07-27T00:00:00+02:00,1793465,0
92,Vesga,2026-07-28T00:00:00+02:00,1747922,0
92,Vesga,2026-07-29T00:00:00+02:00,1698620,0
92,Vesga,2026-07-30T00:00:00+02:00,1654526,0
92,Vesga,2026-07-31T00:00:00+02:00,1607913,0
92,Vesga,2026-08-01T00:00:00+02:00,1566041,0
270,Guevara,2026-06-29T00:00:00+02:00,3000000,0
270,Guevara,2026-06-30T00:00:00+02:00,3000000,0
270,Guevara,2026-07-01T00:00:00+02:00,3000000,0
270,Guevara,2026-07-02T00:00:00+02:00,3000000,0
270,Guevara,2026-07-03T00:00:00+02:00,3001424,0
270,Guevara,2026-07-04T00:00:00+02:00,3004907,0
270,Guevara,2026-07-05T00:00:00+02:00,3007875,0
270,Guevara,2026-07-06T00:00:00+02:00,3011588,0
270,Guevara,2026-07-07T00:00:00+02:00,3011432,0
270,Guevara,2026-07-08T00:00:00+02:00,2942765,0
270,Guevara,2026-07-09T00:00:00+02:00,2866144,0
270,Guevara,2026-07-10T00:00:00+02:00,2782195,0
270,Guevara,2026-07-11T00:00:00+02:00,2703467,0
270,Guevara,2026-07-12T00:00:00+02:00,2625152,0
270,Guevara,2026-07-13T00:00:00+02:00,2550183,0
270,Guevara,2026-07-14T00:00:00+02:00,2479001,0
270,Guevara,2026-07-15T00:00:00+02:00,2404941,0
270,Guevara,2026-07-16T00:00:00+02:00,2336310,0
270,Guevara,2026-07-17T00:00:00+02:00,2272216,0
270,Guevara,2026-07-18T00:00:00+02:00,2207584,0
270,Guevara,2026-07-19T00:00:00+02:00,2146162,0
270,Guevara,2026-07-20T00:00:00+02:00,2089482,0
270,Guevara,2026-07-21T00:00:00+02:00,2033538,0
270,Guevara,2026-07-22T00:00:00+02:00,1975544,0
270,Guevara,2026-07-23T00:00:00+02:00,1924737,0
270,Guevara,2026-07-24T00:00:00+02:00,1872110,0
270,Guevara,2026-07-25T00:00:00+02:00,1822916,0
270,Guevara,2026-07-26T00:00:00+02:00,1776855,0
270,Guevara,2026-07-27T00:00:00+02:00,1734870,0
270,Guevara,2026-07-28T00:00:00+02:00,1694252,0
270,Guevara,2026-07-29T00:00:00+02:00,1650807,0
270,Guevara,2026-07-30T00:00:00+02:00,1607271,0
270,Guevara,2026-07-31T00:00:00+02:00,1565968,0
270,Guevara,2026-08-01T00:00:00+02:00,1530983,0
270,Guevara,2026-08-02T00:00:00+02:00,1494614,0
270,Guevara,2026-08-03T00:00:00+02:00,1456829,0
270,Guevara,2026-08-04T00:00:00+02:00,1421661,0
270,Guevara,2026-08-05T00:00:00+02:00,1386989,0
270,Guevara,2026-08-06T00:00:00+02:00,1352525,0
270,Guevara,2026-08-07T00:00:00+02:00,1320921,0
270,Guevara,2026-08-08T00:00:00+02:00,1292995,0
270,Guevara,2026-08-09T00:00:00+02:00,1265432,0
270,Guevara,2026-08-10T00:00:00+02:00,1239403,0
270,Guevara,2026-08-11T00:00:00+02:00,1216336,0
270,Guevara,2026-08-12T00:00:00+02:00,1193572,0
270,Guevara,2026-08-13T00:00:00+02:00,1167959,0
270,Guevara,2026-08-14T00:00:00+02:00,1148461,0
270,Guevara,2026-08-15T00:00:00+02:00,1130525,0
270,Guevara,2026-08-16T00:00:00+02:00,1111411,0
581,Rioja,2026-06-29T00:00:00+02:00,25000000,0
581,Rioja,2026-06-30T00:00:00+02:00,25000000,0
581,Rioja,2026-07-01T00:00:00+02:00,25000000,0
581,Rioja,2026-07-02T00:00:00+02:00,25000000,0
581,Rioja,2026-07-03T00:00:00+02:00,25011874,0
581,Rioja,2026-07-04T00:00:00+02:00,25040899,0
581,Rioja,2026-07-05T00:00:00+02:00,25065638,0
581,Rioja,2026-07-06T00:00:00+02:00,25096585,0
581,Rioja,2026-07-07T00:00:00+02:00,25095288,0
581,Rioja,2026-07-08T00:00:00+02:00,24850344,0
581,Rioja,2026-07-09T00:00:00+02:00,24598850,0
581,Rioja,2026-07-10T00:00:00+02:00,24290361,0
581,Rioja,2026-07-11T00:00:00+02:00,23978778,0
581,Rioja,2026-07-12T00:00:00+02:00,23756341,0
581,Rioja,2026-07-13T00:00:00+02:00,23531518,0
581,Rioja,2026-07-14T00:00:00+02:00,23208145,0
581,Rioja,2026-07-15T00:00:00+02:00,22910003,0
581,Rioja,2026-07-16T00:00:00+02:00,22686156,0
581,Rioja,2026-07-17T00:00:00+02:00,22457104,0
581,Rioja,2026-07-18T00:00:00+02:00,22262455,0
581,Rioja,2026-07-19T00:00:00+02:00,21936340,0
581,Rioja,2026-07-20T00:00:00+02:00,21763934,0
581,Rioja,2026-07-21T00:00:00+02:00,21483913,0
581,Rioja,2026-07-22T00:00:00+02:00,21117177,0
581,Rioja,2026-07-23T00:00:00+02:00,20820090,0
581,Rioja,2026-07-24T00:00:00+02:00,20515712,0
581,Rioja,2026-07-25T00:00:00+02:00,20253313,0
581,Rioja,2026-07-26T00:00:00+02:00,19989703,0
581,Rioja,2026-07-27T00:00:00+02:00,19681381,0
581,Rioja,2026-07-28T00:00:00+02:00,19403216,0
581,Rioja,2026-07-29T00:00:00+02:00,19117346,0
581,Rioja,2026-07-30T00:00:00+02:00,18903599,0
581,Rioja,2026-07-31T00:00:00+02:00,18636231,0
581,Rioja,2026-08-01T00:00:00+02:00,18413849,0
581,Rioja,2026-08-02T00:00:00+02:00,18230427,0
581,Rioja,2026-08-03T00:00:00+02:00,18015523,0
581,Rioja,2026-08-04T00:00:00+02:00,17789069,0
581,Rioja,2026-08-05T00:00:00+02:00,17371741,0
581,Rioja,2026-08-06T00:00:00+02:00,16816848,0
581,Rioja,2026-08-07T00:00:00+02:00,16282384,0
581,Rioja,2026-08-08T00:00:00+02:00,15770148,0
581,Rioja,2026-08-09T00:00:00+02:00,15285095,0
581,Rioja,2026-08-10T00:00:00+02:00,14816383,0
581,Rioja,2026-08-11T00:00:00+02:00,14347285,0
581,Rioja,2026-08-12T00:00:00+02:00,13893308,0
581,Rioja,2026-08-13T00:00:00+02:00,13445978,0
581,Rioja,2026-08-14T00:00:00+02:00,13013910,0
581,Rioja,2026-08-15T00:00:00+02:00,12607262,0
581,Rioja,2026-08-16T00:00:00+02:00,12229053,0
637,Moncayola,2026-06-29T00:00:00+02:00,6000000,0
637,Moncayola,2026-06-30T00:00:00+02:00,6000000,0
637,Moncayola,2026-07-01T00:00:00+02:00,6000000,0
637,Moncayola,2026-07-02T00:00:00+02:00,6000000,0
637,Moncayola,2026-07-03T00:00:00+02:00,6002849,0
637,Moncayola,2026-07-04T00:00:00+02:00,6009815,0
637,Moncayola,2026-07-05T00:00:00+02:00,6015752,0
637,Moncayola,2026-07-06T00:00:00+02:00,6023179,0
637,Moncayola,2026-07-07T00:00:00+02:00,6022867,0
637,Moncayola,2026-07-08T00:00:00+02:00,6081673,0
637,Moncayola,2026-07-09T00:00:00+02:00,6102229,0
637,Moncayola,2026-07-10T00:00:00+02:00,6143212,0
637,Moncayola,2026-07-11T00:00:00+02:00,6215253,0
637,Moncayola,2026-07-12T00:00:00+02:00,6145185,0
637,Moncayola,2026-07-13T00:00:00+02:00,6089877,0
637,Moncayola,2026-07-14T00:00:00+02:00,6014011,0
637,Moncayola,2026-07-15T00:00:00+02:00,5938281,0
637,Moncayola,2026-07-16T00:00:00+02:00,5884764,0
637,Moncayola,2026-07-17T00:00:00+02:00,5814173,0
637,Moncayola,2026-07-18T00:00:00+02:00,5790528,0
637,Moncayola,2026-07-19T00:00:00+02:00,5778009,0
637,Moncayola,2026-07-20T00:00:00+02:00,5729388,0
637,Moncayola,2026-07-21T00:00:00+02:00,5703601,0
637,Moncayola,2026-07-22T00:00:00+02:00,5639108,0
637,Moncayola,2026-07-23T00:00:00+02:00,5628889,0
637,Moncayola,2026-07-24T00:00:00+02:00,5605600,0
637,Moncayola,2026-07-25T00:00:00+02:00,5579654,0
637,Moncayola,2026-07-26T00:00:00+02:00,5552808,0
637,Moncayola,2026-07-27T00:00:00+02:00,5534941,0
637,Moncayola,2026-07-28T00:00:00+02:00,5506508,0
637,Moncayola,2026-07-29T00:00:00+02:00,5508557,0
637,Moncayola,2026-07-30T00:00:00+02:00,5515867,0
637,Moncayola,2026-07-31T00:00:00+02:00,5514269,0
637,Moncayola,2026-08-01T00:00:00+02:00,5570863,0
637,Moncayola,2026-08-02T00:00:00+02:00,5648832,0
637,Moncayola,2026-08-03T00:00:00+02:00,5758172,0
637,Moncayola,2026-08-04T00:00:00+02:00,5866467,0
637,Moncayola,2026-08-05T00:00:00+02:00,5964240,0
637,Moncayola,2026-08-06T00:00:00+02:00,6055561,0
637,Moncayola,2026-08-07T00:00:00+02:00,6101180,0
637,Moncayola,2026-08-08T00:00:00+02:00,6169967,0
637,Moncayola,2026-08-09T00:00:00+02:00,6252633,0
637,Moncayola,2026-08-10T00:00:00+02:00,6341824,0
637,Moncayola,2026-08-11T00:00:00+02:00,6443291,0
637,Moncayola,2026-08-12T00:00:00+02:00,6523552,0
637,Moncayola,2026-08-13T00:00:00+02:00,6580213,0
637,Moncayola,2026-08-14T00:00:00+02:00,6666781,0
637,Moncayola,2026-08-15T00:00:00+02:00,6790699,0
637,Moncayola,2026-08-16T00:00:00+02:00,6856268,0
652,Rubén García,2026-06-29T00:00:00+02:00,18000000,0
652,Rubén García,2026-06-30T00:00:00+02:00,18000000,0
652,Rubén García,2026-07-01T00:00:00+02:00,18000000,0
652,Rubén García,2026-07-02T00:00:00+02:00,18000000,0
652,Rubén García,2026-07-03T00:00:00+02:00,18008549,0
652,Rubén García,2026-07-04T00:00:00+02:00,18029447,0
652,Rubén García,2026-07-05T00:00:00+02:00,17345218,0
652,Rubén García,2026-07-06T00:00:00+02:00,17366633,0
652,Rubén García,2026-07-07T00:00:00+02:00,17365736,0
652,Rubén García,2026-07-08T00:00:00+02:00,17533811,0
652,Rubén García,2026-07-09T00:00:00+02:00,17547598,0
652,Rubén García,2026-07-10T00:00:00+02:00,17438623,0
652,Rubén García,2026-07-11T00:00:00+02:00,17300068,0
652,Rubén García,2026-07-12T00:00:00+02:00,17153921,0
652,Rubén García,2026-07-13T00:00:00+02:00,17003017,0
652,Rubén García,2026-07-14T00:00:00+02:00,16878898,0
652,Rubén García,2026-07-15T00:00:00+02:00,16715747,0
652,Rubén García,2026-07-16T00:00:00+02:00,16461820,0
652,Rubén García,2026-07-17T00:00:00+02:00,16349529,0
652,Rubén García,2026-07-18T00:00:00+02:00,16206111,0
652,Rubén García,2026-07-19T00:00:00+02:00,15981711,0
652,Rubén García,2026-07-20T00:00:00+02:00,15820240,0
652,Rubén García,2026-07-21T00:00:00+02:00,15666137,0
652,Rubén García,2026-07-22T00:00:00+02:00,15392857,0
652,Rubén García,2026-07-23T00:00:00+02:00,15267965,0
652,Rubén García,2026-07-24T00:00:00+02:00,15097234,0
652,Rubén García,2026-07-25T00:00:00+02:00,15005277,0
652,Rubén García,2026-07-26T00:00:00+02:00,14904600,0
652,Rubén García,2026-07-27T00:00:00+02:00,14737938,0
652,Rubén García,2026-07-28T00:00:00+02:00,14566810,0
652,Rubén García,2026-07-29T00:00:00+02:00,14375140,0
652,Rubén García,2026-07-30T00:00:00+02:00,14261025,0
652,Rubén García,2026-07-31T00:00:00+02:00,14080059,0
652,Rubén García,2026-08-01T00:00:00+02:00,13920959,0
652,Rubén García,2026-08-02T00:00:00+02:00,13810579,0
652,Rubén García,2026-08-03T00:00:00+02:00,13677373,0
652,Rubén García,2026-08-04T00:00:00+02:00,13540526,0
652,Rubén García,2026-08-05T00:00:00+02:00,13409804,0
652,Rubén García,2026-08-06T00:00:00+02:00,13287900,0
652,Rubén García,2026-08-07T00:00:00+02:00,13148812,0
652,Rubén García,2026-08-08T00:00:00+02:00,13057262,0
652,Rubén García,2026-08-09T00:00:00+02:00,13014587,0
652,Rubén García,2026-08-10T00:00:00+02:00,13014245,0
652,Rubén García,2026-08-11T00:00:00+02:00,13084752,0
652,Rubén García,2026-08-12T00:00:00+02:00,13261981,0
652,Rubén García,2026-08-13T00:00:00+02:00,13412205,0
652,Rubén García,2026-08-14T00:00:00+02:00,13551964,0
652,Rubén García,2026-08-15T00:00:00+02:00,13754249,0
652,Rubén García,2026-08-16T00:00:00+02:00,13858194,0
680,Moi Gómez,2026-06-29T00:00:00+02:00,5000000,0
680,Moi Gómez,2026-06-30T00:00:00+02:00,5000000,0
680,Moi Gómez,2026-07-01T00:00:00+02:00,5000000,0
680,Moi Gómez,2026-07-02T00:00:00+02:00,5000000,0
680,Moi Gómez,2026-07-03T00:00:00+02:00,5002374,0
680,Moi Gómez,2026-07-04T00:00:00+02:00,4812574,0
680,Moi Gómez,2026-07-05T00:00:00+02:00,4817328,0
680,Moi Gómez,2026-07-06T00:00:00+02:00,4823275,0
680,Moi Gómez,2026-07-07T00:00:00+02:00,4823025,0
680,Moi Gómez,2026-07-08T00:00:00+02:00,4785608,0
680,Moi Gómez,2026-07-09T00:00:00+02:00,4665571,0
680,Moi Gómez,2026-07-10T00:00:00+02:00,4539588,0
680,Moi Gómez,2026-07-11T00:00:00+02:00,4419860,0
680,Moi Gómez,2026-07-12T00:00:00+02:00,4294521,0
680,Moi Gómez,2026-07-13T00:00:00+02:00,4180623,0
680,Moi Gómez,2026-07-14T00:00:00+02:00,4068351,0
680,Moi Gómez,2026-07-15T00:00:00+02:00,3962343,0
680,Moi Gómez,2026-07-16T00:00:00+02:00,3857158,0
680,Moi Gómez,2026-07-17T00:00:00+02:00,3760812,0
680,Moi Gómez,2026-07-18T00:00:00+02:00,3672932,0
680,Moi Gómez,2026-07-19T00:00:00+02:00,3580192,0
680,Moi Gómez,2026-07-20T00:00:00+02:00,3492350,0
680,Moi Gómez,2026-07-21T00:00:00+02:00,3409221,0
680,Moi Gómez,2026-07-22T00:00:00+02:00,3320248,0
680,Moi Gómez,2026-07-23T00:00:00+02:00,3259866,0
680,Moi Gómez,2026-07-24T00:00:00+02:00,3175750,0
680,Moi Gómez,2026-07-25T00:00:00+02:00,3100396,0
680,Moi Gómez,2026-07-26T00:00:00+02:00,3029278,0
680,Moi Gómez,2026-07-27T00:00:00+02:00,2958840,0
680,Moi Gómez,2026-07-28T00:00:00+02:00,2903642,0
680,Moi Gómez,2026-07-29T00:00:00+02:00,2836770,0
680,Moi Gómez,2026-07-30T00:00:00+02:00,2771023,0
680,Moi Gómez,2026-07-31T00:00:00+02:00,2708351,0
680,Moi Gómez,2026-08-01T00:00:00+02:00,2647474,0
680,Moi Gómez,2026-08-02T00:00:00+02:00,2589912,0
680,Moi Gómez,2026-08-03T00:00:00+02:00,2529402,0
680,Moi Gómez,2026-08-04T00:00:00+02:00,2472114,0
680,Moi Gómez,2026-08-05T00:00:00+02:00,2413212,0
680,Moi Gómez,2026-08-06T00:00:00+02:00,2361001,0
680,Moi Gómez,2026-08-07T00:00:00+02:00,2312860,0
680,Moi Gómez,2026-08-08T00:00:00+02:00,2264999,0
680,Moi Gómez,2026-08-09T00:00:00+02:00,2224017,0
680,Moi Gómez,2026-08-10T00:00:00+02:00,2183965,0
680,Moi Gómez,2026-08-11T00:00:00+02:00,2146365,0
680,Moi Gómez,2026-08-12T00:00:00+02:00,2112975,0
680,Moi Gómez,2026-08-13T00:00:00+02:00,2079174,0
680,Moi Gómez,2026-08-14T00:00:00+02:00,2046402,0
680,Moi Gómez,2026-08-15T00:00:00+02:00,2022350,0
680,Moi Gómez,2026-08-16T00:00:00+02:00,1996547,0
701,Barrenetxea,2026-06-29T00:00:00+02:00,32000000,0
701,Barrenetxea,2026-06-30T00:00:00+02:00,32000000,0
701,Barrenetxea,2026-07-01T00:00:00+02:00,32000000,0
701,Barrenetxea,2026-07-02T00:00:00+02:00,32000000,0
701,Barrenetxea,2026-07-03T00:00:00+02:00,32015199,0
701,Barrenetxea,2026-07-04T00:00:00+02:00,32052351,0
701,Barrenetxea,2026-07-05T00:00:00+02:00,32084017,0
701,Barrenetxea,2026-07-06T00:00:00+02:00,32123629,0
701,Barrenetxea,2026-07-07T00:00:00+02:00,32121969,0
701,Barrenetxea,2026-07-08T00:00:00+02:00,32327718,0
701,Barrenetxea,2026-07-09T00:00:00+02:00,32430797,0
701,Barrenetxea,2026-07-10T00:00:00+02:00,32390649,0
701,Barrenetxea,2026-07-11T00:00:00+02:00,32610495,0
701,Barrenetxea,2026-07-12T00:00:00+02:00,32947341,0
701,Barrenetxea,2026-07-13T00:00:00+02:00,33506297,0
701,Barrenetxea,2026-07-14T00:00:00+02:00,34081970,0
701,Barrenetxea,2026-07-15T00:00:00+02:00,34545745,0
701,Barrenetxea,2026-07-16T00:00:00+02:00,35456506,0
701,Barrenetxea,2026-07-17T00:00:00+02:00,36201871,0
701,Barrenetxea,2026-07-18T00:00:00+02:00,37101783,0
701,Barrenetxea,2026-07-19T00:00:00+02:00,37785362,0
701,Barrenetxea,2026-07-20T00:00:00+02:00,38471217,0
701,Barrenetxea,2026-07-21T00:00:00+02:00,39172520,0
701,Barrenetxea,2026-07-22T00:00:00+02:00,39278187,0
701,Barrenetxea,2026-07-23T00:00:00+02:00,39918204,0
701,Barrenetxea,2026-07-24T00:00:00+02:00,40257081,0
701,Barrenetxea,2026-07-25T00:00:00+02:00,40767570,0
701,Barrenetxea,2026-07-26T00:00:00+02:00,41016790,0
701,Barrenetxea,2026-07-27T00:00:00+02:00,41278612,0
701,Barrenetxea,2026-07-28T00:00:00+02:00,41529776,0
701,Barrenetxea,2026-07-29T00:00:00+02:00,41375997,0
701,Barrenetxea,2026-07-30T00:00:00+02:00,41082420,0
701,Barrenetxea,2026-07-31T00:00:00+02:00,40381825,0
701,Barrenetxea,2026-08-01T00:00:00+02:00,39678849,0
701,Barrenetxea,2026-08-02T00:00:00+02:00,39027097,0
701,Barrenetxea,2026-08-03T00:00:00+02:00,38415869,0
701,Barrenetxea,2026-08-04T00:00:00+02:00,37791148,0
701,Barrenetxea,2026-08-05T00:00:00+02:00,37126279,0
701,Barrenetxea,2026-08-06T00:00:00+02:00,36489321,0
701,Barrenetxea,2026-08-07T00:00:00+02:00,35905203,0
701,Barrenetxea,2026-08-08T00:00:00+02:00,35424737,0
701,Barrenetxea,2026-08-09T00:00:00+02:00,34991987,0
701,Barrenetxea,2026-08-10T00:00:00+02:00,34509936,0
701,Barrenetxea,2026-08-11T00:00:00+02:00,34034331,0
701,Barrenetxea,2026-08-12T00:00:00+02:00,33674547,0
701,Barrenetxea,2026-08-13T00:00:00+02:00,33290773,0
701,Barrenetxea,2026-08-14T00:00:00+02:00,33021551,0
701,Barrenetxea,2026-08-15T00:00:00+02:00,32932878,0
701,Barrenetxea,2026-08-16T00:00:00+02:00,32862621,0
856,Guridi,2026-06-29T00:00:00+02:00,5000000,0
856,Guridi,2026-06-30T00:00:00+02:00,5000000,0
856,Guridi,2026-07-01T00:00:00+02:00,5000000,0
856,Guridi,2026-07-02T00:00:00+02:00,5000000,0
856,Guridi,2026-07-03T00:00:00+02:00,5002374,0
856,Guridi,2026-07-04T00:00:00+02:00,5008179,0
856,Guridi,2026-07-05T00:00:00+02:00,5013126,0
856,Guridi,2026-07-06T00:00:00+02:00,5019315,0
856,Guridi,2026-08-13T00:00:00+02:00,4849438,0
856,Guridi,2026-08-14T00:00:00+02:00,4684272,0
856,Guridi,2026-08-15T00:00:00+02:00,4787386,0
856,Guridi,2026-08-16T00:00:00+02:00,4848535,0
873,Torró,2026-06-29T00:00:00+02:00,4200000,0
873,Torró,2026-06-30T00:00:00+02:00,4200000,0
873,Torró,2026-07-01T00:00:00+02:00,4200000,0
873,Torró,2026-07-02T00:00:00+02:00,4200000,0
873,Torró,2026-07-03T00:00:00+02:00,4201994,0
873,Torró,2026-07-04T00:00:00+02:00,4206870,0
873,Torró,2026-07-05T00:00:00+02:00,4211026,0
873,Torró,2026-07-06T00:00:00+02:00,4216225,0
873,Torró,2026-07-07T00:00:00+02:00,4216007,0
873,Torró,2026-07-08T00:00:00+02:00,4171786,0
873,Torró,2026-07-09T00:00:00+02:00,4192228,0
873,Torró,2026-07-10T00:00:00+02:00,4195089,0
873,Torró,2026-07-11T00:00:00+02:00,4114449,0
873,Torró,2026-07-12T00:00:00+02:00,4031553,0
873,Torró,2026-07-13T00:00:00+02:00,3944143,0
873,Torró,2026-07-14T00:00:00+02:00,3854587,0
873,Torró,2026-07-15T00:00:00+02:00,3762866,0
873,Torró,2026-07-16T00:00:00+02:00,3682801,0
873,Torró,2026-07-17T00:00:00+02:00,3604969,0
873,Torró,2026-07-18T00:00:00+02:00,3526630,0
873,Torró,2026-07-19T00:00:00+02:00,3457205,0
873,Torró,2026-07-20T00:00:00+02:00,3388776,0
873,Torró,2026-07-21T00:00:00+02:00,3331003,0
873,Torró,2026-07-22T00:00:00+02:00,3265691,0
873,Torró,2026-07-23T00:00:00+02:00,3207451,0
873,Torró,2026-07-24T00:00:00+02:00,3156503,0
873,Torró,2026-07-25T00:00:00+02:00,3113343,0
873,Torró,2026-07-26T00:00:00+02:00,3077681,0
873,Torró,2026-07-27T00:00:00+02:00,3035504,0
873,Torró,2026-07-28T00:00:00+02:00,2995853,0
873,Torró,2026-07-29T00:00:00+02:00,2953455,0
873,Torró,2026-07-30T00:00:00+02:00,2908958,0
873,Torró,2026-07-31T00:00:00+02:00,2871371,0
873,Torró,2026-08-01T00:00:00+02:00,2833463,0
873,Torró,2026-08-02T00:00:00+02:00,2801962,0
873,Torró,2026-08-03T00:00:00+02:00,2762434,0
873,Torró,2026-08-04T00:00:00+02:00,2729374,0
873,Torró,2026-08-05T00:00:00+02:00,2700510,0
873,Torró,2026-08-06T00:00:00+02:00,2671384,0
873,Torró,2026-08-07T00:00:00+02:00,2645153,0
873,Torró,2026-08-08T00:00:00+02:00,2619937,0
873,Torró,2026-08-09T00:00:00+02:00,2595332,0
873,Torró,2026-08-10T00:00:00+02:00,2573160,0
873,Torró,2026-08-11T00:00:00+02:00,2554830,0
873,Torró,2026-08-12T00:00:00+02:00,2535618,0
873,Torró,2026-08-13T00:00:00+02:00,2513600,0
873,Torró,2026-08-14T00:00:00+02:00,2498122,0
873,Torró,2026-08-15T00:00:00+02:00,2483512,0
873,Torró,2026-08-16T00:00:00+02:00,2466986,0
1029,Álvaro García,2026-06-29T00:00:00+02:00,12000000,0
1029,Álvaro García,2026-06-30T00:00:00+02:00,12000000,0
1029,Álvaro García,2026-07-01T00:00:00+02:00,12000000,0
1029,Álvaro García,2026-07-02T00:00:00+02:00,12000000,0
1029,Álvaro García,2026-07-03T00:00:00+02:00,12005699,0
1029,Álvaro García,2026-07-04T00:00:00+02:00,12019631,0
1029,Álvaro García,2026-07-05T00:00:00+02:00,12031505,0
1029,Álvaro García,2026-07-06T00:00:00+02:00,12046359,0
1029,Álvaro García,2026-07-07T00:00:00+02:00,12045736,0
1029,Álvaro García,2026-07-08T00:00:00+02:00,12156372,0
1029,Álvaro García,2026-07-09T00:00:00+02:00,12234130,0
1029,Álvaro García,2026-07-10T00:00:00+02:00,12511797,0
1029,Álvaro García,2026-07-11T00:00:00+02:00,12686034,0
1029,Álvaro García,2026-07-12T00:00:00+02:00,12742804,0
1029,Álvaro García,2026-07-13T00:00:00+02:00,12816100,0
1029,Álvaro García,2026-07-14T00:00:00+02:00,12890068,0
1029,Álvaro García,2026-07-15T00:00:00+02:00,13007483,0
1029,Álvaro García,2026-07-16T00:00:00+02:00,13202265,0
1029,Álvaro García,2026-07-17T00:00:00+02:00,13329229,0
1029,Álvaro García,2026-07-18T00:00:00+02:00,13535857,0
1029,Álvaro García,2026-07-19T00:00:00+02:00,13620073,0
1029,Álvaro García,2026-07-20T00:00:00+02:00,13772943,0
1029,Álvaro García,2026-07-21T00:00:00+02:00,13850657,0
1029,Álvaro García,2026-07-22T00:00:00+02:00,13842022,0
1029,Álvaro García,2026-07-23T00:00:00+02:00,13922794,0
1029,Álvaro García,2026-07-24T00:00:00+02:00,14039896,0
1029,Álvaro García,2026-07-25T00:00:00+02:00,14299475,0
1029,Álvaro García,2026-07-26T00:00:00+02:00,14574593,0
1029,Álvaro García,2026-07-27T00:00:00+02:00,14691084,0
1029,Álvaro García,2026-07-28T00:00:00+02:00,14925511,0
1029,Álvaro García,2026-07-29T00:00:00+02:00,14998580,0
1029,Álvaro García,2026-07-30T00:00:00+02:00,15160500,0
1029,Álvaro García,2026-07-31T00:00:00+02:00,15315642,0
1029,Álvaro García,2026-08-01T00:00:00+02:00,15515993,0
1029,Álvaro García,2026-08-02T00:00:00+02:00,15784101,0
1029,Álvaro García,2026-08-03T00:00:00+02:00,16076566,0
1029,Álvaro García,2026-08-04T00:00:00+02:00,16404697,0
1029,Álvaro García,2026-08-05T00:00:00+02:00,16607912,0
1029,Álvaro García,2026-08-06T00:00:00+02:00,16748411,0
1029,Álvaro García,2026-08-07T00:00:00+02:00,16871754,0
1029,Álvaro García,2026-08-08T00:00:00+02:00,17119308,0
1029,Álvaro García,2026-08-09T00:00:00+02:00,17235240,0
1029,Álvaro García,2026-08-10T00:00:00+02:00,17388052,0
1029,Álvaro García,2026-08-11T00:00:00+02:00,17580006,0
1029,Álvaro García,2026-08-12T00:00:00+02:00,17689819,0
1029,Álvaro García,2026-08-13T00:00:00+02:00,17815216,0
1029,Álvaro García,2026-08-14T00:00:00+02:00,17905979,0
1029,Álvaro García,2026-08-15T00:00:00+02:00,18028771,0
1029,Álvaro García,2026-08-16T00:00:00+02:00,18211353,0
1031,Comesaña,2026-06-29T00:00:00+02:00,36300000,0
1031,Comesaña,2026-06-30T00:00:00+02:00,36300000,0
1031,Comesaña,2026-07-01T00:00:00+02:00,36300000,0
1031,Comesaña,2026-07-02T00:00:00+02:00,36300000,0
1031,Comesaña,2026-07-03T00:00:00+02:00,36317242,0
1031,Comesaña,2026-07-04T00:00:00+02:00,36359386,0
1031,Comesaña,2026-07-05T00:00:00+02:00,36395307,0
1031,Comesaña,2026-07-06T00:00:00+02:00,36440242,0
1031,Comesaña,2026-07-07T00:00:00+02:00,36438359,0
1031,Comesaña,2026-07-08T00:00:00+02:00,35873173,0
1031,Comesaña,2026-07-09T00:00:00+02:00,35732717,0
1031,Comesaña,2026-07-10T00:00:00+02:00,35611955,0
1031,Comesaña,2026-07-11T00:00:00+02:00,35400011,0
1031,Comesaña,2026-07-12T00:00:00+02:00,35206129,0
1031,Comesaña,2026-07-13T00:00:00+02:00,34916264,0
1031,Comesaña,2026-07-14T00:00:00+02:00,34610766,0
1031,Comesaña,2026-07-15T00:00:00+02:00,34269584,0
1031,Comesaña,2026-07-16T00:00:00+02:00,33912971,0
1031,Comesaña,2026-07-17T00:00:00+02:00,33529543,0
1031,Comesaña,2026-07-18T00:00:00+02:00,33271640,0
1031,Comesaña,2026-07-19T00:00:00+02:00,32883156,0
1031,Comesaña,2026-07-20T00:00:00+02:00,32604876,0
1031,Comesaña,2026-07-21T00:00:00+02:00,32360960,0
1031,Comesaña,2026-07-22T00:00:00+02:00,31804382,0
1031,Comesaña,2026-07-23T00:00:00+02:00,31525257,0
1031,Comesaña,2026-07-24T00:00:00+02:00,31114800,0
1031,Comesaña,2026-07-25T00:00:00+02:00,30881102,0
1031,Comesaña,2026-07-26T00:00:00+02:00,30606607,0
1031,Comesaña,2026-07-27T00:00:00+02:00,30218316,0
1031,Comesaña,2026-07-28T00:00:00+02:00,29500164,0
1031,Comesaña,2026-07-29T00:00:00+02:00,28782004,0
1031,Comesaña,2026-07-30T00:00:00+02:00,28128149,0
1031,Comesaña,2026-07-31T00:00:00+02:00,27520814,0
1031,Comesaña,2026-08-01T00:00:00+02:00,27070390,0
1031,Comesaña,2026-08-02T00:00:00+02:00,26971629,0
1031,Comesaña,2026-08-03T00:00:00+02:00,26999102,0
1031,Comesaña,2026-08-04T00:00:00+02:00,27174306,0
1031,Comesaña,2026-08-05T00:00:00+02:00,27622938,0
1031,Comesaña,2026-08-06T00:00:00+02:00,28060825,0
1031,Comesaña,2026-08-07T00:00:00+02:00,28604109,0
1031,Comesaña,2026-08-08T00:00:00+02:00,29256850,0
1031,Comesaña,2026-08-09T00:00:00+02:00,29962109,0
1031,Comesaña,2026-08-10T00:00:00+02:00,30690372,0
1031,Comesaña,2026-08-11T00:00:00+02:00,31564346,0
1031,Comesaña,2026-08-12T00:00:00+02:00,32302041,0
1031,Comesaña,2026-08-13T00:00:00+02:00,32992272,0
1031,Comesaña,2026-08-14T00:00:00+02:00,33583908,0
1031,Comesaña,2026-08-15T00:00:00+02:00,34207464,0
1031,Comesaña,2026-08-16T00:00:00+02:00,34650542,0
1070,De Galarreta,2026-06-29T00:00:00+02:00,8200000,0
1070,De Galarreta,2026-06-30T00:00:00+02:00,8200000,0
1070,De Galarreta,2026-07-01T00:00:00+02:00,8200000,0
1070,De Galarreta,2026-07-02T00:00:00+02:00,8200000,0
1070,De Galarreta,2026-07-03T00:00:00+02:00,8203894,0
1070,De Galarreta,2026-07-04T00:00:00+02:00,8213414,0
1070,De Galarreta,2026-07-05T00:00:00+02:00,8221528,0
1070,De Galarreta,2026-07-06T00:00:00+02:00,8231678,0
1070,De Galarreta,2026-07-07T00:00:00+02:00,8231252,0
1070,De Galarreta,2026-07-08T00:00:00+02:00,9117673,0
1070,De Galarreta,2026-07-09T00:00:00+02:00,9811984,0
1070,De Galarreta,2026-07-10T00:00:00+02:00,10743117,0
1070,De Galarreta,2026-07-11T00:00:00+02:00,11530079,0
1070,De Galarreta,2026-07-12T00:00:00+02:00,11783016,0
1070,De Galarreta,2026-07-13T00:00:00+02:00,11793147,0
1070,De Galarreta,2026-07-14T00:00:00+02:00,11759575,0
1070,De Galarreta,2026-07-15T00:00:00+02:00,11720550,0
1070,De Galarreta,2026-07-16T00:00:00+02:00,11623822,0
1070,De Galarreta,2026-07-17T00:00:00+02:00,11526143,0
1070,De Galarreta,2026-07-18T00:00:00+02:00,11471143,0
1070,De Galarreta,2026-07-19T00:00:00+02:00,11410338,0
1070,De Galarreta,2026-07-20T00:00:00+02:00,11347174,0
1070,De Galarreta,2026-07-21T00:00:00+02:00,11274179,0
1070,De Galarreta,2026-07-22T00:00:00+02:00,11073809,0
1070,De Galarreta,2026-07-23T00:00:00+02:00,11018437,0
1070,De Galarreta,2026-07-24T00:00:00+02:00,10962083,0
1070,De Galarreta,2026-07-25T00:00:00+02:00,10842069,0
1070,De Galarreta,2026-07-26T00:00:00+02:00,10743517,0
1070,De Galarreta,2026-07-27T00:00:00+02:00,10624125,0
1070,De Galarreta,2026-07-28T00:00:00+02:00,10544960,0
1070,De Galarreta,2026-07-29T00:00:00+02:00,10450183,0
1070,De Galarreta,2026-07-30T00:00:00+02:00,10423456,0
1070,De Galarreta,2026-07-31T00:00:00+02:00,10308157,0
1070,De Galarreta,2026-08-01T00:00:00+02:00,10327024,0
1070,De Galarreta,2026-08-02T00:00:00+02:00,10345178,0
1070,De Galarreta,2026-08-03T00:00:00+02:00,10409777,0
1070,De Galarreta,2026-08-04T00:00:00+02:00,10506589,0
1070,De Galarreta,2026-08-05T00:00:00+02:00,10639518,0
1070,De Galarreta,2026-08-06T00:00:00+02:00,10757233,0
1070,De Galarreta,2026-08-07T00:00:00+02:00,10857195,0
1070,De Galarreta,2026-08-08T00:00:00+02:00,11090499,0
1070,De Galarreta,2026-08-09T00:00:00+02:00,11260254,0
1070,De Galarreta,2026-08-10T00:00:00+02:00,11516924,0
1070,De Galarreta,2026-08-11T00:00:00+02:00,11718388,0
1070,De Galarreta,2026-08-12T00:00:00+02:00,11890743,0
1070,De Galarreta,2026-08-13T00:00:00+02:00,11949336,0
1070,De Galarreta,2026-08-14T00:00:00+02:00,12145167,0
1070,De Galarreta,2026-08-15T00:00:00+02:00,12236355,0
1070,De Galarreta,2026-08-16T00:00:00+02:00,12424943,0
1103,Óscar Valentín,2026-06-29T00:00:00+02:00,6000000,0
1103,Óscar Valentín,2026-06-30T00:00:00+02:00,6000000,0
1103,Óscar Valentín,2026-07-01T00:00:00+02:00,6000000,0
1103,Óscar Valentín,2026-07-02T00:00:00+02:00,6000000,0
1103,Óscar Valentín,2026-07-03T00:00:00+02:00,6002849,0
1103,Óscar Valentín,2026-07-04T00:00:00+02:00,6009815,0
1103,Óscar Valentín,2026-07-05T00:00:00+02:00,6015752,0
1103,Óscar Valentín,2026-07-06T00:00:00+02:00,6023179,0
1103,Óscar Valentín,2026-07-07T00:00:00+02:00,6022867,0
1103,Óscar Valentín,2026-07-08T00:00:00+02:00,6012229,0
1103,Óscar Valentín,2026-07-09T00:00:00+02:00,5928649,0
1103,Óscar Valentín,2026-07-10T00:00:00+02:00,5789608,0
1103,Óscar Valentín,2026-07-11T00:00:00+02:00,5657610,0
1103,Óscar Valentín,2026-07-12T00:00:00+02:00,5519215,0
1103,Óscar Valentín,2026-07-13T00:00:00+02:00,5381056,0
1103,Óscar Valentín,2026-07-14T00:00:00+02:00,5239855,0
1103,Óscar Valentín,2026-07-15T00:00:00+02:00,5109670,0
1103,Óscar Valentín,2026-07-16T00:00:00+02:00,4988253,0
1103,Óscar Valentín,2026-07-17T00:00:00+02:00,4911687,0
1103,Óscar Valentín,2026-07-18T00:00:00+02:00,4806916,0
1103,Óscar Valentín,2026-07-19T00:00:00+02:00,4697645,0
1103,Óscar Valentín,2026-07-20T00:00:00+02:00,4598240,0
1103,Óscar Valentín,2026-07-21T00:00:00+02:00,4508017,0
1103,Óscar Valentín,2026-07-22T00:00:00+02:00,4390878,0
1103,Óscar Valentín,2026-07-23T00:00:00+02:00,4297652,0
1103,Óscar Valentín,2026-07-24T00:00:00+02:00,4204442,0
1103,Óscar Valentín,2026-07-25T00:00:00+02:00,4119577,0
1103,Óscar Valentín,2026-07-26T00:00:00+02:00,4042056,0
1103,Óscar Valentín,2026-07-27T00:00:00+02:00,3962606,0
1103,Óscar Valentín,2026-07-28T00:00:00+02:00,3883392,0
1103,Óscar Valentín,2026-07-29T00:00:00+02:00,3800312,0
1103,Óscar Valentín,2026-07-30T00:00:00+02:00,3722258,0
1103,Óscar Valentín,2026-07-31T00:00:00+02:00,3647120,0
1103,Óscar Valentín,2026-08-01T00:00:00+02:00,3583338,0
1103,Óscar Valentín,2026-08-02T00:00:00+02:00,3525698,0
1103,Óscar Valentín,2026-08-03T00:00:00+02:00,3483030,0
1103,Óscar Valentín,2026-08-04T00:00:00+02:00,3460961,0
1103,Óscar Valentín,2026-08-05T00:00:00+02:00,3444867,0
1103,Óscar Valentín,2026-08-06T00:00:00+02:00,3421164,0
1103,Óscar Valentín,2026-08-07T00:00:00+02:00,3414623,0
1103,Óscar Valentín,2026-08-08T00:00:00+02:00,3426151,0
1103,Óscar Valentín,2026-08-09T00:00:00+02:00,3440153,0
1103,Óscar Valentín,2026-08-10T00:00:00+02:00,3442547,0
1103,Óscar Valentín,2026-08-11T00:00:00+02:00,3473547,0
1103,Óscar Valentín,2026-08-12T00:00:00+02:00,3520031,0
1103,Óscar Valentín,2026-08-13T00:00:00+02:00,3538277,0
1103,Óscar Valentín,2026-08-14T00:00:00+02:00,3584648,0
1103,Óscar Valentín,2026-08-15T00:00:00+02:00,3626609,0
1103,Óscar Valentín,2026-08-16T00:00:00+02:00,3654976,0
1197,Kubo,2026-06-29T00:00:00+02:00,30100000,0
1197,Kubo,2026-06-30T00:00:00+02:00,30100000,0
1197,Kubo,2026-07-01T00:00:00+02:00,30100000,0
1197,Kubo,2026-07-02T00:00:00+02:00,30100000,0
1197,Kubo,2026-07-03T00:00:00+02:00,30114297,0
1197,Kubo,2026-07-04T00:00:00+02:00,30149243,0
1197,Kubo,2026-07-05T00:00:00+02:00,30179028,0
1197,Kubo,2026-07-06T00:00:00+02:00,30216288,0
1197,Kubo,2026-07-07T00:00:00+02:00,30214727,0
1197,Kubo,2026-07-08T00:00:00+02:00,30239100,0
1197,Kubo,2026-07-09T00:00:00+02:00,30275925,0
1197,Kubo,2026-07-10T00:00:00+02:00,30460001,0
1197,Kubo,2026-07-11T00:00:00+02:00,30935644,0
1197,Kubo,2026-07-12T00:00:00+02:00,31452064,0
1197,Kubo,2026-07-13T00:00:00+02:00,32005177,0
1197,Kubo,2026-07-14T00:00:00+02:00,32881908,0
1197,Kubo,2026-07-15T00:00:00+02:00,33426169,0
1197,Kubo,2026-07-16T00:00:00+02:00,33940610,0
1197,Kubo,2026-07-17T00:00:00+02:00,34127706,0
1197,Kubo,2026-07-18T00:00:00+02:00,34057112,0
1197,Kubo,2026-07-19T00:00:00+02:00,33698880,0
1197,Kubo,2026-07-20T00:00:00+02:00,33110246,0
1197,Kubo,2026-07-21T00:00:00+02:00,32454848,0
1197,Kubo,2026-07-22T00:00:00+02:00,31748395,0
1197,Kubo,2026-07-23T00:00:00+02:00,31126820,0
1197,Kubo,2026-07-24T00:00:00+02:00,30417932,0
1197,Kubo,2026-07-25T00:00:00+02:00,29837465,0
1197,Kubo,2026-07-26T00:00:00+02:00,29244424,0
1197,Kubo,2026-07-27T00:00:00+02:00,28684216,0
1197,Kubo,2026-07-28T00:00:00+02:00,28129907,0
1197,Kubo,2026-07-29T00:00:00+02:00,27503507,0
1197,Kubo,2026-07-30T00:00:00+02:00,26951901,0
1197,Kubo,2026-07-31T00:00:00+02:00,26372822,0
1197,Kubo,2026-08-01T00:00:00+02:00,25887800,0
1197,Kubo,2026-08-02T00:00:00+02:00,25434761,0
1197,Kubo,2026-08-03T00:00:00+02:00,24915979,0
1197,Kubo,2026-08-04T00:00:00+02:00,24419400,0
1197,Kubo,2026-08-05T00:00:00+02:00,23924846,0
1197,Kubo,2026-08-06T00:00:00+02:00,23411607,0
1197,Kubo,2026-08-07T00:00:00+02:00,22930887,0
1197,Kubo,2026-08-08T00:00:00+02:00,22511462,0
1197,Kubo,2026-08-09T00:00:00+02:00,22163879,0
1197,Kubo,2026-08-10T00:00:00+02:00,22080902,0
1197,Kubo,2026-08-11T00:00:00+02:00,22221519,0
1197,Kubo,2026-08-12T00:00:00+02:00,22540325,0
1197,Kubo,2026-08-13T00:00:00+02:00,22784543,0
1197,Kubo,2026-08-14T00:00:00+02:00,23185937,0
1197,Kubo,2026-08-15T00:00:00+02:00,23645535,0
1197,Kubo,2026-08-16T00:00:00+02:00,24035618,0
1215,Turrientes,2026-06-29T00:00:00+02:00,10000000,0
1215,Turrientes,2026-06-30T00:00:00+02:00,10000000,0
1215,Turrientes,2026-07-01T00:00:00+02:00,10000000,0
1215,Turrientes,2026-07-02T00:00:00+02:00,10000000,0
1215,Turrientes,2026-07-03T00:00:00+02:00,10004749,0
1215,Turrientes,2026-07-04T00:00:00+02:00,10016359,0
1215,Turrientes,2026-07-05T00:00:00+02:00,10026254,0
1215,Turrientes,2026-07-06T00:00:00+02:00,10038632,0
1215,Turrientes,2026-07-07T00:00:00+02:00,10038113,0
1215,Turrientes,2026-07-08T00:00:00+02:00,10586055,0
1215,Turrientes,2026-07-09T00:00:00+02:00,10673039,0
1215,Turrientes,2026-07-10T00:00:00+02:00,10672214,0
1215,Turrientes,2026-07-11T00:00:00+02:00,10660254,0
1215,Turrientes,2026-07-12T00:00:00+02:00,10533259,0
1215,Turrientes,2026-07-13T00:00:00+02:00,10347157,0
1215,Turrientes,2026-07-14T00:00:00+02:00,10145680,0
1215,Turrientes,2026-07-15T00:00:00+02:00,9953819,0
1215,Turrientes,2026-07-16T00:00:00+02:00,9741854,0
1215,Turrientes,2026-07-17T00:00:00+02:00,9596243,0
1215,Turrientes,2026-07-18T00:00:00+02:00,9515512,0
1215,Turrientes,2026-07-19T00:00:00+02:00,9322841,0
1215,Turrientes,2026-07-20T00:00:00+02:00,9120563,0
1215,Turrientes,2026-07-21T00:00:00+02:00,8992803,0
1215,Turrientes,2026-07-22T00:00:00+02:00,8797417,0
1215,Turrientes,2026-07-23T00:00:00+02:00,8694123,0
1215,Turrientes,2026-07-24T00:00:00+02:00,8559159,0
1215,Turrientes,2026-07-25T00:00:00+02:00,8458473,0
1215,Turrientes,2026-07-26T00:00:00+02:00,8310604,0
1215,Turrientes,2026-07-27T00:00:00+02:00,8173085,0
1215,Turrientes,2026-07-28T00:00:00+02:00,8076206,0
1215,Turrientes,2026-07-29T00:00:00+02:00,7940157,0
1215,Turrientes,2026-07-30T00:00:00+02:00,7816307,0
1215,Turrientes,2026-07-31T00:00:00+02:00,7708439,0
1215,Turrientes,2026-08-01T00:00:00+02:00,7613038,0
1215,Turrientes,2026-08-02T00:00:00+02:00,7503712,0
1215,Turrientes,2026-08-03T00:00:00+02:00,7392898,0
1215,Turrientes,2026-08-04T00:00:00+02:00,7301782,0
1215,Turrientes,2026-08-05T00:00:00+02:00,7197423,0
1215,Turrientes,2026-08-06T00:00:00+02:00,7101822,0
1215,Turrientes,2026-08-07T00:00:00+02:00,7018744,0
1215,Turrientes,2026-08-08T00:00:00+02:00,6908704,0
1215,Turrientes,2026-08-09T00:00:00+02:00,6817817,0
1215,Turrientes,2026-08-10T00:00:00+02:00,6774571,0
1215,Turrientes,2026-08-11T00:00:00+02:00,6792897,0
1215,Turrientes,2026-08-12T00:00:00+02:00,6858774,0
1215,Turrientes,2026-08-13T00:00:00+02:00,6915246,0
1215,Turrientes,2026-08-14T00:00:00+02:00,6969837,0
1215,Turrientes,2026-08-15T00:00:00+02:00,7063789,0
1215,Turrientes,2026-08-16T00:00:00+02:00,7136043,0
1221,Gavi,2026-06-29T00:00:00+02:00,25000000,0
1221,Gavi,2026-06-30T00:00:00+02:00,25000000,0
1221,Gavi,2026-07-01T00:00:00+02:00,25000000,0
1221,Gavi,2026-07-02T00:00:00+02:00,25000000,0
1221,Gavi,2026-07-03T00:00:00+02:00,25011874,0
1221,Gavi,2026-07-04T00:00:00+02:00,25040899,0
1221,Gavi,2026-07-05T00:00:00+02:00,25065638,0
1221,Gavi,2026-07-06T00:00:00+02:00,25096585,0
1221,Gavi,2026-07-07T00:00:00+02:00,25095288,0
1221,Gavi,2026-07-08T00:00:00+02:00,25303281,0
1221,Gavi,2026-07-09T00:00:00+02:00,25381268,0
1221,Gavi,2026-07-10T00:00:00+02:00,25264069,0
1221,Gavi,2026-07-11T00:00:00+02:00,25333781,0
1221,Gavi,2026-07-12T00:00:00+02:00,25460008,0
1221,Gavi,2026-07-13T00:00:00+02:00,25719674,0
1221,Gavi,2026-07-14T00:00:00+02:00,26060082,0
1221,Gavi,2026-07-15T00:00:00+02:00,26427276,0
1221,Gavi,2026-07-16T00:00:00+02:00,26939515,0
1221,Gavi,2026-07-17T00:00:00+02:00,27435291,0
1221,Gavi,2026-07-18T00:00:00+02:00,28038833,0
1221,Gavi,2026-07-19T00:00:00+02:00,28744200,0
1221,Gavi,2026-07-20T00:00:00+02:00,29280727,0
1221,Gavi,2026-07-21T00:00:00+02:00,30114691,0
1221,Gavi,2026-07-22T00:00:00+02:00,30504269,0
1221,Gavi,2026-07-23T00:00:00+02:00,31204274,0
1221,Gavi,2026-07-24T00:00:00+02:00,31775964,0
1221,Gavi,2026-07-25T00:00:00+02:00,32548222,0
1221,Gavi,2026-07-26T00:00:00+02:00,33305506,0
1221,Gavi,2026-07-27T00:00:00+02:00,33935825,0
1221,Gavi,2026-07-28T00:00:00+02:00,34885398,0
1221,Gavi,2026-07-29T00:00:00+02:00,35371442,0
1221,Gavi,2026-07-30T00:00:00+02:00,36138056,0
1221,Gavi,2026-07-31T00:00:00+02:00,36684466,0
1221,Gavi,2026-08-01T00:00:00+02:00,37164850,0
1221,Gavi,2026-08-02T00:00:00+02:00,37620399,0
1221,Gavi,2026-08-03T00:00:00+02:00,38106265,0
1221,Gavi,2026-08-04T00:00:00+02:00,38551120,0
1221,Gavi,2026-08-05T00:00:00+02:00,38801358,0
1221,Gavi,2026-08-06T00:00:00+02:00,38839538,0
1221,Gavi,2026-08-07T00:00:00+02:00,38718780,0
1221,Gavi,2026-08-08T00:00:00+02:00,38174065,0
1221,Gavi,2026-08-09T00:00:00+02:00,37429344,0
1221,Gavi,2026-08-10T00:00:00+02:00,36657894,0
1221,Gavi,2026-08-11T00:00:00+02:00,35832468,0
1221,Gavi,2026-08-12T00:00:00+02:00,35008223,0
1221,Gavi,2026-08-13T00:00:00+02:00,34152206,0
1221,Gavi,2026-08-14T00:00:00+02:00,33373263,0
1221,Gavi,2026-08-15T00:00:00+02:00,32693211,0
1221,Gavi,2026-08-16T00:00:00+02:00,32111326,0
1300,Camavinga,2026-06-29T00:00:00+02:00,24000000,0
1300,Camavinga,2026-06-30T00:00:00+02:00,24000000,0
1300,Camavinga,2026-07-01T00:00:00+02:00,24000000,0
1300,Camavinga,2026-07-02T00:00:00+02:00,24000000,0
1300,Camavinga,2026-07-03T00:00:00+02:00,24011399,0
1300,Camavinga,2026-07-04T00:00:00+02:00,24039263,0
1300,Camavinga,2026-07-05T00:00:00+02:00,24063012,0
1300,Camavinga,2026-07-06T00:00:00+02:00,24092721,0
1300,Camavinga,2026-07-07T00:00:00+02:00,24091476,0
1300,Camavinga,2026-07-08T00:00:00+02:00,23637125,0
1300,Camavinga,2026-07-09T00:00:00+02:00,23116699,0
1300,Camavinga,2026-07-10T00:00:00+02:00,22707672,0
1300,Camavinga,2026-07-11T00:00:00+02:00,22236439,0
1300,Camavinga,2026-07-12T00:00:00+02:00,21814922,0
1300,Camavinga,2026-07-13T00:00:00+02:00,21329266,0
1300,Camavinga,2026-07-14T00:00:00+02:00,20832261,0
1300,Camavinga,2026-07-15T00:00:00+02:00,20373524,0
1300,Camavinga,2026-07-16T00:00:00+02:00,19965435,0
1300,Camavinga,2026-07-17T00:00:00+02:00,19601184,0
1300,Camavinga,2026-07-18T00:00:00+02:00,19234459,0
1300,Camavinga,2026-07-19T00:00:00+02:00,18865380,0
1300,Camavinga,2026-07-20T00:00:00+02:00,18428721,0
1300,Camavinga,2026-07-21T00:00:00+02:00,18095310,0
1300,Camavinga,2026-07-22T00:00:00+02:00,17653638,0
1300,Camavinga,2026-07-23T00:00:00+02:00,17318482,0
1300,Camavinga,2026-07-24T00:00:00+02:00,16954076,0
1300,Camavinga,2026-07-25T00:00:00+02:00,16598151,0
1300,Camavinga,2026-07-26T00:00:00+02:00,16246191,0
1300,Camavinga,2026-07-27T00:00:00+02:00,15880050,0
1300,Camavinga,2026-07-28T00:00:00+02:00,15590960,0
1300,Camavinga,2026-07-29T00:00:00+02:00,15208323,0
1300,Camavinga,2026-07-30T00:00:00+02:00,14845022,0
1300,Camavinga,2026-07-31T00:00:00+02:00,14473054,0
1300,Camavinga,2026-08-01T00:00:00+02:00,14117126,0
1300,Camavinga,2026-08-02T00:00:00+02:00,13798695,0
1300,Camavinga,2026-08-03T00:00:00+02:00,13474895,0
1300,Camavinga,2026-08-04T00:00:00+02:00,13139845,0
1300,Camavinga,2026-08-05T00:00:00+02:00,12814731,0
1300,Camavinga,2026-08-06T00:00:00+02:00,12474427,0
1300,Camavinga,2026-08-07T00:00:00+02:00,12159962,0
1300,Camavinga,2026-08-08T00:00:00+02:00,11854616,0
1300,Camavinga,2026-08-09T00:00:00+02:00,11604968,0
1300,Camavinga,2026-08-10T00:00:00+02:00,11368291,0
1300,Camavinga,2026-08-11T00:00:00+02:00,11137304,0
1300,Camavinga,2026-08-12T00:00:00+02:00,10896747,0
1300,Camavinga,2026-08-13T00:00:00+02:00,10644822,0
1300,Camavinga,2026-08-14T00:00:00+02:00,10465739,0
1300,Camavinga,2026-08-15T00:00:00+02:00,10326210,0
1300,Camavinga,2026-08-16T00:00:00+02:00,10199838,0
1480,Tchouaméni,2026-06-29T00:00:00+02:00,56200000,0
1480,Tchouaméni,2026-06-30T00:00:00+02:00,56200000,0
1480,Tchouaméni,2026-07-01T00:00:00+02:00,56200000,0
1480,Tchouaméni,2026-07-02T00:00:00+02:00,56200000,0
1480,Tchouaméni,2026-07-03T00:00:00+02:00,56226694,0
1480,Tchouaméni,2026-07-04T00:00:00+02:00,56291943,0
1480,Tchouaméni,2026-07-05T00:00:00+02:00,56347556,0
1480,Tchouaméni,2026-07-06T00:00:00+02:00,56417125,0
1480,Tchouaméni,2026-07-07T00:00:00+02:00,56414211,0
1480,Tchouaméni,2026-07-08T00:00:00+02:00,55885770,0
1480,Tchouaméni,2026-07-09T00:00:00+02:00,55703326,0
1480,Tchouaméni,2026-07-10T00:00:00+02:00,55699464,0
1480,Tchouaméni,2026-07-11T00:00:00+02:00,55534971,0
1480,Tchouaméni,2026-07-12T00:00:00+02:00,55744002,0
1480,Tchouaméni,2026-07-13T00:00:00+02:00,56044018,0
1480,Tchouaméni,2026-07-14T00:00:00+02:00,56594175,0
1480,Tchouaméni,2026-07-15T00:00:00+02:00,57174651,0
1480,Tchouaméni,2026-07-16T00:00:00+02:00,57804678,0
1480,Tchouaméni,2026-07-17T00:00:00+02:00,58582348,0
1480,Tchouaméni,2026-07-18T00:00:00+02:00,59317312,0
1480,Tchouaméni,2026-07-19T00:00:00+02:00,59822012,0
1480,Tchouaméni,2026-07-20T00:00:00+02:00,60188598,0
1480,Tchouaméni,2026-07-21T00:00:00+02:00,60711473,0
1480,Tchouaméni,2026-07-22T00:00:00+02:00,60163118,0
1480,Tchouaméni,2026-07-23T00:00:00+02:00,59916796,0
1480,Tchouaméni,2026-07-24T00:00:00+02:00,59163059,0
1480,Tchouaméni,2026-07-25T00:00:00+02:00,58327003,0
1480,Tchouaméni,2026-07-26T00:00:00+02:00,57453979,0
1480,Tchouaméni,2026-07-27T00:00:00+02:00,56435471,0
1480,Tchouaméni,2026-07-28T00:00:00+02:00,55624959,0
1480,Tchouaméni,2026-07-29T00:00:00+02:00,54539031,0
1480,Tchouaméni,2026-07-30T00:00:00+02:00,53654669,0
1480,Tchouaméni,2026-07-31T00:00:00+02:00,52721851,0
1480,Tchouaméni,2026-08-01T00:00:00+02:00,51801485,0
1480,Tchouaméni,2026-08-02T00:00:00+02:00,50923727,0
1480,Tchouaméni,2026-08-03T00:00:00+02:00,50002184,0
1480,Tchouaméni,2026-08-04T00:00:00+02:00,49148124,0
1480,Tchouaméni,2026-08-05T00:00:00+02:00,48233144,0
1480,Tchouaméni,2026-08-06T00:00:00+02:00,47368342,0
1480,Tchouaméni,2026-08-07T00:00:00+02:00,46594584,0
1480,Tchouaméni,2026-08-08T00:00:00+02:00,45990219,0
1480,Tchouaméni,2026-08-09T00:00:00+02:00,45502262,0
1480,Tchouaméni,2026-08-10T00:00:00+02:00,44980249,0
1480,Tchouaméni,2026-08-11T00:00:00+02:00,44381247,0
1480,Tchouaméni,2026-08-12T00:00:00+02:00,43756240,0
1480,Tchouaméni,2026-08-13T00:00:00+02:00,43113994,0
1480,Tchouaméni,2026-08-14T00:00:00+02:00,42437826,0
1480,Tchouaméni,2026-08-15T00:00:00+02:00,41948477,0
1480,Tchouaméni,2026-08-16T00:00:00+02:00,41544723,0
1529,Almeida,2026-06-29T00:00:00+02:00,6400000,0
1529,Almeida,2026-06-30T00:00:00+02:00,6400000,0
1529,Almeida,2026-07-01T00:00:00+02:00,6400000,0
1529,Almeida,2026-07-02T00:00:00+02:00,6400000,0
1529,Almeida,2026-07-03T00:00:00+02:00,6403039,0
1529,Almeida,2026-07-04T00:00:00+02:00,6410469,0
1529,Almeida,2026-07-05T00:00:00+02:00,6416802,0
1529,Almeida,2026-07-06T00:00:00+02:00,6424724,0
1529,Almeida,2026-07-07T00:00:00+02:00,6424392,0
1529,Almeida,2026-07-08T00:00:00+02:00,6367864,0
1529,Almeida,2026-07-09T00:00:00+02:00,6215187,0
1529,Almeida,2026-07-10T00:00:00+02:00,6044378,0
1529,Almeida,2026-07-11T00:00:00+02:00,5885790,0
1529,Almeida,2026-07-12T00:00:00+02:00,5720368,0
1529,Almeida,2026-07-13T00:00:00+02:00,5553640,0
1529,Almeida,2026-07-14T00:00:00+02:00,5413022,0
1529,Almeida,2026-07-15T00:00:00+02:00,5268334,0
1529,Almeida,2026-07-16T00:00:00+02:00,5139786,0
1529,Almeida,2026-07-17T00:00:00+02:00,5024565,0
1529,Almeida,2026-07-18T00:00:00+02:00,4898271,0
1529,Almeida,2026-07-19T00:00:00+02:00,4781675,0
1529,Almeida,2026-07-20T00:00:00+02:00,4666140,0
1529,Almeida,2026-07-21T00:00:00+02:00,4541260,0
1529,Almeida,2026-07-22T00:00:00+02:00,4413235,0
1529,Almeida,2026-07-23T00:00:00+02:00,4309783,0
1529,Almeida,2026-07-24T00:00:00+02:00,4197173,0
1529,Almeida,2026-07-25T00:00:00+02:00,4090891,0
1529,Almeida,2026-07-26T00:00:00+02:00,3990338,0
1529,Almeida,2026-07-27T00:00:00+02:00,3893220,0
1529,Almeida,2026-07-28T00:00:00+02:00,3805888,0
1529,Almeida,2026-07-29T00:00:00+02:00,3707420,0
1529,Almeida,2026-07-30T00:00:00+02:00,3611392,0
1529,Almeida,2026-07-31T00:00:00+02:00,3521790,0
1529,Almeida,2026-08-01T00:00:00+02:00,3434439,0
1529,Almeida,2026-08-02T00:00:00+02:00,3348177,0
1529,Almeida,2026-08-03T00:00:00+02:00,3264598,0
1529,Almeida,2026-08-04T00:00:00+02:00,3177997,0
1529,Almeida,2026-08-05T00:00:00+02:00,3095776,0
1529,Almeida,2026-08-06T00:00:00+02:00,3019584,0
1529,Almeida,2026-08-07T00:00:00+02:00,2942107,0
1529,Almeida,2026-08-08T00:00:00+02:00,2873485,0
1529,Almeida,2026-08-09T00:00:00+02:00,2810001,0
1529,Almeida,2026-08-10T00:00:00+02:00,2748967,0
1529,Almeida,2026-08-11T00:00:00+02:00,2686718,0
1529,Almeida,2026-08-12T00:00:00+02:00,2625833,0
1529,Almeida,2026-08-13T00:00:00+02:00,2567300,0
1529,Almeida,2026-08-14T00:00:00+02:00,2517943,0
1529,Almeida,2026-08-15T00:00:00+02:00,2488609,0
1529,Almeida,2026-08-16T00:00:00+02:00,2451192,0
1565,Barrios,2026-06-29T00:00:00+02:00,40000000,0
1565,Barrios,2026-06-30T00:00:00+02:00,40000000,0
1565,Barrios,2026-07-01T00:00:00+02:00,40000000,0
1565,Barrios,2026-07-02T00:00:00+02:00,40000000,0
1565,Barrios,2026-07-03T00:00:00+02:00,40018999,0
1565,Barrios,2026-07-04T00:00:00+02:00,40065439,0
1565,Barrios,2026-07-05T00:00:00+02:00,40105021,0
1565,Barrios,2026-07-06T00:00:00+02:00,40154536,0
1565,Barrios,2026-07-07T00:00:00+02:00,40152462,0
1565,Barrios,2026-07-08T00:00:00+02:00,40248809,0
1565,Barrios,2026-07-09T00:00:00+02:00,40180181,0
1565,Barrios,2026-07-10T00:00:00+02:00,39803649,0
1565,Barrios,2026-07-11T00:00:00+02:00,39830120,0
1565,Barrios,2026-07-12T00:00:00+02:00,40283802,0
1565,Barrios,2026-07-13T00:00:00+02:00,40639342,0
1565,Barrios,2026-07-14T00:00:00+02:00,41289485,0
1565,Barrios,2026-07-15T00:00:00+02:00,41704313,0
1565,Barrios,2026-07-16T00:00:00+02:00,42343385,0
1565,Barrios,2026-07-17T00:00:00+02:00,43239589,0
1565,Barrios,2026-07-18T00:00:00+02:00,44051986,0
1565,Barrios,2026-07-19T00:00:00+02:00,45132365,0
1565,Barrios,2026-07-20T00:00:00+02:00,46017084,0
1565,Barrios,2026-07-21T00:00:00+02:00,47100662,0
1565,Barrios,2026-07-22T00:00:00+02:00,47374604,0
1565,Barrios,2026-07-23T00:00:00+02:00,48285768,0
1565,Barrios,2026-07-24T00:00:00+02:00,48975308,0
1565,Barrios,2026-07-25T00:00:00+02:00,50073701,0
1565,Barrios,2026-07-26T00:00:00+02:00,51186711,0
1565,Barrios,2026-07-27T00:00:00+02:00,52080735,0
1565,Barrios,2026-07-28T00:00:00+02:00,52937081,0
1565,Barrios,2026-07-29T00:00:00+02:00,53323477,0
1565,Barrios,2026-07-30T00:00:00+02:00,54083503,0
1565,Barrios,2026-07-31T00:00:00+02:00,54432439,0
1565,Barrios,2026-08-01T00:00:00+02:00,54439144,0
1565,Barrios,2026-08-02T00:00:00+02:00,53750470,0
1565,Barrios,2026-08-03T00:00:00+02:00,52512266,0
1565,Barrios,2026-08-04T00:00:00+02:00,51186413,0
1565,Barrios,2026-08-05T00:00:00+02:00,49889622,0
1565,Barrios,2026-08-06T00:00:00+02:00,48558906,0
1565,Barrios,2026-08-07T00:00:00+02:00,47408537,0
1565,Barrios,2026-08-08T00:00:00+02:00,46219810,0
1565,Barrios,2026-08-09T00:00:00+02:00,45062060,0
1565,Barrios,2026-08-10T00:00:00+02:00,43984044,0
1565,Barrios,2026-08-11T00:00:00+02:00,42951855,0
1565,Barrios,2026-08-12T00:00:00+02:00,42297252,0
1565,Barrios,2026-08-13T00:00:00+02:00,41775748,0
1565,Barrios,2026-08-14T00:00:00+02:00,41454119,0
1565,Barrios,2026-08-15T00:00:00+02:00,41626109,0
1565,Barrios,2026-08-16T00:00:00+02:00,41747606,0
1674,Arda Güler,2026-06-29T00:00:00+02:00,75000000,0
1674,Arda Güler,2026-06-30T00:00:00+02:00,75000000,0
1674,Arda Güler,2026-07-01T00:00:00+02:00,75000000,0
1674,Arda Güler,2026-07-02T00:00:00+02:00,75000000,0
1674,Arda Güler,2026-07-03T00:00:00+02:00,75035624,0
1674,Arda Güler,2026-07-04T00:00:00+02:00,75122700,0
1674,Arda Güler,2026-07-05T00:00:00+02:00,75196917,0
1674,Arda Güler,2026-07-06T00:00:00+02:00,75289758,0
1674,Arda Güler,2026-07-07T00:00:00+02:00,75285869,0
1674,Arda Güler,2026-07-08T00:00:00+02:00,75177756,0
1674,Arda Güler,2026-07-09T00:00:00+02:00,74580867,0
1674,Arda Güler,2026-07-10T00:00:00+02:00,73912803,0
1674,Arda Güler,2026-07-11T00:00:00+02:00,73348627,0
1674,Arda Güler,2026-07-12T00:00:00+02:00,73015483,0
1674,Arda Güler,2026-07-13T00:00:00+02:00,72901436,0
1674,Arda Güler,2026-07-14T00:00:00+02:00,72064464,0
1674,Arda Güler,2026-07-15T00:00:00+02:00,71319543,0
1674,Arda Güler,2026-07-16T00:00:00+02:00,70492250,0
1674,Arda Güler,2026-07-17T00:00:00+02:00,69584219,0
1674,Arda Güler,2026-07-18T00:00:00+02:00,68616585,0
1674,Arda Güler,2026-07-19T00:00:00+02:00,67660817,0
1674,Arda Güler,2026-07-20T00:00:00+02:00,66904878,0
1674,Arda Güler,2026-07-21T00:00:00+02:00,66027642,0
1674,Arda Güler,2026-07-22T00:00:00+02:00,64937075,0
1674,Arda Güler,2026-07-23T00:00:00+02:00,64085482,0
1674,Arda Güler,2026-07-24T00:00:00+02:00,63195012,0
1674,Arda Güler,2026-07-25T00:00:00+02:00,62623979,0
1674,Arda Güler,2026-07-26T00:00:00+02:00,61828024,0
1674,Arda Güler,2026-07-27T00:00:00+02:00,61002923,0
1674,Arda Güler,2026-07-28T00:00:00+02:00,60053283,0
1674,Arda Güler,2026-07-29T00:00:00+02:00,58944712,0
1674,Arda Güler,2026-07-30T00:00:00+02:00,58364266,0
1674,Arda Güler,2026-07-31T00:00:00+02:00,57579909,0
1674,Arda Güler,2026-08-01T00:00:00+02:00,56828274,0
1674,Arda Güler,2026-08-02T00:00:00+02:00,56131702,0
1674,Arda Güler,2026-08-03T00:00:00+02:00,55378267,0
1674,Arda Güler,2026-08-04T00:00:00+02:00,54795697,0
1674,Arda Güler,2026-08-05T00:00:00+02:00,54187620,0
1674,Arda Güler,2026-08-06T00:00:00+02:00,53489309,0
1674,Arda Güler,2026-08-07T00:00:00+02:00,52795764,0
1674,Arda Güler,2026-08-08T00:00:00+02:00,52007406,0
1674,Arda Güler,2026-08-09T00:00:00+02:00,51360573,0
1674,Arda Güler,2026-08-10T00:00:00+02:00,50924378,0
1674,Arda Güler,2026-08-11T00:00:00+02:00,50699656,0
1674,Arda Güler,2026-08-12T00:00:00+02:00,50636543,0
1674,Arda Güler,2026-08-13T00:00:00+02:00,50676787,0
1674,Arda Güler,2026-08-14T00:00:00+02:00,51167559,0
1674,Arda Güler,2026-08-15T00:00:00+02:00,51979704,0
1674,Arda Güler,2026-08-16T00:00:00+02:00,52651995,0
1682,Altimira,2026-06-29T00:00:00+02:00,1900000,0
1682,Altimira,2026-06-30T00:00:00+02:00,1900000,0
1682,Altimira,2026-07-01T00:00:00+02:00,1900000,0
1682,Altimira,2026-07-02T00:00:00+02:00,1900000,0
1682,Altimira,2026-07-03T00:00:00+02:00,1900902,0
1682,Altimira,2026-07-04T00:00:00+02:00,1903107,0
1682,Altimira,2026-07-05T00:00:00+02:00,1904987,0
1694,Sow,2026-06-29T00:00:00+02:00,10000000,0
1694,Sow,2026-06-30T00:00:00+02:00,10000000,0
1694,Sow,2026-07-01T00:00:00+02:00,10000000,0
1694,Sow,2026-07-02T00:00:00+02:00,10000000,0
1694,Sow,2026-07-03T00:00:00+02:00,10004749,0
1694,Sow,2026-07-04T00:00:00+02:00,10016359,0
1694,Sow,2026-07-05T00:00:00+02:00,10026254,0
1694,Sow,2026-07-06T00:00:00+02:00,10038632,0
1694,Sow,2026-07-07T00:00:00+02:00,10038113,0
1694,Sow,2026-07-08T00:00:00+02:00,10138161,0
1694,Sow,2026-07-09T00:00:00+02:00,10253236,0
1694,Sow,2026-07-10T00:00:00+02:00,10425327,0
1694,Sow,2026-07-11T00:00:00+02:00,10471816,0
1694,Sow,2026-07-12T00:00:00+02:00,10438058,0
1694,Sow,2026-07-13T00:00:00+02:00,10272378,0
1694,Sow,2026-07-14T00:00:00+02:00,10169930,0
1694,Sow,2026-07-15T00:00:00+02:00,9994237,0
1694,Sow,2026-07-16T00:00:00+02:00,9932831,0
1694,Sow,2026-07-17T00:00:00+02:00,9813560,0
1694,Sow,2026-07-18T00:00:00+02:00,9738288,0
1694,Sow,2026-07-19T00:00:00+02:00,9621341,0
1694,Sow,2026-07-20T00:00:00+02:00,9458544,0
1694,Sow,2026-07-21T00:00:00+02:00,9345929,0
1694,Sow,2026-07-22T00:00:00+02:00,9165276,0
1694,Sow,2026-07-23T00:00:00+02:00,9090722,0
1694,Sow,2026-07-24T00:00:00+02:00,8941146,0
1694,Sow,2026-07-25T00:00:00+02:00,8891699,0
1694,Sow,2026-07-26T00:00:00+02:00,8790928,0
1694,Sow,2026-07-27T00:00:00+02:00,8726187,0
1694,Sow,2026-07-28T00:00:00+02:00,8685639,0
1694,Sow,2026-07-29T00:00:00+02:00,8614658,0
1694,Sow,2026-07-30T00:00:00+02:00,8580407,0
1694,Sow,2026-07-31T00:00:00+02:00,8491607,0
1694,Sow,2026-08-01T00:00:00+02:00,8489910,0
1694,Sow,2026-08-02T00:00:00+02:00,8481227,0
1694,Sow,2026-08-03T00:00:00+02:00,8507515,0
1694,Sow,2026-08-04T00:00:00+02:00,8511463,0
1694,Sow,2026-08-05T00:00:00+02:00,8503123,0
1694,Sow,2026-08-06T00:00:00+02:00,8403008,0
1715,Fermín,2026-06-29T00:00:00+02:00,95000000,0
1715,Fermín,2026-06-30T00:00:00+02:00,95000000,0
1715,Fermín,2026-07-01T00:00:00+02:00,95000000,0
1715,Fermín,2026-07-02T00:00:00+02:00,95000000,0
1715,Fermín,2026-07-03T00:00:00+02:00,95045123,0
1715,Fermín,2026-07-04T00:00:00+02:00,95155419,0
1715,Fermín,2026-07-05T00:00:00+02:00,95249427,0
1715,Fermín,2026-07-06T00:00:00+02:00,95367026,0
1715,Fermín,2026-07-07T00:00:00+02:00,95362100,0
1715,Fermín,2026-07-08T00:00:00+02:00,95201616,0
1715,Fermín,2026-07-09T00:00:00+02:00,94442453,0
1715,Fermín,2026-07-10T00:00:00+02:00,93532508,0
1715,Fermín,2026-07-11T00:00:00+02:00,93129539,0
1715,Fermín,2026-07-12T00:00:00+02:00,92302849,0
1715,Fermín,2026-07-13T00:00:00+02:00,91249510,0
1715,Fermín,2026-07-14T00:00:00+02:00,90051562,0
1715,Fermín,2026-07-15T00:00:00+02:00,89441009,0
1715,Fermín,2026-07-16T00:00:00+02:00,88150387,0
1715,Fermín,2026-07-17T00:00:00+02:00,86133166,0
1715,Fermín,2026-07-18T00:00:00+02:00,84274034,0
1715,Fermín,2026-07-19T00:00:00+02:00,82483993,0
1715,Fermín,2026-07-20T00:00:00+02:00,80742565,0
1715,Fermín,2026-07-21T00:00:00+02:00,79123585,0
1715,Fermín,2026-07-22T00:00:00+02:00,77219028,0
1715,Fermín,2026-07-23T00:00:00+02:00,75577281,0
1715,Fermín,2026-07-24T00:00:00+02:00,73801764,0
1715,Fermín,2026-07-25T00:00:00+02:00,72212507,0
1715,Fermín,2026-07-26T00:00:00+02:00,70706536,0
1715,Fermín,2026-07-27T00:00:00+02:00,69243183,0
1715,Fermín,2026-07-28T00:00:00+02:00,67751504,0
1715,Fermín,2026-07-29T00:00:00+02:00,66466723,0
1715,Fermín,2026-07-30T00:00:00+02:00,65793356,0
1715,Fermín,2026-07-31T00:00:00+02:00,64998191,0
1715,Fermín,2026-08-01T00:00:00+02:00,64400992,0
1715,Fermín,2026-08-02T00:00:00+02:00,63878192,0
1715,Fermín,2026-08-03T00:00:00+02:00,63140052,0
1715,Fermín,2026-08-04T00:00:00+02:00,62521887,0
1715,Fermín,2026-08-05T00:00:00+02:00,61882699,0
1715,Fermín,2026-08-06T00:00:00+02:00,61073614,0
1715,Fermín,2026-08-07T00:00:00+02:00,60406414,0
1715,Fermín,2026-08-08T00:00:00+02:00,59705397,0
1715,Fermín,2026-08-09T00:00:00+02:00,59115937,0
1715,Fermín,2026-08-10T00:00:00+02:00,58970728,0
1715,Fermín,2026-08-11T00:00:00+02:00,59112794,0
1715,Fermín,2026-08-12T00:00:00+02:00,60109069,0
1715,Fermín,2026-08-13T00:00:00+02:00,61276965,0
1715,Fermín,2026-08-14T00:00:00+02:00,62725737,0
1715,Fermín,2026-08-15T00:00:00+02:00,64177637,0
1715,Fermín,2026-08-16T00:00:00+02:00,65274794,0
1730,Iker Muñoz,2026-06-29T00:00:00+02:00,3200000,0
1730,Iker Muñoz,2026-06-30T00:00:00+02:00,3200000,0
1730,Iker Muñoz,2026-07-01T00:00:00+02:00,3200000,0
1730,Iker Muñoz,2026-07-02T00:00:00+02:00,3200000,0
1730,Iker Muñoz,2026-07-03T00:00:00+02:00,3201519,0
1730,Iker Muñoz,2026-07-04T00:00:00+02:00,3205234,0
1730,Iker Muñoz,2026-07-05T00:00:00+02:00,3208400,0
1730,Iker Muñoz,2026-07-06T00:00:00+02:00,3212361,0
1730,Iker Muñoz,2026-07-07T00:00:00+02:00,3212195,0
1730,Iker Muñoz,2026-07-08T00:00:00+02:00,3140297,0
1730,Iker Muñoz,2026-07-09T00:00:00+02:00,3055866,0
1730,Iker Muñoz,2026-07-10T00:00:00+02:00,2965564,0
1730,Iker Muñoz,2026-07-11T00:00:00+02:00,2887154,0
1730,Iker Muñoz,2026-07-12T00:00:00+02:00,2805469,0
1730,Iker Muñoz,2026-07-13T00:00:00+02:00,2726973,0
1730,Iker Muñoz,2026-07-14T00:00:00+02:00,2652062,0
1730,Iker Muñoz,2026-07-15T00:00:00+02:00,2572017,0
1730,Iker Muñoz,2026-07-16T00:00:00+02:00,2494404,0
1730,Iker Muñoz,2026-07-17T00:00:00+02:00,2427492,0
1730,Iker Muñoz,2026-07-18T00:00:00+02:00,2367958,0
1730,Iker Muñoz,2026-07-19T00:00:00+02:00,2310666,0
1730,Iker Muñoz,2026-07-20T00:00:00+02:00,2250411,0
1730,Iker Muñoz,2026-07-21T00:00:00+02:00,2189399,0
1730,Iker Muñoz,2026-07-22T00:00:00+02:00,2128676,0
1730,Iker Muñoz,2026-07-23T00:00:00+02:00,2069291,0
1730,Iker Muñoz,2026-07-24T00:00:00+02:00,2010579,0
1730,Iker Muñoz,2026-07-25T00:00:00+02:00,1961800,0
1730,Iker Muñoz,2026-07-26T00:00:00+02:00,1912521,0
1730,Iker Muñoz,2026-07-27T00:00:00+02:00,1863029,0
1730,Iker Muñoz,2026-07-28T00:00:00+02:00,1818769,0
1730,Iker Muñoz,2026-07-29T00:00:00+02:00,1770902,0
1730,Iker Muñoz,2026-07-30T00:00:00+02:00,1728356,0
1730,Iker Muñoz,2026-07-31T00:00:00+02:00,1688192,0
1730,Iker Muñoz,2026-08-01T00:00:00+02:00,1652888,0
1730,Iker Muñoz,2026-08-02T00:00:00+02:00,1617229,0
1730,Iker Muñoz,2026-08-03T00:00:00+02:00,1585327,0
1730,Iker Muñoz,2026-08-04T00:00:00+02:00,1553223,0
1730,Iker Muñoz,2026-08-05T00:00:00+02:00,1524626,0
1730,Iker Muñoz,2026-08-06T00:00:00+02:00,1493614,0
1730,Iker Muñoz,2026-08-07T00:00:00+02:00,1469364,0
1730,Iker Muñoz,2026-08-08T00:00:00+02:00,1446840,0
1730,Iker Muñoz,2026-08-09T00:00:00+02:00,1425866,0
1730,Iker Muñoz,2026-08-10T00:00:00+02:00,1408000,0
1730,Iker Muñoz,2026-08-11T00:00:00+02:00,1393952,0
1730,Iker Muñoz,2026-08-12T00:00:00+02:00,1385382,0
1730,Iker Muñoz,2026-08-13T00:00:00+02:00,1374993,0
1730,Iker Muñoz,2026-08-14T00:00:00+02:00,1371120,0
1730,Iker Muñoz,2026-08-15T00:00:00+02:00,1371170,0
1730,Iker Muñoz,2026-08-16T00:00:00+02:00,1361877,0
1754,Juanlu,2026-06-29T00:00:00+02:00,5000000,0
1754,Juanlu,2026-06-30T00:00:00+02:00,5000000,0
1754,Juanlu,2026-07-01T00:00:00+02:00,5000000,0
1754,Juanlu,2026-07-02T00:00:00+02:00,5000000,0
1754,Juanlu,2026-07-03T00:00:00+02:00,5002374,0
1754,Juanlu,2026-07-04T00:00:00+02:00,5008179,0
1754,Juanlu,2026-07-05T00:00:00+02:00,5013126,0
1754,Juanlu,2026-07-06T00:00:00+02:00,4822936,0
1754,Juanlu,2026-07-07T00:00:00+02:00,4822686,0
1754,Juanlu,2026-07-08T00:00:00+02:00,4818990,0
1754,Juanlu,2026-07-09T00:00:00+02:00,4793337,0
1754,Juanlu,2026-07-10T00:00:00+02:00,4682465,0
1754,Juanlu,2026-07-11T00:00:00+02:00,4562023,0
1754,Juanlu,2026-07-12T00:00:00+02:00,4462551,0
1754,Juanlu,2026-07-13T00:00:00+02:00,4349745,0
1754,Juanlu,2026-07-14T00:00:00+02:00,4239398,0
1754,Juanlu,2026-07-15T00:00:00+02:00,4140928,0
1754,Juanlu,2026-07-16T00:00:00+02:00,4033857,0
1754,Juanlu,2026-07-17T00:00:00+02:00,3952097,0
1754,Juanlu,2026-07-18T00:00:00+02:00,3862897,0
1754,Juanlu,2026-07-19T00:00:00+02:00,3781554,0
1754,Juanlu,2026-07-20T00:00:00+02:00,3706449,0
1754,Juanlu,2026-07-21T00:00:00+02:00,3628782,0
1754,Juanlu,2026-07-22T00:00:00+02:00,3546249,0
1754,Juanlu,2026-07-23T00:00:00+02:00,3473542,0
1754,Juanlu,2026-07-24T00:00:00+02:00,3401150,0
1754,Juanlu,2026-07-25T00:00:00+02:00,3341691,0
1754,Juanlu,2026-07-26T00:00:00+02:00,3304199,0
1754,Juanlu,2026-07-27T00:00:00+02:00,3257456,0
1754,Juanlu,2026-07-28T00:00:00+02:00,3226074,0
1754,Juanlu,2026-07-29T00:00:00+02:00,3172769,0
1754,Juanlu,2026-07-30T00:00:00+02:00,3131059,0
1754,Juanlu,2026-07-31T00:00:00+02:00,3083286,0
1754,Juanlu,2026-08-01T00:00:00+02:00,3040997,0
1754,Juanlu,2026-08-02T00:00:00+02:00,3005438,0
1754,Juanlu,2026-08-03T00:00:00+02:00,2946238,0
1754,Juanlu,2026-08-04T00:00:00+02:00,2870414,0
1754,Juanlu,2026-08-05T00:00:00+02:00,2799105,0
1754,Juanlu,2026-08-06T00:00:00+02:00,2730959,0
1787,Prados,2026-06-29T00:00:00+02:00,3700000,0
1787,Prados,2026-06-30T00:00:00+02:00,3700000,0
1787,Prados,2026-07-01T00:00:00+02:00,3700000,0
1787,Prados,2026-07-02T00:00:00+02:00,3700000,0
1787,Prados,2026-07-03T00:00:00+02:00,3701757,0
1787,Prados,2026-07-04T00:00:00+02:00,3706052,0
1787,Prados,2026-07-05T00:00:00+02:00,3565405,0
1787,Prados,2026-07-06T00:00:00+02:00,3569807,0
1787,Prados,2026-07-07T00:00:00+02:00,3569622,0
1787,Prados,2026-07-08T00:00:00+02:00,3467038,0
1787,Prados,2026-07-09T00:00:00+02:00,3426501,0
1787,Prados,2026-07-10T00:00:00+02:00,3324847,0
1787,Prados,2026-07-11T00:00:00+02:00,3228840,0
1787,Prados,2026-07-12T00:00:00+02:00,3141024,0
1787,Prados,2026-07-13T00:00:00+02:00,3058368,0
1787,Prados,2026-07-14T00:00:00+02:00,2975302,0
1787,Prados,2026-07-15T00:00:00+02:00,2891014,0
1787,Prados,2026-07-16T00:00:00+02:00,2813851,0
1787,Prados,2026-07-17T00:00:00+02:00,2741378,0
1787,Prados,2026-07-18T00:00:00+02:00,2674512,0
1787,Prados,2026-07-19T00:00:00+02:00,2608524,0
1787,Prados,2026-07-20T00:00:00+02:00,2547256,0
1787,Prados,2026-07-21T00:00:00+02:00,2493286,0
1787,Prados,2026-07-22T00:00:00+02:00,2426382,0
1787,Prados,2026-07-23T00:00:00+02:00,2371605,0
1787,Prados,2026-07-24T00:00:00+02:00,2315313,0
1787,Prados,2026-07-25T00:00:00+02:00,2262998,0
1787,Prados,2026-07-26T00:00:00+02:00,2206901,0
1787,Prados,2026-07-27T00:00:00+02:00,2157715,0
1787,Prados,2026-07-28T00:00:00+02:00,2108933,0
1787,Prados,2026-07-29T00:00:00+02:00,2057904,0
1787,Prados,2026-07-30T00:00:00+02:00,2012773,0
1787,Prados,2026-07-31T00:00:00+02:00,1965535,0
1787,Prados,2026-08-01T00:00:00+02:00,1920092,0
1787,Prados,2026-08-02T00:00:00+02:00,1878021,0
1787,Prados,2026-08-03T00:00:00+02:00,1836125,0
1787,Prados,2026-08-04T00:00:00+02:00,1794501,0
1787,Prados,2026-08-05T00:00:00+02:00,1763148,0
1787,Prados,2026-08-06T00:00:00+02:00,1724016,0
1787,Prados,2026-08-07T00:00:00+02:00,1685661,0
1787,Prados,2026-08-08T00:00:00+02:00,1650453,0
1787,Prados,2026-08-09T00:00:00+02:00,1615980,0
1787,Prados,2026-08-10T00:00:00+02:00,1584589,0
1787,Prados,2026-08-11T00:00:00+02:00,1557718,0
1787,Prados,2026-08-12T00:00:00+02:00,1525687,0
1787,Prados,2026-08-13T00:00:00+02:00,1493871,0
1787,Prados,2026-08-14T00:00:00+02:00,1464585,0
1787,Prados,2026-08-15T00:00:00+02:00,1445399,0
1787,Prados,2026-08-16T00:00:00+02:00,1425623,0
1938,Pol Lozano,2026-06-29T00:00:00+02:00,5000000,0
1938,Pol Lozano,2026-06-30T00:00:00+02:00,5000000,0
1938,Pol Lozano,2026-07-01T00:00:00+02:00,5000000,0
1938,Pol Lozano,2026-07-02T00:00:00+02:00,5000000,0
1938,Pol Lozano,2026-07-03T00:00:00+02:00,5002374,0
1938,Pol Lozano,2026-07-04T00:00:00+02:00,5008179,0
1938,Pol Lozano,2026-07-05T00:00:00+02:00,5013126,0
1938,Pol Lozano,2026-07-06T00:00:00+02:00,5019315,0
1938,Pol Lozano,2026-07-07T00:00:00+02:00,5019055,0
1938,Pol Lozano,2026-07-08T00:00:00+02:00,4956582,0
1938,Pol Lozano,2026-07-09T00:00:00+02:00,4837867,0
1938,Pol Lozano,2026-07-10T00:00:00+02:00,4704556,0
1938,Pol Lozano,2026-07-11T00:00:00+02:00,4593348,0
1938,Pol Lozano,2026-07-12T00:00:00+02:00,4489171,0
1938,Pol Lozano,2026-07-13T00:00:00+02:00,4378751,0
1938,Pol Lozano,2026-07-14T00:00:00+02:00,4269887,0
1938,Pol Lozano,2026-07-15T00:00:00+02:00,4155865,0
1938,Pol Lozano,2026-07-16T00:00:00+02:00,4055772,0
1938,Pol Lozano,2026-07-17T00:00:00+02:00,3958671,0
1938,Pol Lozano,2026-07-18T00:00:00+02:00,3867473,0
1938,Pol Lozano,2026-07-19T00:00:00+02:00,3776651,0
1938,Pol Lozano,2026-07-20T00:00:00+02:00,3694988,0
1938,Pol Lozano,2026-07-21T00:00:00+02:00,3615627,0
1938,Pol Lozano,2026-07-22T00:00:00+02:00,3520680,0
1938,Pol Lozano,2026-07-23T00:00:00+02:00,3444396,0
1938,Pol Lozano,2026-07-24T00:00:00+02:00,3370073,0
1938,Pol Lozano,2026-07-25T00:00:00+02:00,3300562,0
1938,Pol Lozano,2026-07-26T00:00:00+02:00,3236347,0
1938,Pol Lozano,2026-07-27T00:00:00+02:00,3171259,0
1938,Pol Lozano,2026-07-28T00:00:00+02:00,3104216,0
1938,Pol Lozano,2026-07-29T00:00:00+02:00,3042322,0
1938,Pol Lozano,2026-07-30T00:00:00+02:00,2987992,0
1938,Pol Lozano,2026-07-31T00:00:00+02:00,2926895,0
1938,Pol Lozano,2026-08-01T00:00:00+02:00,2872376,0
1938,Pol Lozano,2026-08-02T00:00:00+02:00,2814087,0
1938,Pol Lozano,2026-08-03T00:00:00+02:00,2754647,0
1938,Pol Lozano,2026-08-04T00:00:00+02:00,2703295,0
1938,Pol Lozano,2026-08-05T00:00:00+02:00,2659936,0
1938,Pol Lozano,2026-08-06T00:00:00+02:00,2615526,0
1938,Pol Lozano,2026-08-07T00:00:00+02:00,2568328,0
1938,Pol Lozano,2026-08-08T00:00:00+02:00,2530817,0
1938,Pol Lozano,2026-08-09T00:00:00+02:00,2493665,0
1938,Pol Lozano,2026-08-10T00:00:00+02:00,2455726,0
1938,Pol Lozano,2026-08-11T00:00:00+02:00,2412942,0
1938,Pol Lozano,2026-08-12T00:00:00+02:00,2384324,0
1938,Pol Lozano,2026-08-13T00:00:00+02:00,2345824,0
1938,Pol Lozano,2026-08-14T00:00:00+02:00,2314286,0
1938,Pol Lozano,2026-08-15T00:00:00+02:00,2295430,0
1938,Pol Lozano,2026-08-16T00:00:00+02:00,2274222,0
2040,Jauregizar,2026-06-29T00:00:00+02:00,15000000,0
2040,Jauregizar,2026-06-30T00:00:00+02:00,15000000,0
2040,Jauregizar,2026-07-01T00:00:00+02:00,15000000,0
2040,Jauregizar,2026-07-02T00:00:00+02:00,15000000,0
2040,Jauregizar,2026-07-03T00:00:00+02:00,15007124,0
2040,Jauregizar,2026-07-04T00:00:00+02:00,15024539,0
2040,Jauregizar,2026-07-05T00:00:00+02:00,15039382,0
2040,Jauregizar,2026-07-06T00:00:00+02:00,15057950,0
2040,Jauregizar,2026-07-07T00:00:00+02:00,15057172,0
2040,Jauregizar,2026-07-08T00:00:00+02:00,15066636,0
2040,Jauregizar,2026-07-09T00:00:00+02:00,15164515,0
2040,Jauregizar,2026-07-10T00:00:00+02:00,15543657,0
2040,Jauregizar,2026-07-11T00:00:00+02:00,15809433,0
2040,Jauregizar,2026-07-12T00:00:00+02:00,16119372,0
2040,Jauregizar,2026-07-13T00:00:00+02:00,16298073,0
2040,Jauregizar,2026-07-14T00:00:00+02:00,16602069,0
2040,Jauregizar,2026-07-15T00:00:00+02:00,16959512,0
2040,Jauregizar,2026-07-16T00:00:00+02:00,17314787,0
2040,Jauregizar,2026-07-17T00:00:00+02:00,17649097,0
2040,Jauregizar,2026-07-18T00:00:00+02:00,18079608,0
2040,Jauregizar,2026-07-19T00:00:00+02:00,18513677,0
2040,Jauregizar,2026-07-20T00:00:00+02:00,18966250,0
2040,Jauregizar,2026-07-21T00:00:00+02:00,19402364,0
2040,Jauregizar,2026-07-22T00:00:00+02:00,19679585,0
2040,Jauregizar,2026-07-23T00:00:00+02:00,20227124,0
2040,Jauregizar,2026-07-24T00:00:00+02:00,20617233,0
2040,Jauregizar,2026-07-25T00:00:00+02:00,21242194,0
2040,Jauregizar,2026-07-26T00:00:00+02:00,21620174,0
2040,Jauregizar,2026-07-27T00:00:00+02:00,22099766,0
2040,Jauregizar,2026-07-28T00:00:00+02:00,22546115,0
2040,Jauregizar,2026-07-29T00:00:00+02:00,22843391,0
2040,Jauregizar,2026-07-30T00:00:00+02:00,23255822,0
2040,Jauregizar,2026-07-31T00:00:00+02:00,23547973,0
2040,Jauregizar,2026-08-01T00:00:00+02:00,24013566,0
2040,Jauregizar,2026-08-02T00:00:00+02:00,24362816,0
2040,Jauregizar,2026-08-03T00:00:00+02:00,24770094,0
2040,Jauregizar,2026-08-04T00:00:00+02:00,25105991,0
2040,Jauregizar,2026-08-05T00:00:00+02:00,25511833,0
2040,Jauregizar,2026-08-06T00:00:00+02:00,25833432,0
2040,Jauregizar,2026-08-07T00:00:00+02:00,26126195,0
2040,Jauregizar,2026-08-08T00:00:00+02:00,26475513,0
2040,Jauregizar,2026-08-09T00:00:00+02:00,26786846,0
2040,Jauregizar,2026-08-10T00:00:00+02:00,27111278,0
2040,Jauregizar,2026-08-11T00:00:00+02:00,27485820,0
2040,Jauregizar,2026-08-12T00:00:00+02:00,27767222,0
2040,Jauregizar,2026-08-13T00:00:00+02:00,27954155,0
2040,Jauregizar,2026-08-14T00:00:00+02:00,28137822,0
2040,Jauregizar,2026-08-15T00:00:00+02:00,28243446,0
2040,Jauregizar,2026-08-16T00:00:00+02:00,28320536,0
2078,Hugo Alvarez,2026-06-29T00:00:00+02:00,6500000,0
2078,Hugo Alvarez,2026-06-30T00:00:00+02:00,6500000,0
2078,Hugo Alvarez,2026-07-01T00:00:00+02:00,6500000,0
2078,Hugo Alvarez,2026-07-02T00:00:00+02:00,6500000,0
2078,Hugo Alvarez,2026-07-03T00:00:00+02:00,6503087,0
2078,Hugo Alvarez,2026-07-04T00:00:00+02:00,6510633,0
2078,Hugo Alvarez,2026-07-05T00:00:00+02:00,6517065,0
2078,Hugo Alvarez,2026-07-06T00:00:00+02:00,6525111,0
2078,Hugo Alvarez,2026-07-07T00:00:00+02:00,6524774,0
2078,Hugo Alvarez,2026-07-08T00:00:00+02:00,6454604,0
2078,Hugo Alvarez,2026-07-09T00:00:00+02:00,6348422,0
2078,Hugo Alvarez,2026-07-10T00:00:00+02:00,6260766,0
2078,Hugo Alvarez,2026-07-11T00:00:00+02:00,6126534,0
2078,Hugo Alvarez,2026-07-12T00:00:00+02:00,5979312,0
2078,Hugo Alvarez,2026-07-13T00:00:00+02:00,5840951,0
2078,Hugo Alvarez,2026-07-14T00:00:00+02:00,5701857,0
2078,Hugo Alvarez,2026-07-15T00:00:00+02:00,5581097,0
2078,Hugo Alvarez,2026-07-16T00:00:00+02:00,5420101,0
2078,Hugo Alvarez,2026-07-17T00:00:00+02:00,5298379,0
2078,Hugo Alvarez,2026-07-18T00:00:00+02:00,5168833,0
2078,Hugo Alvarez,2026-07-19T00:00:00+02:00,5049493,0
2078,Hugo Alvarez,2026-07-20T00:00:00+02:00,4932506,0
2078,Hugo Alvarez,2026-07-21T00:00:00+02:00,4818161,0
2078,Hugo Alvarez,2026-07-22T00:00:00+02:00,4702079,0
2078,Hugo Alvarez,2026-07-23T00:00:00+02:00,4588946,0
2078,Hugo Alvarez,2026-07-24T00:00:00+02:00,4496897,0
2078,Hugo Alvarez,2026-07-25T00:00:00+02:00,4396525,0
2078,Hugo Alvarez,2026-07-26T00:00:00+02:00,4301202,0
2078,Hugo Alvarez,2026-07-27T00:00:00+02:00,4214547,0
2078,Hugo Alvarez,2026-07-28T00:00:00+02:00,4114575,0
2078,Hugo Alvarez,2026-07-29T00:00:00+02:00,4024128,0
2078,Hugo Alvarez,2026-07-30T00:00:00+02:00,3941270,0
2078,Hugo Alvarez,2026-07-31T00:00:00+02:00,3853008,0
2078,Hugo Alvarez,2026-08-01T00:00:00+02:00,3769692,0
2078,Hugo Alvarez,2026-08-02T00:00:00+02:00,3691778,0
2078,Hugo Alvarez,2026-08-03T00:00:00+02:00,3615680,0
2078,Hugo Alvarez,2026-08-04T00:00:00+02:00,3539937,0
2078,Hugo Alvarez,2026-08-05T00:00:00+02:00,3476220,0
2078,Hugo Alvarez,2026-08-06T00:00:00+02:00,3404397,0
2078,Hugo Alvarez,2026-08-07T00:00:00+02:00,3347212,0
2078,Hugo Alvarez,2026-08-08T00:00:00+02:00,3298387,0
2078,Hugo Alvarez,2026-08-09T00:00:00+02:00,3243058,0
2078,Hugo Alvarez,2026-08-10T00:00:00+02:00,3199407,0
2078,Hugo Alvarez,2026-08-11T00:00:00+02:00,3162200,0
2078,Hugo Alvarez,2026-08-12T00:00:00+02:00,3118703,0
2078,Hugo Alvarez,2026-08-13T00:00:00+02:00,3078834,0
2078,Hugo Alvarez,2026-08-14T00:00:00+02:00,3040262,0
2078,Hugo Alvarez,2026-08-15T00:00:00+02:00,3003853,0
2078,Hugo Alvarez,2026-08-16T00:00:00+02:00,2978796,0
2295,Febas,2026-06-29T00:00:00+02:00,25000000,0
2295,Febas,2026-06-30T00:00:00+02:00,25000000,0
2295,Febas,2026-07-01T00:00:00+02:00,25000000,0
2295,Febas,2026-07-02T00:00:00+02:00,25000000,0
2295,Febas,2026-07-03T00:00:00+02:00,25011874,0
2295,Febas,2026-07-04T00:00:00+02:00,25040899,0
2295,Febas,2026-07-05T00:00:00+02:00,25065638,0
2295,Febas,2026-08-06T00:00:00+02:00,24226432,0
2295,Febas,2026-08-07T00:00:00+02:00,23419904,0
2295,Febas,2026-08-08T00:00:00+02:00,23174616,0
2295,Febas,2026-08-09T00:00:00+02:00,23107103,0
2295,Febas,2026-08-10T00:00:00+02:00,23101820,0
2295,Febas,2026-08-11T00:00:00+02:00,23188985,0
2295,Febas,2026-08-12T00:00:00+02:00,23392690,0
2295,Febas,2026-08-13T00:00:00+02:00,23674396,0
2295,Febas,2026-08-14T00:00:00+02:00,23982128,0
2295,Febas,2026-08-15T00:00:00+02:00,24244374,0
2295,Febas,2026-08-16T00:00:00+02:00,24378453,0
2317,Unai G.,2026-06-29T00:00:00+02:00,2800000,0
2317,Unai G.,2026-06-30T00:00:00+02:00,2800000,0
2317,Unai G.,2026-07-01T00:00:00+02:00,2800000,0
2317,Unai G.,2026-07-02T00:00:00+02:00,2800000,0
2317,Unai G.,2026-07-03T00:00:00+02:00,2801329,0
2317,Unai G.,2026-07-04T00:00:00+02:00,2804579,0
2317,Unai G.,2026-07-05T00:00:00+02:00,2807349,0
2317,Unai G.,2026-07-06T00:00:00+02:00,2810815,0
2317,Unai G.,2026-07-07T00:00:00+02:00,2810669,0
2317,Unai G.,2026-07-08T00:00:00+02:00,2725321,0
2317,Unai G.,2026-07-09T00:00:00+02:00,2639179,0
2317,Unai G.,2026-07-10T00:00:00+02:00,2558891,0
2317,Unai G.,2026-07-11T00:00:00+02:00,2483678,0
2317,Unai G.,2026-07-12T00:00:00+02:00,2415880,0
2317,Unai G.,2026-07-13T00:00:00+02:00,2346502,0
2317,Unai G.,2026-07-14T00:00:00+02:00,2277228,0
2318,O. Sancet,2026-06-29T00:00:00+02:00,27500000,0
2318,O. Sancet,2026-06-30T00:00:00+02:00,27500000,0
2318,O. Sancet,2026-07-01T00:00:00+02:00,27500000,0
2318,O. Sancet,2026-07-02T00:00:00+02:00,27500000,0
2318,O. Sancet,2026-07-03T00:00:00+02:00,27513062,0
2318,O. Sancet,2026-07-04T00:00:00+02:00,27544989,0
2318,O. Sancet,2026-07-05T00:00:00+02:00,27572202,0
2318,O. Sancet,2026-07-06T00:00:00+02:00,26526160,0
2318,O. Sancet,2026-07-07T00:00:00+02:00,26524789,0
2318,O. Sancet,2026-07-08T00:00:00+02:00,26286465,0
2318,O. Sancet,2026-07-09T00:00:00+02:00,26438641,0
2318,O. Sancet,2026-07-10T00:00:00+02:00,26596298,0
2318,O. Sancet,2026-07-11T00:00:00+02:00,26871729,0
2318,O. Sancet,2026-07-12T00:00:00+02:00,27452948,0
2318,O. Sancet,2026-07-13T00:00:00+02:00,28276844,0
2318,O. Sancet,2026-07-14T00:00:00+02:00,28869688,0
2318,O. Sancet,2026-07-15T00:00:00+02:00,29568571,0
2318,O. Sancet,2026-07-16T00:00:00+02:00,30473054,0
2318,O. Sancet,2026-07-17T00:00:00+02:00,31458696,0
2318,O. Sancet,2026-07-18T00:00:00+02:00,32571757,0
2318,O. Sancet,2026-07-19T00:00:00+02:00,33404212,0
2318,O. Sancet,2026-07-20T00:00:00+02:00,34297049,0
2318,O. Sancet,2026-07-21T00:00:00+02:00,35274899,0
2318,O. Sancet,2026-07-22T00:00:00+02:00,35719510,0
2318,O. Sancet,2026-07-23T00:00:00+02:00,36746174,0
2318,O. Sancet,2026-07-24T00:00:00+02:00,37530547,0
2318,O. Sancet,2026-07-25T00:00:00+02:00,38868084,0
2318,O. Sancet,2026-07-26T00:00:00+02:00,39869479,0
2318,O. Sancet,2026-07-27T00:00:00+02:00,40915346,0
2318,O. Sancet,2026-07-28T00:00:00+02:00,42239051,0
2318,O. Sancet,2026-07-29T00:00:00+02:00,43159302,0
2318,O. Sancet,2026-07-30T00:00:00+02:00,44412046,0
2318,O. Sancet,2026-07-31T00:00:00+02:00,45276480,0
2318,O. Sancet,2026-08-01T00:00:00+02:00,46308485,0
2318,O. Sancet,2026-08-02T00:00:00+02:00,47277094,0
2318,O. Sancet,2026-08-03T00:00:00+02:00,48168228,0
2318,O. Sancet,2026-08-04T00:00:00+02:00,49226307,0
2318,O. Sancet,2026-08-05T00:00:00+02:00,50144909,0
2318,O. Sancet,2026-08-06T00:00:00+02:00,50870078,0
2318,O. Sancet,2026-08-07T00:00:00+02:00,51403347,0
2318,O. Sancet,2026-08-08T00:00:00+02:00,51916782,0
2318,O. Sancet,2026-08-09T00:00:00+02:00,52140968,0
2318,O. Sancet,2026-08-10T00:00:00+02:00,52085174,0
2318,O. Sancet,2026-08-11T00:00:00+02:00,51456065,0
2318,O. Sancet,2026-08-12T00:00:00+02:00,50459886,0
2318,O. Sancet,2026-08-13T00:00:00+02:00,49342720,0
2318,O. Sancet,2026-08-14T00:00:00+02:00,48369717,0
2318,O. Sancet,2026-08-15T00:00:00+02:00,47685928,0
2318,O. Sancet,2026-08-16T00:00:00+02:00,47005338,0
2326,Koke,2026-06-29T00:00:00+02:00,17700000,0
2326,Koke,2026-06-30T00:00:00+02:00,17700000,0
2326,Koke,2026-07-01T00:00:00+02:00,17700000,0
2326,Koke,2026-07-02T00:00:00+02:00,17700000,0
2326,Koke,2026-07-03T00:00:00+02:00,17708407,0
2326,Koke,2026-07-04T00:00:00+02:00,17728956,0
2326,Koke,2026-07-05T00:00:00+02:00,17746471,0
2326,Koke,2026-08-13T00:00:00+02:00,17146543,0
2326,Koke,2026-08-14T00:00:00+02:00,16561986,0
2326,Koke,2026-08-15T00:00:00+02:00,16395293,0
2326,Koke,2026-08-16T00:00:00+02:00,16231219,0
2331,Carlos Martín,2026-06-29T00:00:00+02:00,2300000,0
2331,Carlos Martín,2026-06-30T00:00:00+02:00,2300000,0
2331,Carlos Martín,2026-07-01T00:00:00+02:00,2300000,0
2331,Carlos Martín,2026-07-02T00:00:00+02:00,2300000,0
2331,Carlos Martín,2026-07-03T00:00:00+02:00,2301092,0
2331,Carlos Martín,2026-07-04T00:00:00+02:00,2213784,0
2331,Carlos Martín,2026-07-05T00:00:00+02:00,2215971,0
2338,Aimar,2026-06-29T00:00:00+02:00,20000000,0
2338,Aimar,2026-06-30T00:00:00+02:00,20000000,0
2338,Aimar,2026-07-01T00:00:00+02:00,20000000,0
2338,Aimar,2026-07-02T00:00:00+02:00,20000000,0
2338,Aimar,2026-07-03T00:00:00+02:00,20009499,0
2338,Aimar,2026-07-04T00:00:00+02:00,20032719,0
2338,Aimar,2026-07-05T00:00:00+02:00,20052510,0
2338,Aimar,2026-07-06T00:00:00+02:00,20077267,0
2338,Aimar,2026-07-07T00:00:00+02:00,20076230,0
2338,Aimar,2026-07-08T00:00:00+02:00,20015996,0
2338,Aimar,2026-07-09T00:00:00+02:00,20114370,0
2338,Aimar,2026-07-10T00:00:00+02:00,20033356,0
2338,Aimar,2026-07-11T00:00:00+02:00,19878852,0
2338,Aimar,2026-07-12T00:00:00+02:00,19617895,0
2338,Aimar,2026-07-13T00:00:00+02:00,19398468,0
2338,Aimar,2026-07-14T00:00:00+02:00,19207986,0
2338,Aimar,2026-07-15T00:00:00+02:00,19055622,0
2338,Aimar,2026-07-16T00:00:00+02:00,18839383,0
2338,Aimar,2026-07-17T00:00:00+02:00,18664543,0
2338,Aimar,2026-07-18T00:00:00+02:00,18504532,0
2338,Aimar,2026-07-19T00:00:00+02:00,18334358,0
2338,Aimar,2026-07-20T00:00:00+02:00,18201402,0
2338,Aimar,2026-07-21T00:00:00+02:00,18075253,0
2338,Aimar,2026-07-22T00:00:00+02:00,17811926,0
2338,Aimar,2026-07-23T00:00:00+02:00,17638969,0
2338,Aimar,2026-07-24T00:00:00+02:00,17474040,0
2338,Aimar,2026-07-25T00:00:00+02:00,17349458,0
2338,Aimar,2026-07-26T00:00:00+02:00,17241131,0
2338,Aimar,2026-07-27T00:00:00+02:00,16987422,0
2338,Aimar,2026-07-28T00:00:00+02:00,16602577,0
2338,Aimar,2026-07-29T00:00:00+02:00,16200453,0
2338,Aimar,2026-07-30T00:00:00+02:00,15872987,0
2338,Aimar,2026-07-31T00:00:00+02:00,15529181,0
2338,Aimar,2026-08-01T00:00:00+02:00,15242735,0
2338,Aimar,2026-08-02T00:00:00+02:00,15156295,0
2338,Aimar,2026-08-03T00:00:00+02:00,15100494,0
2338,Aimar,2026-08-04T00:00:00+02:00,15056680,0
2338,Aimar,2026-08-05T00:00:00+02:00,14961167,0
2338,Aimar,2026-08-06T00:00:00+02:00,14916543,0
2338,Aimar,2026-08-07T00:00:00+02:00,14902997,0
2338,Aimar,2026-08-08T00:00:00+02:00,14941079,0
2338,Aimar,2026-08-09T00:00:00+02:00,15031489,0
2338,Aimar,2026-08-10T00:00:00+02:00,15159453,0
2338,Aimar,2026-08-11T00:00:00+02:00,15369421,0
2338,Aimar,2026-08-12T00:00:00+02:00,15527454,0
2338,Aimar,2026-08-13T00:00:00+02:00,15604014,0
2338,Aimar,2026-08-14T00:00:00+02:00,15722664,0
2338,Aimar,2026-08-15T00:00:00+02:00,15799492,0
2338,Aimar,2026-08-16T00:00:00+02:00,16006929,0
2342,Protesoni,2026-06-29T00:00:00+02:00,3000000,0
2342,Protesoni,2026-06-30T00:00:00+02:00,3000000,0
2342,Protesoni,2026-07-01T00:00:00+02:00,3000000,0
2342,Protesoni,2026-07-02T00:00:00+02:00,3000000,0
2342,Protesoni,2026-07-03T00:00:00+02:00,3001424,0
2342,Protesoni,2026-07-04T00:00:00+02:00,3004907,0
2342,Protesoni,2026-07-05T00:00:00+02:00,3007875,0
2342,Protesoni,2026-07-06T00:00:00+02:00,3011588,0
2342,Protesoni,2026-08-13T00:00:00+02:00,2909966,0
2342,Protesoni,2026-08-14T00:00:00+02:00,2810757,0
2342,Protesoni,2026-08-15T00:00:00+02:00,2756796,0
2342,Protesoni,2026-08-16T00:00:00+02:00,2699001,0
2347,Y. Santiago,2026-06-29T00:00:00+02:00,1300000,0
2347,Y. Santiago,2026-06-30T00:00:00+02:00,1300000,0
2347,Y. Santiago,2026-07-01T00:00:00+02:00,1300000,0
2347,Y. Santiago,2026-07-02T00:00:00+02:00,1300000,0
2347,Y. Santiago,2026-07-03T00:00:00+02:00,1300617,0
2347,Y. Santiago,2026-07-04T00:00:00+02:00,1302126,0
2347,Y. Santiago,2026-07-05T00:00:00+02:00,1303412,0
2347,Y. Santiago,2026-07-06T00:00:00+02:00,1305021,0
2347,Y. Santiago,2026-07-07T00:00:00+02:00,1304953,0
2347,Y. Santiago,2026-07-08T00:00:00+02:00,1273565,0
2347,Y. Santiago,2026-07-09T00:00:00+02:00,1231524,0
2347,Y. Santiago,2026-07-10T00:00:00+02:00,1192826,0
2347,Y. Santiago,2026-07-11T00:00:00+02:00,1157843,0
2347,Y. Santiago,2026-07-12T00:00:00+02:00,1123642,0
2347,Y. Santiago,2026-07-13T00:00:00+02:00,1091626,0
2347,Y. Santiago,2026-07-14T00:00:00+02:00,1060722,0
2347,Y. Santiago,2026-07-15T00:00:00+02:00,1031619,0
2347,Y. Santiago,2026-07-16T00:00:00+02:00,1004988,0
2347,Y. Santiago,2026-07-17T00:00:00+02:00,979722,0
2347,Y. Santiago,2026-07-18T00:00:00+02:00,955820,0
2347,Y. Santiago,2026-07-19T00:00:00+02:00,933119,0
2347,Y. Santiago,2026-07-20T00:00:00+02:00,912037,0
2347,Y. Santiago,2026-07-21T00:00:00+02:00,893315,0
2347,Y. Santiago,2026-07-22T00:00:00+02:00,870877,0
2347,Y. Santiago,2026-07-23T00:00:00+02:00,850889,0
2347,Y. Santiago,2026-07-24T00:00:00+02:00,830750,0
2347,Y. Santiago,2026-07-25T00:00:00+02:00,813071,0
2347,Y. Santiago,2026-07-26T00:00:00+02:00,796719,0
2347,Y. Santiago,2026-07-27T00:00:00+02:00,780629,0
2347,Y. Santiago,2026-07-28T00:00:00+02:00,765302,0
2347,Y. Santiago,2026-07-29T00:00:00+02:00,748384,0
2347,Y. Santiago,2026-07-30T00:00:00+02:00,732865,0
2347,Y. Santiago,2026-07-31T00:00:00+02:00,717515,0
2347,Y. Santiago,2026-08-01T00:00:00+02:00,702884,0
2347,Y. Santiago,2026-08-02T00:00:00+02:00,689752,0
2347,Y. Santiago,2026-08-03T00:00:00+02:00,676571,0
2347,Y. Santiago,2026-08-04T00:00:00+02:00,663251,0
2347,Y. Santiago,2026-08-05T00:00:00+02:00,650535,0
2347,Y. Santiago,2026-08-06T00:00:00+02:00,637833,0
2347,Y. Santiago,2026-08-07T00:00:00+02:00,625737,0
2347,Y. Santiago,2026-08-08T00:00:00+02:00,614607,0
2347,Y. Santiago,2026-08-09T00:00:00+02:00,604939,0
2347,Y. Santiago,2026-08-10T00:00:00+02:00,595877,0
2347,Y. Santiago,2026-08-11T00:00:00+02:00,586087,0
2347,Y. Santiago,2026-08-12T00:00:00+02:00,576295,0
2347,Y. Santiago,2026-08-13T00:00:00+02:00,565783,0
2347,Y. Santiago,2026-08-14T00:00:00+02:00,554968,0
2347,Y. Santiago,2026-08-15T00:00:00+02:00,545741,0
2347,Y. Santiago,2026-08-16T00:00:00+02:00,538830,0
2348,M. Aguado,2026-06-29T00:00:00+02:00,6000000,0
2348,M. Aguado,2026-06-30T00:00:00+02:00,6000000,0
2348,M. Aguado,2026-07-01T00:00:00+02:00,6000000,0
2348,M. Aguado,2026-07-02T00:00:00+02:00,6000000,0
2348,M. Aguado,2026-07-03T00:00:00+02:00,6002849,0
2348,M. Aguado,2026-07-04T00:00:00+02:00,6009815,0
2348,M. Aguado,2026-07-05T00:00:00+02:00,6015752,0
2348,M. Aguado,2026-07-06T00:00:00+02:00,6023179,0
2348,M. Aguado,2026-07-07T00:00:00+02:00,6022867,0
2348,M. Aguado,2026-07-08T00:00:00+02:00,5908928,0
2348,M. Aguado,2026-07-09T00:00:00+02:00,5822607,0
2348,M. Aguado,2026-07-10T00:00:00+02:00,5747238,0
2348,M. Aguado,2026-07-11T00:00:00+02:00,5610490,0
2348,M. Aguado,2026-07-12T00:00:00+02:00,5491296,0
2348,M. Aguado,2026-07-13T00:00:00+02:00,5350651,0
2348,M. Aguado,2026-07-14T00:00:00+02:00,5222316,0
2348,M. Aguado,2026-07-15T00:00:00+02:00,5101057,0
2348,M. Aguado,2026-07-16T00:00:00+02:00,4972644,0
2348,M. Aguado,2026-07-17T00:00:00+02:00,4859084,0
2348,M. Aguado,2026-07-18T00:00:00+02:00,4758214,0
2348,M. Aguado,2026-07-19T00:00:00+02:00,4668562,0
2348,M. Aguado,2026-07-20T00:00:00+02:00,4581437,0
2348,M. Aguado,2026-07-21T00:00:00+02:00,4480415,0
2348,M. Aguado,2026-07-22T00:00:00+02:00,4387106,0
2348,M. Aguado,2026-07-23T00:00:00+02:00,4301336,0
2348,M. Aguado,2026-07-24T00:00:00+02:00,4219719,0
2348,M. Aguado,2026-07-25T00:00:00+02:00,4146468,0
2348,M. Aguado,2026-07-26T00:00:00+02:00,4084010,0
2348,M. Aguado,2026-07-27T00:00:00+02:00,4011884,0
2348,M. Aguado,2026-07-28T00:00:00+02:00,3962526,0
2348,M. Aguado,2026-07-29T00:00:00+02:00,3896965,0
2348,M. Aguado,2026-07-30T00:00:00+02:00,3845677,0
2348,M. Aguado,2026-07-31T00:00:00+02:00,3785098,0
2348,M. Aguado,2026-08-01T00:00:00+02:00,3751992,0
2348,M. Aguado,2026-08-02T00:00:00+02:00,3717126,0
2348,M. Aguado,2026-08-03T00:00:00+02:00,3671063,0
2348,M. Aguado,2026-08-04T00:00:00+02:00,3636770,0
2348,M. Aguado,2026-08-05T00:00:00+02:00,3610955,0
2348,M. Aguado,2026-08-06T00:00:00+02:00,3579758,0
2348,M. Aguado,2026-08-07T00:00:00+02:00,3560652,0
2348,M. Aguado,2026-08-08T00:00:00+02:00,3541062,0
2348,M. Aguado,2026-08-09T00:00:00+02:00,3523789,0
2348,M. Aguado,2026-08-10T00:00:00+02:00,3509271,0
2348,M. Aguado,2026-08-11T00:00:00+02:00,3497063,0
2348,M. Aguado,2026-08-12T00:00:00+02:00,3486899,0
2348,M. Aguado,2026-08-13T00:00:00+02:00,3477703,0
2348,M. Aguado,2026-08-14T00:00:00+02:00,3477206,0
2348,M. Aguado,2026-08-15T00:00:00+02:00,3506001,0
2348,M. Aguado,2026-08-16T00:00:00+02:00,3525382,0
2358,F. De Jong,2026-06-29T00:00:00+02:00,44500000,0
2358,F. De Jong,2026-06-30T00:00:00+02:00,44500000,0
2358,F. De Jong,2026-07-01T00:00:00+02:00,44500000,0
2358,F. De Jong,2026-07-02T00:00:00+02:00,44500000,0
2358,F. De Jong,2026-07-03T00:00:00+02:00,44521136,0
2358,F. De Jong,2026-07-04T00:00:00+02:00,44572801,0
2358,F. De Jong,2026-07-05T00:00:00+02:00,44616836,0
2358,F. De Jong,2026-07-31T00:00:00+02:00,43131844,0
2358,F. De Jong,2026-08-01T00:00:00+02:00,41709993,0
2358,F. De Jong,2026-08-02T00:00:00+02:00,40557445,0
2358,F. De Jong,2026-08-03T00:00:00+02:00,39475447,0
2358,F. De Jong,2026-08-04T00:00:00+02:00,38342431,0
2358,F. De Jong,2026-08-05T00:00:00+02:00,37113043,0
2358,F. De Jong,2026-08-06T00:00:00+02:00,35908292,0
2358,F. De Jong,2026-08-07T00:00:00+02:00,34750619,0
2358,F. De Jong,2026-08-08T00:00:00+02:00,33643754,0
2358,F. De Jong,2026-08-09T00:00:00+02:00,32574026,0
2358,F. De Jong,2026-08-10T00:00:00+02:00,31550526,0
2358,F. De Jong,2026-08-11T00:00:00+02:00,30547566,0
2358,F. De Jong,2026-08-12T00:00:00+02:00,29565340,0
2358,F. De Jong,2026-08-13T00:00:00+02:00,28595667,0
2358,F. De Jong,2026-08-14T00:00:00+02:00,27659325,0
2358,F. De Jong,2026-08-15T00:00:00+02:00,26770325,0
2358,F. De Jong,2026-08-16T00:00:00+02:00,25953214,0
2362,M. Casadó,2026-06-29T00:00:00+02:00,3100000,0
2362,M. Casadó,2026-06-30T00:00:00+02:00,3100000,0
2362,M. Casadó,2026-07-01T00:00:00+02:00,3100000,0
2362,M. Casadó,2026-07-02T00:00:00+02:00,3100000,0
2362,M. Casadó,2026-07-03T00:00:00+02:00,3101472,0
2362,M. Casadó,2026-07-04T00:00:00+02:00,2983796,0
2362,M. Casadó,2026-07-05T00:00:00+02:00,2986743,0
2362,M. Casadó,2026-07-06T00:00:00+02:00,2990430,0
2362,M. Casadó,2026-07-07T00:00:00+02:00,2990275,0
2362,M. Casadó,2026-07-08T00:00:00+02:00,2900031,0
2362,M. Casadó,2026-07-09T00:00:00+02:00,2891768,0
2362,M. Casadó,2026-07-10T00:00:00+02:00,2828140,0
2362,M. Casadó,2026-07-11T00:00:00+02:00,2785206,0
2362,M. Casadó,2026-07-12T00:00:00+02:00,2736716,0
2362,M. Casadó,2026-07-13T00:00:00+02:00,2685876,0
2362,M. Casadó,2026-07-14T00:00:00+02:00,2634781,0
2362,M. Casadó,2026-07-15T00:00:00+02:00,2588763,0
2362,M. Casadó,2026-07-16T00:00:00+02:00,2540543,0
2362,M. Casadó,2026-07-17T00:00:00+02:00,2496820,0
2362,M. Casadó,2026-07-18T00:00:00+02:00,2465928,0
2362,M. Casadó,2026-07-19T00:00:00+02:00,2428129,0
2362,M. Casadó,2026-07-20T00:00:00+02:00,2394881,0
2362,M. Casadó,2026-07-21T00:00:00+02:00,2365457,0
2362,M. Casadó,2026-07-22T00:00:00+02:00,2322976,0
2362,M. Casadó,2026-07-23T00:00:00+02:00,2295442,0
2362,M. Casadó,2026-07-24T00:00:00+02:00,2261634,0
2362,M. Casadó,2026-07-25T00:00:00+02:00,2240740,0
2362,M. Casadó,2026-07-26T00:00:00+02:00,2222849,0
2362,M. Casadó,2026-07-27T00:00:00+02:00,2199177,0
2362,M. Casadó,2026-07-28T00:00:00+02:00,2177099,0
2362,M. Casadó,2026-07-29T00:00:00+02:00,2141263,0
2362,M. Casadó,2026-07-30T00:00:00+02:00,2124006,0
2362,M. Casadó,2026-07-31T00:00:00+02:00,2099177,0
2362,M. Casadó,2026-08-01T00:00:00+02:00,2082922,0
2362,M. Casadó,2026-08-02T00:00:00+02:00,2069746,0
2362,M. Casadó,2026-08-03T00:00:00+02:00,2041966,0
2362,M. Casadó,2026-08-04T00:00:00+02:00,2014570,0
2362,M. Casadó,2026-08-05T00:00:00+02:00,1990623,0
2362,M. Casadó,2026-08-06T00:00:00+02:00,1966058,0
2362,M. Casadó,2026-08-07T00:00:00+02:00,1940215,0
2362,M. Casadó,2026-08-08T00:00:00+02:00,1917119,0
2362,M. Casadó,2026-08-09T00:00:00+02:00,1894547,0
2362,M. Casadó,2026-08-10T00:00:00+02:00,1861459,0
2362,M. Casadó,2026-08-11T00:00:00+02:00,1827253,0
2362,M. Casadó,2026-08-12T00:00:00+02:00,1802516,0
2362,M. Casadó,2026-08-13T00:00:00+02:00,1771690,0
2362,M. Casadó,2026-08-14T00:00:00+02:00,1746754,0
2362,M. Casadó,2026-08-15T00:00:00+02:00,1730958,0
2362,M. Casadó,2026-08-16T00:00:00+02:00,1715638,0
2372,Herrera,2026-06-29T00:00:00+02:00,6000000,0
2372,Herrera,2026-06-30T00:00:00+02:00,6000000,0
2372,Herrera,2026-07-01T00:00:00+02:00,6000000,0
2372,Herrera,2026-07-02T00:00:00+02:00,6000000,0
2372,Herrera,2026-07-03T00:00:00+02:00,6002849,0
2372,Herrera,2026-07-04T00:00:00+02:00,6009815,0
2372,Herrera,2026-07-05T00:00:00+02:00,6015752,0
2372,Herrera,2026-07-06T00:00:00+02:00,6023179,0
2372,Herrera,2026-07-07T00:00:00+02:00,6022867,0
2372,Herrera,2026-07-08T00:00:00+02:00,6007077,0
2372,Herrera,2026-07-09T00:00:00+02:00,6016362,0
2372,Herrera,2026-07-10T00:00:00+02:00,5881499,0
2372,Herrera,2026-07-11T00:00:00+02:00,5773022,0
2372,Herrera,2026-07-12T00:00:00+02:00,5618924,0
2372,Herrera,2026-07-13T00:00:00+02:00,5481699,0
2372,Herrera,2026-07-14T00:00:00+02:00,5333907,0
2372,Herrera,2026-07-15T00:00:00+02:00,5206262,0
2372,Herrera,2026-07-16T00:00:00+02:00,5102619,0
2372,Herrera,2026-07-17T00:00:00+02:00,5003172,0
2372,Herrera,2026-07-18T00:00:00+02:00,4901041,0
2372,Herrera,2026-07-19T00:00:00+02:00,4794007,0
2372,Herrera,2026-07-20T00:00:00+02:00,4693305,0
2372,Herrera,2026-07-21T00:00:00+02:00,4600820,0
2372,Herrera,2026-07-22T00:00:00+02:00,4475711,0
2372,Herrera,2026-07-23T00:00:00+02:00,4381439,0
2372,Herrera,2026-07-24T00:00:00+02:00,4284713,0
2372,Herrera,2026-07-25T00:00:00+02:00,4186350,0
2372,Herrera,2026-07-26T00:00:00+02:00,4113544,0
2372,Herrera,2026-07-27T00:00:00+02:00,4032694,0
2372,Herrera,2026-07-28T00:00:00+02:00,3959689,0
2372,Herrera,2026-07-29T00:00:00+02:00,3872897,0
2372,Herrera,2026-07-30T00:00:00+02:00,3799911,0
2372,Herrera,2026-07-31T00:00:00+02:00,3727331,0
2372,Herrera,2026-08-01T00:00:00+02:00,3668278,0
2372,Herrera,2026-08-02T00:00:00+02:00,3596621,0
2372,Herrera,2026-08-03T00:00:00+02:00,3534927,0
2372,Herrera,2026-08-04T00:00:00+02:00,3467584,0
2372,Herrera,2026-08-05T00:00:00+02:00,3404835,0
2372,Herrera,2026-08-06T00:00:00+02:00,3342020,0
2372,Herrera,2026-08-07T00:00:00+02:00,3287849,0
2372,Herrera,2026-08-08T00:00:00+02:00,3240001,0
2372,Herrera,2026-08-09T00:00:00+02:00,3198593,0
2372,Herrera,2026-08-10T00:00:00+02:00,3160339,0
2372,Herrera,2026-08-11T00:00:00+02:00,3138434,0
2372,Herrera,2026-08-12T00:00:00+02:00,3123699,0
2372,Herrera,2026-08-13T00:00:00+02:00,3097776,0
2372,Herrera,2026-08-14T00:00:00+02:00,3080050,0
2372,Herrera,2026-08-15T00:00:00+02:00,3072258,0
2372,Herrera,2026-08-16T00:00:00+02:00,3056483,0
2383,Pathé I. Ciss,2026-06-29T00:00:00+02:00,10000000,0
2383,Pathé I. Ciss,2026-06-30T00:00:00+02:00,10000000,0
2383,Pathé I. Ciss,2026-07-01T00:00:00+02:00,10000000,0
2383,Pathé I. Ciss,2026-07-02T00:00:00+02:00,10000000,0
2383,Pathé I. Ciss,2026-07-03T00:00:00+02:00,10004749,0
2383,Pathé I. Ciss,2026-07-04T00:00:00+02:00,10016359,0
2383,Pathé I. Ciss,2026-07-05T00:00:00+02:00,10026254,0
2383,Pathé I. Ciss,2026-07-06T00:00:00+02:00,9645875,0
2383,Pathé I. Ciss,2026-07-07T00:00:00+02:00,9645376,0
2383,Pathé I. Ciss,2026-07-08T00:00:00+02:00,10425390,0
2383,Pathé I. Ciss,2026-07-09T00:00:00+02:00,10540086,0
2383,Pathé I. Ciss,2026-07-10T00:00:00+02:00,11065637,0
2383,Pathé I. Ciss,2026-07-11T00:00:00+02:00,11394894,0
2383,Pathé I. Ciss,2026-07-12T00:00:00+02:00,11519557,0
2383,Pathé I. Ciss,2026-07-13T00:00:00+02:00,11554400,0
2383,Pathé I. Ciss,2026-07-14T00:00:00+02:00,11496438,0
2383,Pathé I. Ciss,2026-07-15T00:00:00+02:00,11571318,0
2383,Pathé I. Ciss,2026-07-16T00:00:00+02:00,11525281,0
2383,Pathé I. Ciss,2026-07-17T00:00:00+02:00,11535088,0
2383,Pathé I. Ciss,2026-07-18T00:00:00+02:00,11485939,0
2383,Pathé I. Ciss,2026-07-19T00:00:00+02:00,11442545,0
2383,Pathé I. Ciss,2026-07-20T00:00:00+02:00,11394233,0
2383,Pathé I. Ciss,2026-07-21T00:00:00+02:00,11264854,0
2383,Pathé I. Ciss,2026-07-22T00:00:00+02:00,11116509,0
2383,Pathé I. Ciss,2026-07-23T00:00:00+02:00,11079197,0
2383,Pathé I. Ciss,2026-07-24T00:00:00+02:00,10944916,0
2383,Pathé I. Ciss,2026-07-25T00:00:00+02:00,10918513,0
2383,Pathé I. Ciss,2026-07-26T00:00:00+02:00,10902487,0
2383,Pathé I. Ciss,2026-07-27T00:00:00+02:00,10859894,0
2383,Pathé I. Ciss,2026-07-28T00:00:00+02:00,10779479,0
2383,Pathé I. Ciss,2026-07-29T00:00:00+02:00,10702068,0
2383,Pathé I. Ciss,2026-07-30T00:00:00+02:00,10654693,0
2383,Pathé I. Ciss,2026-07-31T00:00:00+02:00,10598834,0
2383,Pathé I. Ciss,2026-08-01T00:00:00+02:00,10548967,0
2383,Pathé I. Ciss,2026-08-02T00:00:00+02:00,10577930,0
2383,Pathé I. Ciss,2026-08-03T00:00:00+02:00,10618311,0
2383,Pathé I. Ciss,2026-08-04T00:00:00+02:00,10699926,0
2383,Pathé I. Ciss,2026-08-05T00:00:00+02:00,10719564,0
2383,Pathé I. Ciss,2026-08-06T00:00:00+02:00,10764810,0
2383,Pathé I. Ciss,2026-08-07T00:00:00+02:00,10858026,0
2383,Pathé I. Ciss,2026-08-08T00:00:00+02:00,11041570,0
2383,Pathé I. Ciss,2026-08-09T00:00:00+02:00,11253677,0
2383,Pathé I. Ciss,2026-08-10T00:00:00+02:00,11378588,0
2383,Pathé I. Ciss,2026-08-11T00:00:00+02:00,11472730,0
2383,Pathé I. Ciss,2026-08-12T00:00:00+02:00,11599915,0
2383,Pathé I. Ciss,2026-08-13T00:00:00+02:00,11705688,0
2383,Pathé I. Ciss,2026-08-14T00:00:00+02:00,11834330,0
2383,Pathé I. Ciss,2026-08-15T00:00:00+02:00,11955085,0
2383,Pathé I. Ciss,2026-08-16T00:00:00+02:00,12033660,0
2384,Unai Lopez,2026-06-29T00:00:00+02:00,7000000,0
2384,Unai Lopez,2026-06-30T00:00:00+02:00,7000000,0
2384,Unai Lopez,2026-07-01T00:00:00+02:00,7000000,0
2384,Unai Lopez,2026-07-02T00:00:00+02:00,7000000,0
2384,Unai Lopez,2026-07-03T00:00:00+02:00,7003324,0
2384,Unai Lopez,2026-07-04T00:00:00+02:00,7011451,0
2384,Unai Lopez,2026-07-05T00:00:00+02:00,7018377,0
2384,Unai Lopez,2026-07-06T00:00:00+02:00,7027042,0
2384,Unai Lopez,2026-07-07T00:00:00+02:00,7026679,0
2384,Unai Lopez,2026-07-08T00:00:00+02:00,6974839,0
2384,Unai Lopez,2026-07-09T00:00:00+02:00,6943291,0
2384,Unai Lopez,2026-07-10T00:00:00+02:00,6932845,0
2384,Unai Lopez,2026-07-11T00:00:00+02:00,6911425,0
2384,Unai Lopez,2026-07-12T00:00:00+02:00,6801471,0
2384,Unai Lopez,2026-07-13T00:00:00+02:00,6677346,0
2384,Unai Lopez,2026-07-14T00:00:00+02:00,6576852,0
2384,Unai Lopez,2026-07-15T00:00:00+02:00,6489656,0
2384,Unai Lopez,2026-07-16T00:00:00+02:00,6434157,0
2384,Unai Lopez,2026-07-17T00:00:00+02:00,6375677,0
2384,Unai Lopez,2026-07-18T00:00:00+02:00,6321764,0
2384,Unai Lopez,2026-07-19T00:00:00+02:00,6224674,0
2384,Unai Lopez,2026-07-20T00:00:00+02:00,6157989,0
2384,Unai Lopez,2026-07-21T00:00:00+02:00,6082115,0
2384,Unai Lopez,2026-07-22T00:00:00+02:00,6054714,0
2384,Unai Lopez,2026-07-23T00:00:00+02:00,6099672,0
2384,Unai Lopez,2026-07-24T00:00:00+02:00,6103346,0
2384,Unai Lopez,2026-07-25T00:00:00+02:00,6129547,0
2384,Unai Lopez,2026-07-26T00:00:00+02:00,6133418,0
2384,Unai Lopez,2026-07-27T00:00:00+02:00,6130240,0
2384,Unai Lopez,2026-07-28T00:00:00+02:00,6132050,0
2384,Unai Lopez,2026-07-29T00:00:00+02:00,6100664,0
2384,Unai Lopez,2026-07-30T00:00:00+02:00,6111217,0
2384,Unai Lopez,2026-07-31T00:00:00+02:00,6078989,0
2384,Unai Lopez,2026-08-01T00:00:00+02:00,6038712,0
2384,Unai Lopez,2026-08-02T00:00:00+02:00,6009945,0
2384,Unai Lopez,2026-08-03T00:00:00+02:00,5981910,0
2384,Unai Lopez,2026-08-04T00:00:00+02:00,5920550,0
2384,Unai Lopez,2026-08-05T00:00:00+02:00,5888560,0
2384,Unai Lopez,2026-08-06T00:00:00+02:00,5856037,0
2384,Unai Lopez,2026-08-07T00:00:00+02:00,5850494,0
2384,Unai Lopez,2026-08-08T00:00:00+02:00,5831462,0
2384,Unai Lopez,2026-08-09T00:00:00+02:00,5810181,0
2384,Unai Lopez,2026-08-10T00:00:00+02:00,5774118,0
2384,Unai Lopez,2026-08-11T00:00:00+02:00,5756991,0
2384,Unai Lopez,2026-08-12T00:00:00+02:00,5769760,0
2384,Unai Lopez,2026-08-13T00:00:00+02:00,5768771,0
2384,Unai Lopez,2026-08-14T00:00:00+02:00,5796686,0
2384,Unai Lopez,2026-08-15T00:00:00+02:00,5876524,0
2384,Unai Lopez,2026-08-16T00:00:00+02:00,5910604,0
2385,Pedro Díaz,2026-06-29T00:00:00+02:00,4000000,0
2385,Pedro Díaz,2026-06-30T00:00:00+02:00,4000000,0
2385,Pedro Díaz,2026-07-01T00:00:00+02:00,4000000,0
2385,Pedro Díaz,2026-07-02T00:00:00+02:00,4000000,0
2385,Pedro Díaz,2026-07-03T00:00:00+02:00,4001899,0
2385,Pedro Díaz,2026-07-04T00:00:00+02:00,4006543,0
2385,Pedro Díaz,2026-07-05T00:00:00+02:00,4010501,0
2385,Pedro Díaz,2026-07-06T00:00:00+02:00,3858349,0
2385,Pedro Díaz,2026-07-07T00:00:00+02:00,3858149,0
2385,Pedro Díaz,2026-07-08T00:00:00+02:00,3798687,0
2385,Pedro Díaz,2026-07-09T00:00:00+02:00,3681723,0
2385,Pedro Díaz,2026-07-10T00:00:00+02:00,3588958,0
2385,Pedro Díaz,2026-07-11T00:00:00+02:00,3487584,0
2385,Pedro Díaz,2026-07-12T00:00:00+02:00,3391774,0
2385,Pedro Díaz,2026-07-13T00:00:00+02:00,3298375,0
2385,Pedro Díaz,2026-07-14T00:00:00+02:00,3203492,0
2385,Pedro Díaz,2026-07-15T00:00:00+02:00,3119188,0
2385,Pedro Díaz,2026-07-16T00:00:00+02:00,3050667,0
2385,Pedro Díaz,2026-07-17T00:00:00+02:00,2976753,0
2385,Pedro Díaz,2026-07-18T00:00:00+02:00,2902995,0
2385,Pedro Díaz,2026-07-19T00:00:00+02:00,2824958,0
2385,Pedro Díaz,2026-07-20T00:00:00+02:00,2751011,0
2385,Pedro Díaz,2026-07-21T00:00:00+02:00,2687469,0
2385,Pedro Díaz,2026-07-22T00:00:00+02:00,2629977,0
2385,Pedro Díaz,2026-07-23T00:00:00+02:00,2573391,0
2385,Pedro Díaz,2026-07-24T00:00:00+02:00,2513134,0
2385,Pedro Díaz,2026-07-25T00:00:00+02:00,2462925,0
2385,Pedro Díaz,2026-07-26T00:00:00+02:00,2412514,0
2385,Pedro Díaz,2026-07-27T00:00:00+02:00,2370287,0
2385,Pedro Díaz,2026-07-28T00:00:00+02:00,2336250,0
2385,Pedro Díaz,2026-07-29T00:00:00+02:00,2294526,0
2385,Pedro Díaz,2026-07-30T00:00:00+02:00,2261310,0
2385,Pedro Díaz,2026-07-31T00:00:00+02:00,2217330,0
2385,Pedro Díaz,2026-08-01T00:00:00+02:00,2183741,0
2385,Pedro Díaz,2026-08-02T00:00:00+02:00,2147433,0
2385,Pedro Díaz,2026-08-03T00:00:00+02:00,2112891,0
2385,Pedro Díaz,2026-08-04T00:00:00+02:00,2081944,0
2385,Pedro Díaz,2026-08-05T00:00:00+02:00,2056422,0
2385,Pedro Díaz,2026-08-06T00:00:00+02:00,2027414,0
2385,Pedro Díaz,2026-08-07T00:00:00+02:00,2001380,0
2385,Pedro Díaz,2026-08-08T00:00:00+02:00,1979522,0
2385,Pedro Díaz,2026-08-09T00:00:00+02:00,1956007,0
2385,Pedro Díaz,2026-08-10T00:00:00+02:00,1926200,0
2385,Pedro Díaz,2026-08-11T00:00:00+02:00,1894597,0
2385,Pedro Díaz,2026-08-12T00:00:00+02:00,1864561,0
2385,Pedro Díaz,2026-08-13T00:00:00+02:00,1829665,0
2385,Pedro Díaz,2026-08-14T00:00:00+02:00,1802327,0
2385,Pedro Díaz,2026-08-15T00:00:00+02:00,1783241,0
2385,Pedro Díaz,2026-08-16T00:00:00+02:00,1761250,0
2394,Williot,2026-06-29T00:00:00+02:00,12500000,0
2394,Williot,2026-06-30T00:00:00+02:00,12500000,0
2394,Williot,2026-07-01T00:00:00+02:00,12500000,0
2394,Williot,2026-07-02T00:00:00+02:00,12500000,0
2394,Williot,2026-07-03T00:00:00+02:00,12505937,0
2394,Williot,2026-07-04T00:00:00+02:00,12520449,0
2394,Williot,2026-07-05T00:00:00+02:00,12532818,0
2394,Williot,2026-07-06T00:00:00+02:00,12548291,0
2394,Williot,2026-07-07T00:00:00+02:00,12547642,0
2394,Williot,2026-07-08T00:00:00+02:00,12790004,0
2394,Williot,2026-07-09T00:00:00+02:00,13051498,0
2394,Williot,2026-07-10T00:00:00+02:00,12913457,0
2394,Williot,2026-07-11T00:00:00+02:00,12802906,0
2394,Williot,2026-07-12T00:00:00+02:00,12649658,0
2394,Williot,2026-07-13T00:00:00+02:00,12416827,0
2394,Williot,2026-07-14T00:00:00+02:00,12168888,0
2394,Williot,2026-07-15T00:00:00+02:00,11977086,0
2394,Williot,2026-07-16T00:00:00+02:00,11730724,0
2394,Williot,2026-07-17T00:00:00+02:00,11598918,0
2394,Williot,2026-07-18T00:00:00+02:00,11431652,0
2394,Williot,2026-07-19T00:00:00+02:00,11234614,0
2394,Williot,2026-07-20T00:00:00+02:00,11064306,0
2394,Williot,2026-07-21T00:00:00+02:00,10859550,0
2394,Williot,2026-07-22T00:00:00+02:00,10642435,0
2394,Williot,2026-07-23T00:00:00+02:00,10466949,0
2394,Williot,2026-07-24T00:00:00+02:00,10253285,0
2394,Williot,2026-07-25T00:00:00+02:00,10091738,0
2394,Williot,2026-07-26T00:00:00+02:00,9968730,0
2394,Williot,2026-07-27T00:00:00+02:00,9785246,0
2394,Williot,2026-07-28T00:00:00+02:00,9657711,0
2394,Williot,2026-07-29T00:00:00+02:00,9477019,0
2394,Williot,2026-07-30T00:00:00+02:00,9372939,0
2394,Williot,2026-07-31T00:00:00+02:00,9266432,0
2394,Williot,2026-08-01T00:00:00+02:00,9142376,0
2394,Williot,2026-08-02T00:00:00+02:00,9095895,0
2394,Williot,2026-08-03T00:00:00+02:00,9002306,0
2394,Williot,2026-08-04T00:00:00+02:00,8878210,0
2394,Williot,2026-08-05T00:00:00+02:00,8759027,0
2394,Williot,2026-08-06T00:00:00+02:00,8654379,0
2394,Williot,2026-08-07T00:00:00+02:00,8549516,0
2394,Williot,2026-08-08T00:00:00+02:00,8501330,0
2394,Williot,2026-08-09T00:00:00+02:00,8415020,0
2394,Williot,2026-08-10T00:00:00+02:00,8326849,0
2394,Williot,2026-08-11T00:00:00+02:00,8261036,0
2394,Williot,2026-08-12T00:00:00+02:00,8174105,0
2394,Williot,2026-08-13T00:00:00+02:00,8104807,0
2394,Williot,2026-08-14T00:00:00+02:00,8059752,0
2394,Williot,2026-08-15T00:00:00+02:00,8064242,0
2394,Williot,2026-08-16T00:00:00+02:00,8032504,0
2395,Hugo Sotelo,2026-06-29T00:00:00+02:00,2100000,0
2395,Hugo Sotelo,2026-06-30T00:00:00+02:00,2100000,0
2395,Hugo Sotelo,2026-07-01T00:00:00+02:00,2100000,0
2395,Hugo Sotelo,2026-07-02T00:00:00+02:00,2100000,0
2395,Hugo Sotelo,2026-07-03T00:00:00+02:00,2100997,0
2395,Hugo Sotelo,2026-07-04T00:00:00+02:00,2103435,0
2395,Hugo Sotelo,2026-07-05T00:00:00+02:00,2105513,0
2395,Hugo Sotelo,2026-07-06T00:00:00+02:00,2108112,0
2395,Hugo Sotelo,2026-07-07T00:00:00+02:00,2108003,0
2395,Hugo Sotelo,2026-07-08T00:00:00+02:00,2051007,0
2395,Hugo Sotelo,2026-07-09T00:00:00+02:00,1995882,0
2395,Hugo Sotelo,2026-07-10T00:00:00+02:00,1950681,0
2395,Hugo Sotelo,2026-07-11T00:00:00+02:00,1905696,0
2395,Hugo Sotelo,2026-07-12T00:00:00+02:00,1859882,0
2395,Hugo Sotelo,2026-07-13T00:00:00+02:00,1812265,0
2395,Hugo Sotelo,2026-07-14T00:00:00+02:00,1777518,0
2395,Hugo Sotelo,2026-07-15T00:00:00+02:00,1735557,0
2395,Hugo Sotelo,2026-07-16T00:00:00+02:00,1699788,0
2395,Hugo Sotelo,2026-07-17T00:00:00+02:00,1667915,0
2395,Hugo Sotelo,2026-07-18T00:00:00+02:00,1636357,0
2395,Hugo Sotelo,2026-07-19T00:00:00+02:00,1607481,0
2395,Hugo Sotelo,2026-07-20T00:00:00+02:00,1583046,0
2395,Hugo Sotelo,2026-07-21T00:00:00+02:00,1550272,0
2395,Hugo Sotelo,2026-07-22T00:00:00+02:00,1520390,0
2395,Hugo Sotelo,2026-07-23T00:00:00+02:00,1499895,0
2395,Hugo Sotelo,2026-07-24T00:00:00+02:00,1477915,0
2395,Hugo Sotelo,2026-07-25T00:00:00+02:00,1456754,0
2395,Hugo Sotelo,2026-07-26T00:00:00+02:00,1436495,0
2395,Hugo Sotelo,2026-07-27T00:00:00+02:00,1419236,0
2395,Hugo Sotelo,2026-07-28T00:00:00+02:00,1401502,0
2395,Hugo Sotelo,2026-07-29T00:00:00+02:00,1382803,0
2417,Lo Celso,2026-06-29T00:00:00+02:00,20000000,0
2417,Lo Celso,2026-06-30T00:00:00+02:00,20000000,0
2417,Lo Celso,2026-07-01T00:00:00+02:00,20000000,0
2417,Lo Celso,2026-07-02T00:00:00+02:00,20000000,0
2417,Lo Celso,2026-07-03T00:00:00+02:00,20009499,0
2417,Lo Celso,2026-07-04T00:00:00+02:00,20032719,0
2417,Lo Celso,2026-07-05T00:00:00+02:00,20052510,0
2417,Lo Celso,2026-07-06T00:00:00+02:00,20077267,0
2417,Lo Celso,2026-07-07T00:00:00+02:00,20076230,0
2417,Lo Celso,2026-07-08T00:00:00+02:00,20095598,0
2417,Lo Celso,2026-07-09T00:00:00+02:00,20453200,0
2417,Lo Celso,2026-07-10T00:00:00+02:00,20928936,0
2417,Lo Celso,2026-07-11T00:00:00+02:00,21234266,0
2417,Lo Celso,2026-07-12T00:00:00+02:00,21929727,0
2417,Lo Celso,2026-07-13T00:00:00+02:00,22379690,0
2417,Lo Celso,2026-07-14T00:00:00+02:00,22866300,0
2417,Lo Celso,2026-07-15T00:00:00+02:00,23459801,0
2417,Lo Celso,2026-07-16T00:00:00+02:00,24134428,0
2417,Lo Celso,2026-07-17T00:00:00+02:00,24922739,0
2417,Lo Celso,2026-07-18T00:00:00+02:00,25646557,0
2417,Lo Celso,2026-07-19T00:00:00+02:00,26369361,0
2417,Lo Celso,2026-07-20T00:00:00+02:00,27229513,0
2417,Lo Celso,2026-07-21T00:00:00+02:00,28006953,0
2417,Lo Celso,2026-07-22T00:00:00+02:00,28564773,0
2417,Lo Celso,2026-07-23T00:00:00+02:00,29312738,0
2417,Lo Celso,2026-07-24T00:00:00+02:00,30011276,0
2417,Lo Celso,2026-07-25T00:00:00+02:00,31168212,0
2417,Lo Celso,2026-07-26T00:00:00+02:00,32079278,0
2417,Lo Celso,2026-07-27T00:00:00+02:00,32953383,0
2417,Lo Celso,2026-07-28T00:00:00+02:00,33862950,0
2417,Lo Celso,2026-07-29T00:00:00+02:00,34449993,0
2417,Lo Celso,2026-07-30T00:00:00+02:00,35365766,0
2417,Lo Celso,2026-07-31T00:00:00+02:00,36109802,0
2417,Lo Celso,2026-08-01T00:00:00+02:00,36899833,0
2417,Lo Celso,2026-08-02T00:00:00+02:00,37638526,0
2417,Lo Celso,2026-08-03T00:00:00+02:00,38349089,0
2417,Lo Celso,2026-08-04T00:00:00+02:00,39155919,0
2417,Lo Celso,2026-08-05T00:00:00+02:00,39870845,0
2417,Lo Celso,2026-08-06T00:00:00+02:00,40424057,0
2417,Lo Celso,2026-08-07T00:00:00+02:00,40936288,0
2417,Lo Celso,2026-08-08T00:00:00+02:00,41384903,0
2417,Lo Celso,2026-08-09T00:00:00+02:00,41668030,0
2417,Lo Celso,2026-08-10T00:00:00+02:00,41707837,0
2417,Lo Celso,2026-08-11T00:00:00+02:00,41401829,0
2417,Lo Celso,2026-08-12T00:00:00+02:00,40693465,0
2417,Lo Celso,2026-08-13T00:00:00+02:00,39845108,0
2417,Lo Celso,2026-08-14T00:00:00+02:00,38869401,0
2417,Lo Celso,2026-08-15T00:00:00+02:00,37746825,0
2417,Lo Celso,2026-08-16T00:00:00+02:00,36748891,0
2418,Marc Roca,2026-06-29T00:00:00+02:00,6400000,0
2418,Marc Roca,2026-06-30T00:00:00+02:00,6400000,0
2418,Marc Roca,2026-07-01T00:00:00+02:00,6400000,0
2418,Marc Roca,2026-07-02T00:00:00+02:00,6400000,0
2418,Marc Roca,2026-07-03T00:00:00+02:00,6403039,0
2418,Marc Roca,2026-07-04T00:00:00+02:00,6160095,0
2418,Marc Roca,2026-07-05T00:00:00+02:00,6166180,0
2418,Marc Roca,2026-07-06T00:00:00+02:00,6173793,0
2418,Marc Roca,2026-07-07T00:00:00+02:00,6173474,0
2418,Marc Roca,2026-07-08T00:00:00+02:00,6099245,0
2418,Marc Roca,2026-07-09T00:00:00+02:00,5988795,0
2418,Marc Roca,2026-07-10T00:00:00+02:00,5865262,0
2418,Marc Roca,2026-07-11T00:00:00+02:00,5769550,0
2418,Marc Roca,2026-07-12T00:00:00+02:00,5651179,0
2418,Marc Roca,2026-07-13T00:00:00+02:00,5547253,0
2418,Marc Roca,2026-07-14T00:00:00+02:00,5459860,0
2418,Marc Roca,2026-07-15T00:00:00+02:00,5386821,0
2418,Marc Roca,2026-07-16T00:00:00+02:00,5299364,0
2418,Marc Roca,2026-07-17T00:00:00+02:00,5205684,0
2418,Marc Roca,2026-07-18T00:00:00+02:00,5152842,0
2418,Marc Roca,2026-07-19T00:00:00+02:00,5077100,0
2418,Marc Roca,2026-07-20T00:00:00+02:00,5021576,0
2418,Marc Roca,2026-07-21T00:00:00+02:00,4945329,0
2418,Marc Roca,2026-07-22T00:00:00+02:00,4870551,0
2418,Marc Roca,2026-07-23T00:00:00+02:00,4817904,0
2418,Marc Roca,2026-07-24T00:00:00+02:00,4761521,0
2418,Marc Roca,2026-07-25T00:00:00+02:00,4708619,0
2418,Marc Roca,2026-07-26T00:00:00+02:00,4678236,0
2418,Marc Roca,2026-07-27T00:00:00+02:00,4656172,0
2418,Marc Roca,2026-07-28T00:00:00+02:00,4642873,0
2418,Marc Roca,2026-07-29T00:00:00+02:00,4597593,0
2418,Marc Roca,2026-07-30T00:00:00+02:00,4613517,0
2418,Marc Roca,2026-07-31T00:00:00+02:00,4608434,0
2418,Marc Roca,2026-08-01T00:00:00+02:00,4594956,0
2418,Marc Roca,2026-08-02T00:00:00+02:00,4602352,0
2418,Marc Roca,2026-08-03T00:00:00+02:00,4629597,0
2418,Marc Roca,2026-08-04T00:00:00+02:00,4657865,0
2418,Marc Roca,2026-08-05T00:00:00+02:00,4744295,0
2418,Marc Roca,2026-08-06T00:00:00+02:00,4798871,0
2418,Marc Roca,2026-08-07T00:00:00+02:00,4854276,0
2418,Marc Roca,2026-08-08T00:00:00+02:00,4927658,0
2418,Marc Roca,2026-08-09T00:00:00+02:00,5009468,0
2418,Marc Roca,2026-08-10T00:00:00+02:00,5086282,0
2418,Marc Roca,2026-08-11T00:00:00+02:00,5162881,0
2418,Marc Roca,2026-08-12T00:00:00+02:00,5231254,0
2418,Marc Roca,2026-08-13T00:00:00+02:00,5269582,0
2418,Marc Roca,2026-08-14T00:00:00+02:00,5322044,0
2418,Marc Roca,2026-08-15T00:00:00+02:00,5350068,0
2418,Marc Roca,2026-08-16T00:00:00+02:00,5403735,0
2430,Valverde,2026-06-29T00:00:00+02:00,105000000,0
2430,Valverde,2026-06-30T00:00:00+02:00,105000000,0
2430,Valverde,2026-07-01T00:00:00+02:00,105000000,0
2430,Valverde,2026-07-02T00:00:00+02:00,105000000,0
2430,Valverde,2026-07-03T00:00:00+02:00,105049873,0
2430,Valverde,2026-07-04T00:00:00+02:00,105171779,0
2430,Valverde,2026-07-05T00:00:00+02:00,105275683,0
2430,Valverde,2026-07-06T00:00:00+02:00,105405661,0
2430,Valverde,2026-07-07T00:00:00+02:00,105400216,0
2430,Valverde,2026-07-08T00:00:00+02:00,104259636,0
2430,Valverde,2026-07-09T00:00:00+02:00,103611531,0
2430,Valverde,2026-07-10T00:00:00+02:00,102673443,0
2430,Valverde,2026-07-11T00:00:00+02:00,101638987,0
2430,Valverde,2026-07-12T00:00:00+02:00,100052076,0
2430,Valverde,2026-07-13T00:00:00+02:00,98955296,0
2430,Valverde,2026-07-14T00:00:00+02:00,97429715,0
2430,Valverde,2026-07-15T00:00:00+02:00,96044127,0
2430,Valverde,2026-07-16T00:00:00+02:00,94431688,0
2430,Valverde,2026-07-17T00:00:00+02:00,92767399,0
2430,Valverde,2026-07-18T00:00:00+02:00,91404417,0
2430,Valverde,2026-07-19T00:00:00+02:00,89693581,0
2430,Valverde,2026-07-20T00:00:00+02:00,88258261,0
2430,Valverde,2026-07-21T00:00:00+02:00,87074709,0
2430,Valverde,2026-07-22T00:00:00+02:00,85390367,0
2430,Valverde,2026-07-23T00:00:00+02:00,83927758,0
2430,Valverde,2026-07-24T00:00:00+02:00,82871703,0
2430,Valverde,2026-07-25T00:00:00+02:00,82445680,0
2430,Valverde,2026-07-26T00:00:00+02:00,81956744,0
2430,Valverde,2026-07-27T00:00:00+02:00,80996138,0
2430,Valverde,2026-07-28T00:00:00+02:00,80255076,0
2430,Valverde,2026-07-29T00:00:00+02:00,79123735,0
2430,Valverde,2026-07-30T00:00:00+02:00,78291039,0
2430,Valverde,2026-07-31T00:00:00+02:00,77471433,0
2430,Valverde,2026-08-01T00:00:00+02:00,76763447,0
2430,Valverde,2026-08-02T00:00:00+02:00,76147517,0
2430,Valverde,2026-08-03T00:00:00+02:00,75615894,0
2430,Valverde,2026-08-04T00:00:00+02:00,75132644,0
2430,Valverde,2026-08-05T00:00:00+02:00,74560114,0
2430,Valverde,2026-08-06T00:00:00+02:00,73857305,0
2430,Valverde,2026-08-07T00:00:00+02:00,73226672,0
2430,Valverde,2026-08-08T00:00:00+02:00,72526110,0
2430,Valverde,2026-08-09T00:00:00+02:00,71919829,0
2430,Valverde,2026-08-10T00:00:00+02:00,71247876,0
2430,Valverde,2026-08-11T00:00:00+02:00,70445758,0
2430,Valverde,2026-08-12T00:00:00+02:00,70025826,0
2430,Valverde,2026-08-13T00:00:00+02:00,69444569,0
2430,Valverde,2026-08-14T00:00:00+02:00,68986685,0
2430,Valverde,2026-08-15T00:00:00+02:00,68850634,0
2430,Valverde,2026-08-16T00:00:00+02:00,69031659,0
2431,Brahim,2026-06-29T00:00:00+02:00,20000000,0
2431,Brahim,2026-06-30T00:00:00+02:00,20000000,0
2431,Brahim,2026-07-01T00:00:00+02:00,20000000,0
2431,Brahim,2026-07-02T00:00:00+02:00,20000000,0
2431,Brahim,2026-07-03T00:00:00+02:00,20009499,0
2431,Brahim,2026-07-04T00:00:00+02:00,20032719,0
2431,Brahim,2026-07-05T00:00:00+02:00,20052510,0
2431,Brahim,2026-07-06T00:00:00+02:00,20077267,0
2431,Brahim,2026-07-07T00:00:00+02:00,20076230,0
2431,Brahim,2026-07-08T00:00:00+02:00,19806940,0
2431,Brahim,2026-07-09T00:00:00+02:00,19874109,0
2431,Brahim,2026-07-10T00:00:00+02:00,19945144,0
2431,Brahim,2026-07-11T00:00:00+02:00,19874137,0
2431,Brahim,2026-07-12T00:00:00+02:00,19696451,0
2431,Brahim,2026-07-13T00:00:00+02:00,19514808,0
2431,Brahim,2026-07-14T00:00:00+02:00,19302036,0
2431,Brahim,2026-07-15T00:00:00+02:00,19006309,0
2431,Brahim,2026-07-16T00:00:00+02:00,18710980,0
2431,Brahim,2026-07-17T00:00:00+02:00,18427579,0
2431,Brahim,2026-07-18T00:00:00+02:00,18149721,0
2431,Brahim,2026-07-19T00:00:00+02:00,17850350,0
2431,Brahim,2026-07-20T00:00:00+02:00,17606390,0
2431,Brahim,2026-07-21T00:00:00+02:00,17333485,0
2431,Brahim,2026-07-22T00:00:00+02:00,16967317,0
2431,Brahim,2026-07-23T00:00:00+02:00,16716806,0
2431,Brahim,2026-07-24T00:00:00+02:00,16414432,0
2431,Brahim,2026-07-25T00:00:00+02:00,16136754,0
2431,Brahim,2026-07-26T00:00:00+02:00,15853659,0
2431,Brahim,2026-07-27T00:00:00+02:00,15558699,0
2431,Brahim,2026-07-28T00:00:00+02:00,15236814,0
2431,Brahim,2026-07-29T00:00:00+02:00,14902530,0
2431,Brahim,2026-07-30T00:00:00+02:00,14568310,0
2431,Brahim,2026-07-31T00:00:00+02:00,14226668,0
2431,Brahim,2026-08-01T00:00:00+02:00,13914844,0
2431,Brahim,2026-08-02T00:00:00+02:00,13576781,0
2431,Brahim,2026-08-03T00:00:00+02:00,13252658,0
2431,Brahim,2026-08-04T00:00:00+02:00,12942736,0
2431,Brahim,2026-08-05T00:00:00+02:00,12639266,0
2431,Brahim,2026-08-06T00:00:00+02:00,12361562,0
2431,Brahim,2026-08-07T00:00:00+02:00,12047522,0
2431,Brahim,2026-08-08T00:00:00+02:00,11775386,0
2431,Brahim,2026-08-09T00:00:00+02:00,11520114,0
2431,Brahim,2026-08-10T00:00:00+02:00,11276359,0
2431,Brahim,2026-08-11T00:00:00+02:00,11038863,0
2431,Brahim,2026-08-12T00:00:00+02:00,10817820,0
2431,Brahim,2026-08-13T00:00:00+02:00,10575262,0
2431,Brahim,2026-08-14T00:00:00+02:00,10505105,0
2431,Brahim,2026-08-15T00:00:00+02:00,10586712,0
2431,Brahim,2026-08-16T00:00:00+02:00,10669469,0
2444,Sucic,2026-06-29T00:00:00+02:00,5700000,0
2444,Sucic,2026-06-30T00:00:00+02:00,5700000,0
2444,Sucic,2026-07-01T00:00:00+02:00,5700000,0
2444,Sucic,2026-07-02T00:00:00+02:00,5700000,0
2444,Sucic,2026-07-03T00:00:00+02:00,5702707,0
2444,Sucic,2026-07-04T00:00:00+02:00,5709324,0
2444,Sucic,2026-07-05T00:00:00+02:00,5714964,0
2444,Sucic,2026-07-06T00:00:00+02:00,5722019,0
2444,Sucic,2026-07-07T00:00:00+02:00,5721723,0
2444,Sucic,2026-07-08T00:00:00+02:00,5707765,0
2444,Sucic,2026-07-09T00:00:00+02:00,5748078,0
2444,Sucic,2026-07-10T00:00:00+02:00,5710145,0
2444,Sucic,2026-07-11T00:00:00+02:00,5656587,0
2444,Sucic,2026-07-12T00:00:00+02:00,5562447,0
2444,Sucic,2026-07-13T00:00:00+02:00,5470641,0
2444,Sucic,2026-07-14T00:00:00+02:00,5388364,0
2444,Sucic,2026-07-15T00:00:00+02:00,5280820,0
2444,Sucic,2026-07-16T00:00:00+02:00,5198707,0
2444,Sucic,2026-07-17T00:00:00+02:00,5130865,0
2444,Sucic,2026-07-18T00:00:00+02:00,5026755,0
2444,Sucic,2026-07-19T00:00:00+02:00,4942229,0
2444,Sucic,2026-07-20T00:00:00+02:00,4868684,0
2444,Sucic,2026-07-21T00:00:00+02:00,4802809,0
2444,Sucic,2026-07-22T00:00:00+02:00,4699196,0
2444,Sucic,2026-07-23T00:00:00+02:00,4624159,0
2444,Sucic,2026-07-24T00:00:00+02:00,4547823,0
2444,Sucic,2026-07-25T00:00:00+02:00,4473632,0
2444,Sucic,2026-07-26T00:00:00+02:00,4401844,0
2444,Sucic,2026-07-27T00:00:00+02:00,4339434,0
2444,Sucic,2026-07-28T00:00:00+02:00,4286004,0
2444,Sucic,2026-07-29T00:00:00+02:00,4210542,0
2444,Sucic,2026-07-30T00:00:00+02:00,4155209,0
2444,Sucic,2026-07-31T00:00:00+02:00,4096351,0
2444,Sucic,2026-08-01T00:00:00+02:00,4041829,0
2444,Sucic,2026-08-02T00:00:00+02:00,4005336,0
2444,Sucic,2026-08-03T00:00:00+02:00,3951877,0
2444,Sucic,2026-08-04T00:00:00+02:00,3915291,0
2444,Sucic,2026-08-05T00:00:00+02:00,3878045,0
2444,Sucic,2026-08-06T00:00:00+02:00,3830472,0
2444,Sucic,2026-08-07T00:00:00+02:00,3795136,0
2444,Sucic,2026-08-08T00:00:00+02:00,3767381,0
2444,Sucic,2026-08-09T00:00:00+02:00,3740255,0
2444,Sucic,2026-08-10T00:00:00+02:00,3699668,0
2444,Sucic,2026-08-11T00:00:00+02:00,3664899,0
2444,Sucic,2026-08-12T00:00:00+02:00,3638955,0
2444,Sucic,2026-08-13T00:00:00+02:00,3599881,0
2444,Sucic,2026-08-14T00:00:00+02:00,3569448,0
2444,Sucic,2026-08-15T00:00:00+02:00,3565296,0
2444,Sucic,2026-08-16T00:00:00+02:00,3538310,0
2445,Olasagasti,2026-06-29T00:00:00+02:00,6000000,0
2445,Olasagasti,2026-06-30T00:00:00+02:00,6000000,0
2445,Olasagasti,2026-07-01T00:00:00+02:00,6000000,0
2445,Olasagasti,2026-07-02T00:00:00+02:00,6000000,0
2445,Olasagasti,2026-07-03T00:00:00+02:00,6002849,0
2445,Olasagasti,2026-07-04T00:00:00+02:00,6009815,0
2445,Olasagasti,2026-07-05T00:00:00+02:00,6015752,0
2445,Olasagasti,2026-07-06T00:00:00+02:00,6023179,0
2445,Olasagasti,2026-07-07T00:00:00+02:00,6022867,0
2445,Olasagasti,2026-07-08T00:00:00+02:00,5962258,0
2445,Olasagasti,2026-07-09T00:00:00+02:00,5896794,0
2445,Olasagasti,2026-07-10T00:00:00+02:00,5737717,0
2445,Olasagasti,2026-07-11T00:00:00+02:00,5620626,0
2445,Olasagasti,2026-07-12T00:00:00+02:00,5470460,0
2445,Olasagasti,2026-07-13T00:00:00+02:00,5340203,0
2445,Olasagasti,2026-07-14T00:00:00+02:00,5201271,0
2445,Olasagasti,2026-07-15T00:00:00+02:00,5073792,0
2445,Olasagasti,2026-07-16T00:00:00+02:00,4949463,0
2445,Olasagasti,2026-07-17T00:00:00+02:00,4835768,0
2445,Olasagasti,2026-07-18T00:00:00+02:00,4717032,0
2445,Olasagasti,2026-07-19T00:00:00+02:00,4606646,0
2445,Olasagasti,2026-07-20T00:00:00+02:00,4494147,0
2445,Olasagasti,2026-07-21T00:00:00+02:00,4389948,0
2445,Olasagasti,2026-07-22T00:00:00+02:00,4282236,0
2445,Olasagasti,2026-07-23T00:00:00+02:00,4184050,0
2445,Olasagasti,2026-07-24T00:00:00+02:00,4093975,0
2445,Olasagasti,2026-07-25T00:00:00+02:00,4033370,0
2445,Olasagasti,2026-07-26T00:00:00+02:00,3956373,0
2445,Olasagasti,2026-07-27T00:00:00+02:00,3881419,0
2445,Olasagasti,2026-07-28T00:00:00+02:00,3824490,0
2445,Olasagasti,2026-07-29T00:00:00+02:00,3764678,0
2445,Olasagasti,2026-07-30T00:00:00+02:00,3724764,0
2445,Olasagasti,2026-07-31T00:00:00+02:00,3701131,0
2445,Olasagasti,2026-08-01T00:00:00+02:00,3684712,0
2445,Olasagasti,2026-08-02T00:00:00+02:00,3670282,0
2445,Olasagasti,2026-08-03T00:00:00+02:00,3663579,0
2445,Olasagasti,2026-08-04T00:00:00+02:00,3673603,0
2445,Olasagasti,2026-08-05T00:00:00+02:00,3696247,0
2445,Olasagasti,2026-08-06T00:00:00+02:00,3712529,0
2445,Olasagasti,2026-08-07T00:00:00+02:00,3759724,0
2445,Olasagasti,2026-08-08T00:00:00+02:00,3793989,0
2445,Olasagasti,2026-08-09T00:00:00+02:00,3840476,0
2445,Olasagasti,2026-08-10T00:00:00+02:00,3910156,0
2445,Olasagasti,2026-08-11T00:00:00+02:00,3994460,0
2445,Olasagasti,2026-08-12T00:00:00+02:00,4081620,0
2445,Olasagasti,2026-08-13T00:00:00+02:00,4154922,0
2445,Olasagasti,2026-08-14T00:00:00+02:00,4234775,0
2445,Olasagasti,2026-08-15T00:00:00+02:00,4326499,0
2445,Olasagasti,2026-08-16T00:00:00+02:00,4382766,0
2446,Zakharyan,2026-06-29T00:00:00+02:00,3000000,0
2446,Zakharyan,2026-06-30T00:00:00+02:00,3000000,0
2446,Zakharyan,2026-07-01T00:00:00+02:00,3000000,0
2446,Zakharyan,2026-07-02T00:00:00+02:00,3000000,0
2446,Zakharyan,2026-07-03T00:00:00+02:00,3001424,0
2446,Zakharyan,2026-07-04T00:00:00+02:00,3004907,0
2446,Zakharyan,2026-07-05T00:00:00+02:00,3007875,0
2446,Zakharyan,2026-07-06T00:00:00+02:00,3011588,0
2446,Zakharyan,2026-07-07T00:00:00+02:00,3011432,0
2446,Zakharyan,2026-07-08T00:00:00+02:00,2923656,0
2446,Zakharyan,2026-07-09T00:00:00+02:00,2848039,0
2446,Zakharyan,2026-07-10T00:00:00+02:00,2756680,0
2446,Zakharyan,2026-07-11T00:00:00+02:00,2678367,0
2446,Zakharyan,2026-07-12T00:00:00+02:00,2603904,0
2446,Zakharyan,2026-07-13T00:00:00+02:00,2529207,0
2446,Zakharyan,2026-07-14T00:00:00+02:00,2453304,0
2446,Zakharyan,2026-07-15T00:00:00+02:00,2379921,0
2446,Zakharyan,2026-07-16T00:00:00+02:00,2313423,0
2446,Zakharyan,2026-07-17T00:00:00+02:00,2248144,0
2446,Zakharyan,2026-07-18T00:00:00+02:00,2183270,0
2446,Zakharyan,2026-07-19T00:00:00+02:00,2120911,0
2446,Zakharyan,2026-07-20T00:00:00+02:00,2064460,0
2446,Zakharyan,2026-07-21T00:00:00+02:00,2008409,0
2446,Zakharyan,2026-07-22T00:00:00+02:00,1949028,0
2446,Zakharyan,2026-07-23T00:00:00+02:00,1894795,0
2446,Zakharyan,2026-07-24T00:00:00+02:00,1841433,0
2446,Zakharyan,2026-07-25T00:00:00+02:00,1790633,0
2446,Zakharyan,2026-07-26T00:00:00+02:00,1741557,0
2446,Zakharyan,2026-07-27T00:00:00+02:00,1693853,0
2446,Zakharyan,2026-07-28T00:00:00+02:00,1651270,0
2446,Zakharyan,2026-07-29T00:00:00+02:00,1606589,0
2446,Zakharyan,2026-07-30T00:00:00+02:00,1563931,0
2446,Zakharyan,2026-07-31T00:00:00+02:00,1522765,0
2446,Zakharyan,2026-08-01T00:00:00+02:00,1483240,0
2446,Zakharyan,2026-08-02T00:00:00+02:00,1444747,0
2446,Zakharyan,2026-08-03T00:00:00+02:00,1407898,0
2446,Zakharyan,2026-08-04T00:00:00+02:00,1368900,0
2446,Zakharyan,2026-08-05T00:00:00+02:00,1331827,0
2446,Zakharyan,2026-08-06T00:00:00+02:00,1295980,0
2446,Zakharyan,2026-08-07T00:00:00+02:00,1259778,0
2446,Zakharyan,2026-08-08T00:00:00+02:00,1226372,0
2446,Zakharyan,2026-08-09T00:00:00+02:00,1196647,0
2446,Zakharyan,2026-08-10T00:00:00+02:00,1166874,0
2446,Zakharyan,2026-08-11T00:00:00+02:00,1138743,0
2446,Zakharyan,2026-08-12T00:00:00+02:00,1110753,0
2446,Zakharyan,2026-08-13T00:00:00+02:00,1082705,0
2446,Zakharyan,2026-08-14T00:00:00+02:00,1058398,0
2446,Zakharyan,2026-08-15T00:00:00+02:00,1039112,0
2446,Zakharyan,2026-08-16T00:00:00+02:00,1019326,0
2452,Gudelj,2026-06-29T00:00:00+02:00,7000000,0
2452,Gudelj,2026-06-30T00:00:00+02:00,7000000,0
2452,Gudelj,2026-07-01T00:00:00+02:00,7000000,0
2452,Gudelj,2026-07-02T00:00:00+02:00,7000000,0
2452,Gudelj,2026-07-03T00:00:00+02:00,7003324,0
2452,Gudelj,2026-07-04T00:00:00+02:00,7011451,0
2452,Gudelj,2026-07-05T00:00:00+02:00,7018377,0
2453,Agoumé,2026-06-29T00:00:00+02:00,6500000,0
2453,Agoumé,2026-06-30T00:00:00+02:00,6500000,0
2453,Agoumé,2026-07-01T00:00:00+02:00,6500000,0
2453,Agoumé,2026-07-02T00:00:00+02:00,6500000,0
2453,Agoumé,2026-07-03T00:00:00+02:00,6503087,0
2453,Agoumé,2026-07-04T00:00:00+02:00,6510633,0
2453,Agoumé,2026-07-05T00:00:00+02:00,6517065,0
2453,Agoumé,2026-07-06T00:00:00+02:00,6525111,0
2453,Agoumé,2026-07-07T00:00:00+02:00,6524774,0
2453,Agoumé,2026-07-08T00:00:00+02:00,6766979,0
2453,Agoumé,2026-07-09T00:00:00+02:00,6842691,0
2453,Agoumé,2026-07-10T00:00:00+02:00,7180076,0
2453,Agoumé,2026-07-11T00:00:00+02:00,7218179,0
2453,Agoumé,2026-07-12T00:00:00+02:00,7216863,0
2453,Agoumé,2026-07-13T00:00:00+02:00,7169678,0
2453,Agoumé,2026-07-14T00:00:00+02:00,7090215,0
2453,Agoumé,2026-07-15T00:00:00+02:00,7019771,0
2453,Agoumé,2026-07-16T00:00:00+02:00,6918836,0
2453,Agoumé,2026-07-17T00:00:00+02:00,6811810,0
2453,Agoumé,2026-07-18T00:00:00+02:00,6719001,0
2453,Agoumé,2026-07-19T00:00:00+02:00,6625186,0
2453,Agoumé,2026-07-20T00:00:00+02:00,6557812,0
2453,Agoumé,2026-07-21T00:00:00+02:00,6477872,0
2453,Agoumé,2026-07-22T00:00:00+02:00,6370541,0
2453,Agoumé,2026-07-23T00:00:00+02:00,6300109,0
2453,Agoumé,2026-07-24T00:00:00+02:00,6266576,0
2453,Agoumé,2026-07-25T00:00:00+02:00,6225025,0
2453,Agoumé,2026-07-26T00:00:00+02:00,6165205,0
2453,Agoumé,2026-07-27T00:00:00+02:00,6101763,0
2453,Agoumé,2026-07-28T00:00:00+02:00,6055026,0
2453,Agoumé,2026-07-29T00:00:00+02:00,5996631,0
2453,Agoumé,2026-07-30T00:00:00+02:00,5956358,0
2453,Agoumé,2026-07-31T00:00:00+02:00,5898187,0
2453,Agoumé,2026-08-01T00:00:00+02:00,5881819,0
2453,Agoumé,2026-08-02T00:00:00+02:00,5836946,0
2453,Agoumé,2026-08-03T00:00:00+02:00,5805111,0
2453,Agoumé,2026-08-04T00:00:00+02:00,5801969,0
2453,Agoumé,2026-08-05T00:00:00+02:00,5771305,0
2453,Agoumé,2026-08-06T00:00:00+02:00,5727418,0
2453,Agoumé,2026-08-07T00:00:00+02:00,5711952,0
2453,Agoumé,2026-08-08T00:00:00+02:00,5704693,0
2453,Agoumé,2026-08-09T00:00:00+02:00,5704260,0
2453,Agoumé,2026-08-10T00:00:00+02:00,5699814,0
2453,Agoumé,2026-08-11T00:00:00+02:00,5728045,0
2453,Agoumé,2026-08-12T00:00:00+02:00,5753078,0
2453,Agoumé,2026-08-13T00:00:00+02:00,5770721,0
2453,Agoumé,2026-08-14T00:00:00+02:00,5780440,0
2453,Agoumé,2026-08-15T00:00:00+02:00,5819213,0
2453,Agoumé,2026-08-16T00:00:00+02:00,5839881,0
2464,Pepelu,2026-06-29T00:00:00+02:00,10000000,0
2464,Pepelu,2026-06-30T00:00:00+02:00,10000000,0
2464,Pepelu,2026-07-01T00:00:00+02:00,10000000,0
2464,Pepelu,2026-07-02T00:00:00+02:00,10000000,0
2464,Pepelu,2026-07-03T00:00:00+02:00,10004749,0
2464,Pepelu,2026-07-04T00:00:00+02:00,10016359,0
2464,Pepelu,2026-07-05T00:00:00+02:00,10026254,0
2464,Pepelu,2026-07-06T00:00:00+02:00,10038632,0
2464,Pepelu,2026-07-07T00:00:00+02:00,10038113,0
2464,Pepelu,2026-07-08T00:00:00+02:00,10525001,0
2464,Pepelu,2026-07-09T00:00:00+02:00,10528387,0
2464,Pepelu,2026-07-10T00:00:00+02:00,10837384,0
2464,Pepelu,2026-07-11T00:00:00+02:00,10976608,0
2464,Pepelu,2026-07-12T00:00:00+02:00,10891589,0
2464,Pepelu,2026-07-13T00:00:00+02:00,10836725,0
2464,Pepelu,2026-07-14T00:00:00+02:00,10693271,0
2464,Pepelu,2026-07-15T00:00:00+02:00,10561901,0
2464,Pepelu,2026-07-16T00:00:00+02:00,10339117,0
2464,Pepelu,2026-07-17T00:00:00+02:00,10180078,0
2464,Pepelu,2026-07-18T00:00:00+02:00,10049419,0
2464,Pepelu,2026-07-19T00:00:00+02:00,9895729,0
2464,Pepelu,2026-07-20T00:00:00+02:00,9785530,0
2464,Pepelu,2026-07-21T00:00:00+02:00,9688540,0
2464,Pepelu,2026-07-22T00:00:00+02:00,9540341,0
2464,Pepelu,2026-07-23T00:00:00+02:00,9368321,0
2464,Pepelu,2026-07-24T00:00:00+02:00,9250796,0
2464,Pepelu,2026-07-25T00:00:00+02:00,9163130,0
2464,Pepelu,2026-07-26T00:00:00+02:00,9123103,0
2464,Pepelu,2026-07-27T00:00:00+02:00,8960027,0
2464,Pepelu,2026-07-28T00:00:00+02:00,8837128,0
2464,Pepelu,2026-07-29T00:00:00+02:00,8692099,0
2464,Pepelu,2026-07-30T00:00:00+02:00,8566999,0
2464,Pepelu,2026-07-31T00:00:00+02:00,8426191,0
2464,Pepelu,2026-08-01T00:00:00+02:00,8331768,0
2464,Pepelu,2026-08-02T00:00:00+02:00,8256065,0
2464,Pepelu,2026-08-03T00:00:00+02:00,8173320,0
2464,Pepelu,2026-08-04T00:00:00+02:00,8083765,0
2464,Pepelu,2026-08-05T00:00:00+02:00,7970090,0
2464,Pepelu,2026-08-06T00:00:00+02:00,7851316,0
2464,Pepelu,2026-08-07T00:00:00+02:00,7758563,0
2464,Pepelu,2026-08-08T00:00:00+02:00,7680772,0
2464,Pepelu,2026-08-09T00:00:00+02:00,7589924,0
2464,Pepelu,2026-08-10T00:00:00+02:00,7532896,0
2464,Pepelu,2026-08-11T00:00:00+02:00,7476511,0
2464,Pepelu,2026-08-12T00:00:00+02:00,7454825,0
2464,Pepelu,2026-08-13T00:00:00+02:00,7395912,0
2464,Pepelu,2026-08-14T00:00:00+02:00,7358290,0
2464,Pepelu,2026-08-15T00:00:00+02:00,7469048,0
2464,Pepelu,2026-08-16T00:00:00+02:00,7578375,0
2465,Fran Pérez,2026-06-29T00:00:00+02:00,2000000,0
2465,Fran Pérez,2026-06-30T00:00:00+02:00,2000000,0
2465,Fran Pérez,2026-07-01T00:00:00+02:00,2000000,0
2465,Fran Pérez,2026-07-02T00:00:00+02:00,2000000,0
2465,Fran Pérez,2026-07-03T00:00:00+02:00,2000949,0
2465,Fran Pérez,2026-07-04T00:00:00+02:00,2003271,0
2465,Fran Pérez,2026-07-05T00:00:00+02:00,2005250,0
2465,Fran Pérez,2026-07-06T00:00:00+02:00,2007725,0
2465,Fran Pérez,2026-07-07T00:00:00+02:00,2007621,0
2465,Fran Pérez,2026-07-08T00:00:00+02:00,1938210,0
2465,Fran Pérez,2026-07-09T00:00:00+02:00,1881087,0
2465,Fran Pérez,2026-07-10T00:00:00+02:00,1823357,0
2465,Fran Pérez,2026-07-11T00:00:00+02:00,1773042,0
2465,Fran Pérez,2026-07-12T00:00:00+02:00,1736120,0
2465,Fran Pérez,2026-07-13T00:00:00+02:00,1690277,0
2465,Fran Pérez,2026-07-14T00:00:00+02:00,1652286,0
2465,Fran Pérez,2026-07-15T00:00:00+02:00,1607978,0
2465,Fran Pérez,2026-07-16T00:00:00+02:00,1566445,0
2465,Fran Pérez,2026-07-17T00:00:00+02:00,1524841,0
2465,Fran Pérez,2026-07-18T00:00:00+02:00,1489262,0
2465,Fran Pérez,2026-07-19T00:00:00+02:00,1453214,0
2465,Fran Pérez,2026-07-20T00:00:00+02:00,1419281,0
2465,Fran Pérez,2026-07-21T00:00:00+02:00,1384776,0
2465,Fran Pérez,2026-07-22T00:00:00+02:00,1347600,0
2465,Fran Pérez,2026-07-23T00:00:00+02:00,1315946,0
2465,Fran Pérez,2026-07-24T00:00:00+02:00,1281117,0
2465,Fran Pérez,2026-07-25T00:00:00+02:00,1250510,0
2465,Fran Pérez,2026-07-26T00:00:00+02:00,1222434,0
2465,Fran Pérez,2026-07-27T00:00:00+02:00,1193478,0
2465,Fran Pérez,2026-07-28T00:00:00+02:00,1169137,0
2465,Fran Pérez,2026-07-29T00:00:00+02:00,1139147,0
2465,Fran Pérez,2026-07-30T00:00:00+02:00,1111062,0
2465,Fran Pérez,2026-07-31T00:00:00+02:00,1083589,0
2465,Fran Pérez,2026-08-01T00:00:00+02:00,1057632,0
2465,Fran Pérez,2026-08-02T00:00:00+02:00,1033972,0
2465,Fran Pérez,2026-08-03T00:00:00+02:00,1009909,0
2465,Fran Pérez,2026-08-04T00:00:00+02:00,987643,0
2465,Fran Pérez,2026-08-05T00:00:00+02:00,965130,0
2465,Fran Pérez,2026-08-06T00:00:00+02:00,946535,0
2465,Fran Pérez,2026-08-07T00:00:00+02:00,924951,0
2465,Fran Pérez,2026-08-08T00:00:00+02:00,904347,0
2465,Fran Pérez,2026-08-09T00:00:00+02:00,885080,0
2465,Fran Pérez,2026-08-10T00:00:00+02:00,866706,0
2465,Fran Pérez,2026-08-11T00:00:00+02:00,848487,0
2465,Fran Pérez,2026-08-12T00:00:00+02:00,831433,0
2465,Fran Pérez,2026-08-13T00:00:00+02:00,814545,0
2465,Fran Pérez,2026-08-14T00:00:00+02:00,798864,0
2465,Fran Pérez,2026-08-15T00:00:00+02:00,788403,0
2465,Fran Pérez,2026-08-16T00:00:00+02:00,776513,0
2473,Gueye,2026-06-29T00:00:00+02:00,50000000,0
2473,Gueye,2026-06-30T00:00:00+02:00,50000000,0
2473,Gueye,2026-07-01T00:00:00+02:00,50000000,0
2473,Gueye,2026-07-02T00:00:00+02:00,50000000,0
2473,Gueye,2026-07-03T00:00:00+02:00,50023749,0
2473,Gueye,2026-07-04T00:00:00+02:00,50081799,0
2473,Gueye,2026-07-05T00:00:00+02:00,50131277,0
2473,Gueye,2026-07-06T00:00:00+02:00,50193171,0
2473,Gueye,2026-07-07T00:00:00+02:00,50190578,0
2473,Gueye,2026-07-08T00:00:00+02:00,49749932,0
2473,Gueye,2026-07-09T00:00:00+02:00,49652405,0
2473,Gueye,2026-07-10T00:00:00+02:00,48940455,0
2473,Gueye,2026-07-11T00:00:00+02:00,48532690,0
2473,Gueye,2026-07-12T00:00:00+02:00,48036091,0
2473,Gueye,2026-07-13T00:00:00+02:00,47709843,0
2473,Gueye,2026-07-14T00:00:00+02:00,47139487,0
2473,Gueye,2026-07-15T00:00:00+02:00,46761490,0
2473,Gueye,2026-07-16T00:00:00+02:00,46229913,0
2473,Gueye,2026-07-17T00:00:00+02:00,45637719,0
2473,Gueye,2026-07-18T00:00:00+02:00,45066439,0
2473,Gueye,2026-07-19T00:00:00+02:00,44482622,0
2473,Gueye,2026-07-20T00:00:00+02:00,43878271,0
2473,Gueye,2026-07-21T00:00:00+02:00,43347317,0
2473,Gueye,2026-07-22T00:00:00+02:00,42494718,0
2473,Gueye,2026-07-23T00:00:00+02:00,41976329,0
2473,Gueye,2026-07-24T00:00:00+02:00,41418366,0
2473,Gueye,2026-07-25T00:00:00+02:00,41117505,0
2473,Gueye,2026-07-26T00:00:00+02:00,40710347,0
2473,Gueye,2026-07-27T00:00:00+02:00,40276625,0
2473,Gueye,2026-07-28T00:00:00+02:00,39952808,0
2473,Gueye,2026-07-29T00:00:00+02:00,39467370,0
2473,Gueye,2026-07-30T00:00:00+02:00,39393646,0
2473,Gueye,2026-07-31T00:00:00+02:00,39235217,0
2473,Gueye,2026-08-01T00:00:00+02:00,39324501,0
2473,Gueye,2026-08-02T00:00:00+02:00,39690439,0
2473,Gueye,2026-08-03T00:00:00+02:00,40360347,0
2473,Gueye,2026-08-04T00:00:00+02:00,41267916,0
2473,Gueye,2026-08-05T00:00:00+02:00,42166461,0
2473,Gueye,2026-08-06T00:00:00+02:00,42912464,0
2473,Gueye,2026-08-07T00:00:00+02:00,43658942,0
2473,Gueye,2026-08-08T00:00:00+02:00,44573470,0
2473,Gueye,2026-08-09T00:00:00+02:00,45422721,0
2473,Gueye,2026-08-10T00:00:00+02:00,46253042,0
2473,Gueye,2026-08-11T00:00:00+02:00,46987715,0
2473,Gueye,2026-08-12T00:00:00+02:00,47685657,0
2473,Gueye,2026-08-13T00:00:00+02:00,48122673,0
2473,Gueye,2026-08-14T00:00:00+02:00,48635951,0
2473,Gueye,2026-08-15T00:00:00+02:00,48968283,0
2473,Gueye,2026-08-16T00:00:00+02:00,49124222,0
2474,Denis Suárez,2026-06-29T00:00:00+02:00,6000000,0
2474,Denis Suárez,2026-06-30T00:00:00+02:00,6000000,0
2474,Denis Suárez,2026-07-01T00:00:00+02:00,6000000,0
2474,Denis Suárez,2026-07-02T00:00:00+02:00,6000000,0
2474,Denis Suárez,2026-07-03T00:00:00+02:00,6002849,0
2474,Denis Suárez,2026-07-04T00:00:00+02:00,6009815,0
2474,Denis Suárez,2026-07-05T00:00:00+02:00,6015752,0
2474,Denis Suárez,2026-07-06T00:00:00+02:00,6023179,0
2474,Denis Suárez,2026-07-07T00:00:00+02:00,6022867,0
2474,Denis Suárez,2026-07-08T00:00:00+02:00,5954856,0
2474,Denis Suárez,2026-07-09T00:00:00+02:00,5880865,0
2474,Denis Suárez,2026-07-10T00:00:00+02:00,5701864,0
2474,Denis Suárez,2026-07-11T00:00:00+02:00,5561587,0
2474,Denis Suárez,2026-07-12T00:00:00+02:00,5390218,0
2474,Denis Suárez,2026-07-13T00:00:00+02:00,5244317,0
2474,Denis Suárez,2026-07-14T00:00:00+02:00,5100177,0
2474,Denis Suárez,2026-07-15T00:00:00+02:00,4965348,0
2474,Denis Suárez,2026-07-16T00:00:00+02:00,4828608,0
2474,Denis Suárez,2026-07-17T00:00:00+02:00,4701852,0
2474,Denis Suárez,2026-07-18T00:00:00+02:00,4577492,0
2474,Denis Suárez,2026-07-19T00:00:00+02:00,4451615,0
2474,Denis Suárez,2026-07-20T00:00:00+02:00,4337169,0
2474,Denis Suárez,2026-07-21T00:00:00+02:00,4229003,0
2474,Denis Suárez,2026-07-22T00:00:00+02:00,4109732,0
2474,Denis Suárez,2026-07-23T00:00:00+02:00,4013268,0
2474,Denis Suárez,2026-07-24T00:00:00+02:00,3904094,0
2474,Denis Suárez,2026-07-25T00:00:00+02:00,3813241,0
2474,Denis Suárez,2026-07-26T00:00:00+02:00,3721675,0
2474,Denis Suárez,2026-07-27T00:00:00+02:00,3627930,0
2474,Denis Suárez,2026-07-28T00:00:00+02:00,3543195,0
2474,Denis Suárez,2026-07-29T00:00:00+02:00,3454580,0
2474,Denis Suárez,2026-07-30T00:00:00+02:00,3369755,0
2474,Denis Suárez,2026-07-31T00:00:00+02:00,3292507,0
2474,Denis Suárez,2026-08-01T00:00:00+02:00,3219507,0
2474,Denis Suárez,2026-08-02T00:00:00+02:00,3145384,0
2474,Denis Suárez,2026-08-03T00:00:00+02:00,3075286,0
2474,Denis Suárez,2026-08-04T00:00:00+02:00,3011534,0
2474,Denis Suárez,2026-08-05T00:00:00+02:00,2946645,0
2474,Denis Suárez,2026-08-06T00:00:00+02:00,2883503,0
2474,Denis Suárez,2026-08-07T00:00:00+02:00,2828835,0
2474,Denis Suárez,2026-08-08T00:00:00+02:00,2777259,0
2474,Denis Suárez,2026-08-09T00:00:00+02:00,2735227,0
2474,Denis Suárez,2026-08-10T00:00:00+02:00,2690689,0
2474,Denis Suárez,2026-08-11T00:00:00+02:00,2650949,0
2474,Denis Suárez,2026-08-12T00:00:00+02:00,2618005,0
2474,Denis Suárez,2026-08-13T00:00:00+02:00,2575532,0
2474,Denis Suárez,2026-08-14T00:00:00+02:00,2541082,0
2474,Denis Suárez,2026-08-15T00:00:00+02:00,2513346,0
2474,Denis Suárez,2026-08-16T00:00:00+02:00,2492805,0
2480,Johnny,2026-06-29T00:00:00+02:00,15000000,0
2480,Johnny,2026-06-30T00:00:00+02:00,15000000,0
2480,Johnny,2026-07-01T00:00:00+02:00,15000000,0
2480,Johnny,2026-07-02T00:00:00+02:00,15000000,0
2480,Johnny,2026-07-03T00:00:00+02:00,15007124,0
2480,Johnny,2026-07-04T00:00:00+02:00,15024539,0
2480,Johnny,2026-07-05T00:00:00+02:00,15039382,0
2480,Johnny,2026-07-06T00:00:00+02:00,15057950,0
2480,Johnny,2026-07-07T00:00:00+02:00,15057172,0
2480,Johnny,2026-07-08T00:00:00+02:00,14911991,0
2480,Johnny,2026-07-09T00:00:00+02:00,14982251,0
2480,Johnny,2026-07-10T00:00:00+02:00,14904927,0
2480,Johnny,2026-07-11T00:00:00+02:00,14669052,0
2480,Johnny,2026-07-12T00:00:00+02:00,14391507,0
2480,Johnny,2026-07-13T00:00:00+02:00,14070461,0
2480,Johnny,2026-07-14T00:00:00+02:00,13763282,0
2480,Johnny,2026-07-15T00:00:00+02:00,13432788,0
2480,Johnny,2026-07-16T00:00:00+02:00,13104814,0
2480,Johnny,2026-07-17T00:00:00+02:00,12759671,0
2480,Johnny,2026-07-18T00:00:00+02:00,12415903,0
2480,Johnny,2026-07-19T00:00:00+02:00,12082654,0
2480,Johnny,2026-07-20T00:00:00+02:00,11754443,0
2480,Johnny,2026-07-21T00:00:00+02:00,11427731,0
2480,Johnny,2026-07-22T00:00:00+02:00,11088029,0
2480,Johnny,2026-07-23T00:00:00+02:00,10788044,0
2480,Johnny,2026-07-24T00:00:00+02:00,10486019,0
2480,Johnny,2026-07-25T00:00:00+02:00,10203622,0
2480,Johnny,2026-07-26T00:00:00+02:00,9929280,0
2480,Johnny,2026-07-27T00:00:00+02:00,9666801,0
2480,Johnny,2026-07-28T00:00:00+02:00,9402877,0
2480,Johnny,2026-07-29T00:00:00+02:00,9138999,0
2480,Johnny,2026-07-30T00:00:00+02:00,8897235,0
2480,Johnny,2026-07-31T00:00:00+02:00,8637354,0
2480,Johnny,2026-08-01T00:00:00+02:00,8387312,0
2480,Johnny,2026-08-02T00:00:00+02:00,8166037,0
2480,Johnny,2026-08-03T00:00:00+02:00,7933681,0
2480,Johnny,2026-08-04T00:00:00+02:00,7701814,0
2480,Johnny,2026-08-05T00:00:00+02:00,7489480,0
2480,Johnny,2026-08-06T00:00:00+02:00,7276040,0
2480,Johnny,2026-08-07T00:00:00+02:00,7064784,0
2480,Johnny,2026-08-08T00:00:00+02:00,6862647,0
2480,Johnny,2026-08-09T00:00:00+02:00,6672276,0
2480,Johnny,2026-08-10T00:00:00+02:00,6489575,0
2480,Johnny,2026-08-11T00:00:00+02:00,6306567,0
2480,Johnny,2026-08-12T00:00:00+02:00,6165245,0
2480,Johnny,2026-08-13T00:00:00+02:00,6035057,0
2480,Johnny,2026-08-14T00:00:00+02:00,5918289,0
2480,Johnny,2026-08-15T00:00:00+02:00,5811190,0
2480,Johnny,2026-08-16T00:00:00+02:00,5728479,0
2490,Brais Méndez,2026-06-29T00:00:00+02:00,15000000,0
2490,Brais Méndez,2026-06-30T00:00:00+02:00,15000000,0
2490,Brais Méndez,2026-07-01T00:00:00+02:00,15000000,0
2490,Brais Méndez,2026-07-02T00:00:00+02:00,15000000,0
2490,Brais Méndez,2026-07-03T00:00:00+02:00,15007124,0
2490,Brais Méndez,2026-07-04T00:00:00+02:00,15024539,0
2490,Brais Méndez,2026-07-05T00:00:00+02:00,15039382,0
2499,Vencedor,2026-06-29T00:00:00+02:00,2200000,0
2499,Vencedor,2026-06-30T00:00:00+02:00,2200000,0
2499,Vencedor,2026-07-01T00:00:00+02:00,2200000,0
2499,Vencedor,2026-07-02T00:00:00+02:00,2200000,0
2499,Vencedor,2026-07-03T00:00:00+02:00,2201044,0
2499,Vencedor,2026-07-04T00:00:00+02:00,2203598,0
2499,Vencedor,2026-07-05T00:00:00+02:00,2205775,0
2511,R. Terrats,2026-06-29T00:00:00+02:00,2800000,0
2511,R. Terrats,2026-06-30T00:00:00+02:00,2800000,0
2511,R. Terrats,2026-07-01T00:00:00+02:00,2800000,0
2511,R. Terrats,2026-07-02T00:00:00+02:00,2800000,0
2511,R. Terrats,2026-07-03T00:00:00+02:00,2801329,0
2511,R. Terrats,2026-07-04T00:00:00+02:00,2804579,0
2511,R. Terrats,2026-07-05T00:00:00+02:00,2807349,0
2511,R. Terrats,2026-08-12T00:00:00+02:00,2714217,0
2511,R. Terrats,2026-08-13T00:00:00+02:00,2622874,0
2511,R. Terrats,2026-08-14T00:00:00+02:00,2775249,0
2511,R. Terrats,2026-08-15T00:00:00+02:00,2904258,0
2511,R. Terrats,2026-08-16T00:00:00+02:00,3002602,0
2516,Puado,2026-06-29T00:00:00+02:00,15000000,0
2516,Puado,2026-06-30T00:00:00+02:00,15000000,0
2516,Puado,2026-07-01T00:00:00+02:00,15000000,0
2516,Puado,2026-07-02T00:00:00+02:00,15000000,0
2516,Puado,2026-07-03T00:00:00+02:00,15007124,0
2516,Puado,2026-07-04T00:00:00+02:00,15024539,0
2516,Puado,2026-07-05T00:00:00+02:00,15039382,0
2516,Puado,2026-07-06T00:00:00+02:00,15057950,0
2516,Puado,2026-07-07T00:00:00+02:00,15057172,0
2516,Puado,2026-07-08T00:00:00+02:00,14930084,0
2516,Puado,2026-07-09T00:00:00+02:00,15135791,0
2516,Puado,2026-07-10T00:00:00+02:00,15279621,0
2516,Puado,2026-07-11T00:00:00+02:00,15344657,0
2516,Puado,2026-07-12T00:00:00+02:00,15538619,0
2516,Puado,2026-07-13T00:00:00+02:00,15653730,0
2516,Puado,2026-07-14T00:00:00+02:00,15749440,0
2516,Puado,2026-07-15T00:00:00+02:00,15914641,0
2516,Puado,2026-07-16T00:00:00+02:00,15782037,0
2516,Puado,2026-07-17T00:00:00+02:00,15409304,0
2516,Puado,2026-07-18T00:00:00+02:00,15016898,0
2516,Puado,2026-07-19T00:00:00+02:00,14582819,0
2516,Puado,2026-07-20T00:00:00+02:00,14167512,0
2516,Puado,2026-07-21T00:00:00+02:00,13779125,0
2516,Puado,2026-07-22T00:00:00+02:00,13367377,0
2516,Puado,2026-07-23T00:00:00+02:00,13022922,0
2516,Puado,2026-07-24T00:00:00+02:00,12648211,0
2516,Puado,2026-07-25T00:00:00+02:00,12291500,0
2516,Puado,2026-07-26T00:00:00+02:00,11954854,0
2516,Puado,2026-07-27T00:00:00+02:00,11612860,0
2516,Puado,2026-07-28T00:00:00+02:00,11268900,0
2516,Puado,2026-07-29T00:00:00+02:00,10930167,0
2516,Puado,2026-07-30T00:00:00+02:00,10605096,0
2516,Puado,2026-07-31T00:00:00+02:00,10293768,0
2516,Puado,2026-08-01T00:00:00+02:00,9981590,0
2516,Puado,2026-08-02T00:00:00+02:00,9684834,0
2516,Puado,2026-08-03T00:00:00+02:00,9391321,0
2516,Puado,2026-08-04T00:00:00+02:00,9099189,0
2516,Puado,2026-08-05T00:00:00+02:00,8822229,0
2516,Puado,2026-08-06T00:00:00+02:00,8549383,0
2516,Puado,2026-08-07T00:00:00+02:00,8294415,0
2516,Puado,2026-08-08T00:00:00+02:00,8044424,0
2516,Puado,2026-08-09T00:00:00+02:00,7801053,0
2516,Puado,2026-08-10T00:00:00+02:00,7559887,0
2516,Puado,2026-08-11T00:00:00+02:00,7326965,0
2516,Puado,2026-08-12T00:00:00+02:00,7100269,0
2516,Puado,2026-08-13T00:00:00+02:00,6876734,0
2516,Puado,2026-08-14T00:00:00+02:00,6658292,0
2516,Puado,2026-08-15T00:00:00+02:00,6464091,0
2516,Puado,2026-08-16T00:00:00+02:00,6279004,0
2529,Rubén S.,2026-06-29T00:00:00+02:00,900000,0
2529,Rubén S.,2026-06-30T00:00:00+02:00,900000,0
2529,Rubén S.,2026-07-01T00:00:00+02:00,900000,0
2529,Rubén S.,2026-07-02T00:00:00+02:00,900000,0
2529,Rubén S.,2026-07-03T00:00:00+02:00,900427,0
2529,Rubén S.,2026-07-04T00:00:00+02:00,901471,0
2529,Rubén S.,2026-07-05T00:00:00+02:00,902361,0
2529,Rubén S.,2026-07-06T00:00:00+02:00,903475,0
2529,Rubén S.,2026-07-07T00:00:00+02:00,903428,0
2529,Rubén S.,2026-07-08T00:00:00+02:00,878143,0
2529,Rubén S.,2026-07-09T00:00:00+02:00,851830,0
2529,Rubén S.,2026-07-10T00:00:00+02:00,828319,0
2529,Rubén S.,2026-07-11T00:00:00+02:00,806165,0
2529,Rubén S.,2026-07-12T00:00:00+02:00,786031,0
2529,Rubén S.,2026-07-13T00:00:00+02:00,767519,0
2529,Rubén S.,2026-07-14T00:00:00+02:00,749579,0
2529,Rubén S.,2026-07-15T00:00:00+02:00,732922,0
2529,Rubén S.,2026-07-16T00:00:00+02:00,718239,0
2529,Rubén S.,2026-07-17T00:00:00+02:00,704443,0
2529,Rubén S.,2026-07-18T00:00:00+02:00,691552,0
2529,Rubén S.,2026-07-19T00:00:00+02:00,679422,0
2529,Rubén S.,2026-07-20T00:00:00+02:00,668488,0
2529,Rubén S.,2026-07-21T00:00:00+02:00,659508,0
2529,Rubén S.,2026-07-22T00:00:00+02:00,646423,0
2529,Rubén S.,2026-07-23T00:00:00+02:00,635413,0
2529,Rubén S.,2026-07-24T00:00:00+02:00,623893,0
2529,Rubén S.,2026-07-25T00:00:00+02:00,614488,0
2529,Rubén S.,2026-07-26T00:00:00+02:00,606080,0
2529,Rubén S.,2026-07-27T00:00:00+02:00,597616,0
2529,Rubén S.,2026-07-28T00:00:00+02:00,589610,0
2529,Rubén S.,2026-07-29T00:00:00+02:00,579719,0
2529,Rubén S.,2026-07-30T00:00:00+02:00,570946,0
2529,Rubén S.,2026-07-31T00:00:00+02:00,562073,0
2529,Rubén S.,2026-08-01T00:00:00+02:00,553659,0
2529,Rubén S.,2026-08-02T00:00:00+02:00,546496,0
2529,Rubén S.,2026-08-03T00:00:00+02:00,539045,0
2529,Rubén S.,2026-08-04T00:00:00+02:00,531226,0
2529,Rubén S.,2026-08-05T00:00:00+02:00,523791,0
2529,Rubén S.,2026-08-06T00:00:00+02:00,516158,0
2529,Rubén S.,2026-08-07T00:00:00+02:00,508929,0
2529,Rubén S.,2026-08-08T00:00:00+02:00,502471,0
2529,Rubén S.,2026-08-09T00:00:00+02:00,497288,0
2529,Rubén S.,2026-08-10T00:00:00+02:00,492532,0
2529,Rubén S.,2026-08-11T00:00:00+02:00,486876,0
2529,Rubén S.,2026-08-12T00:00:00+02:00,481052,0
2529,Rubén S.,2026-08-13T00:00:00+02:00,474350,0
2529,Rubén S.,2026-08-14T00:00:00+02:00,467192,0
2529,Rubén S.,2026-08-15T00:00:00+02:00,461476,0
2529,Rubén S.,2026-08-16T00:00:00+02:00,457936,0
2534,Álex Baena,2026-06-29T00:00:00+02:00,45000000,0
2534,Álex Baena,2026-06-30T00:00:00+02:00,45000000,0
2534,Álex Baena,2026-07-01T00:00:00+02:00,45000000,0
2534,Álex Baena,2026-07-02T00:00:00+02:00,45000000,0
2534,Álex Baena,2026-07-03T00:00:00+02:00,45021374,0
2534,Álex Baena,2026-07-04T00:00:00+02:00,45073619,0
2534,Álex Baena,2026-07-05T00:00:00+02:00,43363048,0
2534,Álex Baena,2026-07-06T00:00:00+02:00,43416586,0
2534,Álex Baena,2026-07-07T00:00:00+02:00,43414343,0
2534,Álex Baena,2026-07-08T00:00:00+02:00,43478153,0
2534,Álex Baena,2026-07-09T00:00:00+02:00,43846159,0
2534,Álex Baena,2026-07-10T00:00:00+02:00,44091445,0
2534,Álex Baena,2026-07-11T00:00:00+02:00,44854611,0
2534,Álex Baena,2026-07-12T00:00:00+02:00,46351156,0
2534,Álex Baena,2026-07-13T00:00:00+02:00,47293334,0
2534,Álex Baena,2026-07-14T00:00:00+02:00,48881663,0
2534,Álex Baena,2026-07-15T00:00:00+02:00,49820638,0
2534,Álex Baena,2026-07-16T00:00:00+02:00,51692520,0
2534,Álex Baena,2026-07-17T00:00:00+02:00,53180676,0
2534,Álex Baena,2026-07-18T00:00:00+02:00,55038634,0
2534,Álex Baena,2026-07-19T00:00:00+02:00,56808927,0
2534,Álex Baena,2026-07-20T00:00:00+02:00,58331819,0
2534,Álex Baena,2026-07-21T00:00:00+02:00,59895351,0
2534,Álex Baena,2026-07-22T00:00:00+02:00,60814363,0
2534,Álex Baena,2026-07-23T00:00:00+02:00,62755656,0
2534,Álex Baena,2026-07-24T00:00:00+02:00,63951110,0
2534,Álex Baena,2026-07-25T00:00:00+02:00,65778235,0
2534,Álex Baena,2026-07-26T00:00:00+02:00,67425168,0
2534,Álex Baena,2026-07-27T00:00:00+02:00,68874881,0
2534,Álex Baena,2026-07-28T00:00:00+02:00,70347830,0
2534,Álex Baena,2026-07-29T00:00:00+02:00,70872780,0
2534,Álex Baena,2026-07-30T00:00:00+02:00,71395937,0
2534,Álex Baena,2026-07-31T00:00:00+02:00,71255534,0
2534,Álex Baena,2026-08-01T00:00:00+02:00,70363658,0
2534,Álex Baena,2026-08-02T00:00:00+02:00,69114293,0
2534,Álex Baena,2026-08-03T00:00:00+02:00,67670741,0
2534,Álex Baena,2026-08-04T00:00:00+02:00,66216470,0
2534,Álex Baena,2026-08-05T00:00:00+02:00,64798737,0
2534,Álex Baena,2026-08-06T00:00:00+02:00,63414030,0
2534,Álex Baena,2026-08-07T00:00:00+02:00,62099694,0
2534,Álex Baena,2026-08-08T00:00:00+02:00,60729122,0
2534,Álex Baena,2026-08-09T00:00:00+02:00,59555424,0
2534,Álex Baena,2026-08-10T00:00:00+02:00,58401904,0
2534,Álex Baena,2026-08-11T00:00:00+02:00,57383813,0
2534,Álex Baena,2026-08-12T00:00:00+02:00,56384316,0
2534,Álex Baena,2026-08-13T00:00:00+02:00,55361578,0
2534,Álex Baena,2026-08-14T00:00:00+02:00,54445727,0
2534,Álex Baena,2026-08-15T00:00:00+02:00,53789069,0
2534,Álex Baena,2026-08-16T00:00:00+02:00,53098589,0
2536,Gumbau,2026-06-29T00:00:00+02:00,2300000,0
2536,Gumbau,2026-06-30T00:00:00+02:00,2300000,0
2536,Gumbau,2026-07-01T00:00:00+02:00,2300000,0
2536,Gumbau,2026-07-02T00:00:00+02:00,2300000,0
2536,Gumbau,2026-07-03T00:00:00+02:00,2301092,0
2536,Gumbau,2026-07-04T00:00:00+02:00,2303762,0
2536,Gumbau,2026-07-05T00:00:00+02:00,2306038,0
2548,Riquelme,2026-06-29T00:00:00+02:00,5500000,0
2548,Riquelme,2026-06-30T00:00:00+02:00,5500000,0
2548,Riquelme,2026-07-01T00:00:00+02:00,5500000,0
2548,Riquelme,2026-07-02T00:00:00+02:00,5500000,0
2548,Riquelme,2026-07-03T00:00:00+02:00,5502612,0
2548,Riquelme,2026-07-04T00:00:00+02:00,5508997,0
2548,Riquelme,2026-07-05T00:00:00+02:00,5514439,0
2548,Riquelme,2026-07-06T00:00:00+02:00,5521247,0
2548,Riquelme,2026-07-07T00:00:00+02:00,5520961,0
2548,Riquelme,2026-07-08T00:00:00+02:00,5455740,0
2548,Riquelme,2026-07-09T00:00:00+02:00,5375153,0
2548,Riquelme,2026-07-10T00:00:00+02:00,5270055,0
2548,Riquelme,2026-07-11T00:00:00+02:00,5179706,0
2548,Riquelme,2026-07-12T00:00:00+02:00,5053866,0
2548,Riquelme,2026-07-13T00:00:00+02:00,4930785,0
2548,Riquelme,2026-07-14T00:00:00+02:00,4818166,0
2548,Riquelme,2026-07-15T00:00:00+02:00,4736802,0
2548,Riquelme,2026-07-16T00:00:00+02:00,4623721,0
2548,Riquelme,2026-07-17T00:00:00+02:00,4534629,0
2548,Riquelme,2026-07-18T00:00:00+02:00,4448049,0
2548,Riquelme,2026-07-19T00:00:00+02:00,4348232,0
2548,Riquelme,2026-07-20T00:00:00+02:00,4255844,0
2548,Riquelme,2026-07-21T00:00:00+02:00,4186549,0
2548,Riquelme,2026-07-22T00:00:00+02:00,4093209,0
2548,Riquelme,2026-07-23T00:00:00+02:00,4024146,0
2548,Riquelme,2026-07-24T00:00:00+02:00,3957206,0
2548,Riquelme,2026-07-25T00:00:00+02:00,3894503,0
2548,Riquelme,2026-07-26T00:00:00+02:00,3844762,0
2548,Riquelme,2026-07-27T00:00:00+02:00,3790099,0
2548,Riquelme,2026-07-28T00:00:00+02:00,3734255,0
2548,Riquelme,2026-07-29T00:00:00+02:00,3675782,0
2548,Riquelme,2026-07-30T00:00:00+02:00,3620917,0
2548,Riquelme,2026-07-31T00:00:00+02:00,3572515,0
2548,Riquelme,2026-08-01T00:00:00+02:00,3541138,0
2548,Riquelme,2026-08-02T00:00:00+02:00,3503611,0
2548,Riquelme,2026-08-03T00:00:00+02:00,3469137,0
2548,Riquelme,2026-08-04T00:00:00+02:00,3436499,0
2548,Riquelme,2026-08-05T00:00:00+02:00,3398081,0
2548,Riquelme,2026-08-06T00:00:00+02:00,3361110,0
2548,Riquelme,2026-08-07T00:00:00+02:00,3360860,0
2548,Riquelme,2026-08-08T00:00:00+02:00,3384426,0
2548,Riquelme,2026-08-09T00:00:00+02:00,3416399,0
2548,Riquelme,2026-08-10T00:00:00+02:00,3456991,0
2548,Riquelme,2026-08-11T00:00:00+02:00,3517681,0
2548,Riquelme,2026-08-12T00:00:00+02:00,3647895,0
2548,Riquelme,2026-08-13T00:00:00+02:00,3748757,0
2548,Riquelme,2026-08-14T00:00:00+02:00,3866461,0
2548,Riquelme,2026-08-15T00:00:00+02:00,3997512,0
2548,Riquelme,2026-08-16T00:00:00+02:00,4089871,0
2549,Navarro,2026-06-29T00:00:00+02:00,3300000,0
2549,Navarro,2026-06-30T00:00:00+02:00,3300000,0
2549,Navarro,2026-07-01T00:00:00+02:00,3300000,0
2549,Navarro,2026-07-02T00:00:00+02:00,3300000,0
2549,Navarro,2026-07-03T00:00:00+02:00,3301567,0
2549,Navarro,2026-07-04T00:00:00+02:00,3305398,0
2549,Navarro,2026-07-05T00:00:00+02:00,3308663,0
2549,Navarro,2026-07-06T00:00:00+02:00,3312748,0
2549,Navarro,2026-07-07T00:00:00+02:00,3312576,0
2549,Navarro,2026-07-08T00:00:00+02:00,3243277,0
2549,Navarro,2026-07-09T00:00:00+02:00,3189785,0
2549,Navarro,2026-07-10T00:00:00+02:00,3126614,0
2549,Navarro,2026-07-11T00:00:00+02:00,3065567,0
2549,Navarro,2026-07-12T00:00:00+02:00,3018502,0
2549,Navarro,2026-07-13T00:00:00+02:00,2963991,0
2549,Navarro,2026-07-14T00:00:00+02:00,2900150,0
2549,Navarro,2026-07-15T00:00:00+02:00,2845907,0
2549,Navarro,2026-07-16T00:00:00+02:00,2785686,0
2549,Navarro,2026-07-17T00:00:00+02:00,2739412,0
2549,Navarro,2026-07-18T00:00:00+02:00,2697791,0
2549,Navarro,2026-07-19T00:00:00+02:00,2656395,0
2549,Navarro,2026-07-20T00:00:00+02:00,2610560,0
2549,Navarro,2026-07-21T00:00:00+02:00,2565747,0
2549,Navarro,2026-07-22T00:00:00+02:00,2515332,0
2549,Navarro,2026-07-23T00:00:00+02:00,2477587,0
2549,Navarro,2026-07-24T00:00:00+02:00,2438485,0
2549,Navarro,2026-07-25T00:00:00+02:00,2406385,0
2549,Navarro,2026-07-26T00:00:00+02:00,2380118,0
2549,Navarro,2026-07-27T00:00:00+02:00,2345042,0
2549,Navarro,2026-07-28T00:00:00+02:00,2318586,0
2549,Navarro,2026-07-29T00:00:00+02:00,2288583,0
2549,Navarro,2026-07-30T00:00:00+02:00,2253517,0
2549,Navarro,2026-07-31T00:00:00+02:00,2226266,0
2549,Navarro,2026-08-01T00:00:00+02:00,2202693,0
2549,Navarro,2026-08-02T00:00:00+02:00,2176025,0
2549,Navarro,2026-08-03T00:00:00+02:00,2150725,0
2549,Navarro,2026-08-04T00:00:00+02:00,2139765,0
2549,Navarro,2026-08-05T00:00:00+02:00,2127037,0
2549,Navarro,2026-08-06T00:00:00+02:00,2108341,0
2549,Navarro,2026-08-07T00:00:00+02:00,2091192,0
2549,Navarro,2026-08-08T00:00:00+02:00,2086991,0
2549,Navarro,2026-08-09T00:00:00+02:00,2076736,0
2549,Navarro,2026-08-10T00:00:00+02:00,2065481,0
2549,Navarro,2026-08-11T00:00:00+02:00,2066863,0
2549,Navarro,2026-08-12T00:00:00+02:00,2075112,0
2549,Navarro,2026-08-13T00:00:00+02:00,2077938,0
2549,Navarro,2026-08-14T00:00:00+02:00,2094115,0
2549,Navarro,2026-08-15T00:00:00+02:00,2111802,0
2549,Navarro,2026-08-16T00:00:00+02:00,2130868,0
2553,Almada,2026-06-29T00:00:00+02:00,10000000,0
2553,Almada,2026-06-30T00:00:00+02:00,10000000,0
2553,Almada,2026-07-01T00:00:00+02:00,10000000,0
2553,Almada,2026-07-02T00:00:00+02:00,10000000,0
2553,Almada,2026-07-03T00:00:00+02:00,10004749,0
2553,Almada,2026-07-04T00:00:00+02:00,10016359,0
2553,Almada,2026-07-05T00:00:00+02:00,10026254,0
2553,Almada,2026-07-06T00:00:00+02:00,9645875,0
2553,Almada,2026-07-07T00:00:00+02:00,9645376,0
2553,Almada,2026-07-08T00:00:00+02:00,10142415,0
2553,Almada,2026-07-09T00:00:00+02:00,10203358,0
2553,Almada,2026-07-10T00:00:00+02:00,10273936,0
2553,Almada,2026-07-11T00:00:00+02:00,10279044,0
2553,Almada,2026-07-12T00:00:00+02:00,10315494,0
2553,Almada,2026-07-13T00:00:00+02:00,10292848,0
2553,Almada,2026-07-14T00:00:00+02:00,10129583,0
2553,Almada,2026-07-15T00:00:00+02:00,9979840,0
2553,Almada,2026-07-16T00:00:00+02:00,9765339,0
2553,Almada,2026-07-17T00:00:00+02:00,9562102,0
2553,Almada,2026-07-18T00:00:00+02:00,9414811,0
2553,Almada,2026-07-19T00:00:00+02:00,9257912,0
2553,Almada,2026-07-20T00:00:00+02:00,9087038,0
2553,Almada,2026-07-21T00:00:00+02:00,8911443,0
2553,Almada,2026-07-22T00:00:00+02:00,8693817,0
2553,Almada,2026-07-23T00:00:00+02:00,8516687,0
2553,Almada,2026-07-24T00:00:00+02:00,8341370,0
2553,Almada,2026-07-25T00:00:00+02:00,8210714,0
2553,Almada,2026-07-26T00:00:00+02:00,8065528,0
2553,Almada,2026-07-27T00:00:00+02:00,7901131,0
2553,Almada,2026-07-28T00:00:00+02:00,7742718,0
2553,Almada,2026-07-29T00:00:00+02:00,7550097,0
2553,Almada,2026-07-30T00:00:00+02:00,7391926,0
2553,Almada,2026-07-31T00:00:00+02:00,7209742,0
2553,Almada,2026-08-01T00:00:00+02:00,7064400,0
2553,Almada,2026-08-02T00:00:00+02:00,6929075,0
2553,Almada,2026-08-03T00:00:00+02:00,6764816,0
2553,Almada,2026-08-04T00:00:00+02:00,6607886,0
2553,Almada,2026-08-05T00:00:00+02:00,6441161,0
2553,Almada,2026-08-06T00:00:00+02:00,6284470,0
2553,Almada,2026-08-07T00:00:00+02:00,6118478,0
2553,Almada,2026-08-08T00:00:00+02:00,5952408,0
2553,Almada,2026-08-09T00:00:00+02:00,5800439,0
2556,Buchanan,2026-06-29T00:00:00+02:00,15000000,0
2556,Buchanan,2026-06-30T00:00:00+02:00,15000000,0
2556,Buchanan,2026-07-01T00:00:00+02:00,15000000,0
2556,Buchanan,2026-07-02T00:00:00+02:00,15000000,0
2556,Buchanan,2026-07-03T00:00:00+02:00,15007124,0
2556,Buchanan,2026-07-04T00:00:00+02:00,15024539,0
2556,Buchanan,2026-07-05T00:00:00+02:00,15039382,0
2556,Buchanan,2026-07-06T00:00:00+02:00,15057950,0
2556,Buchanan,2026-07-07T00:00:00+02:00,15057172,0
2556,Buchanan,2026-07-08T00:00:00+02:00,15086301,0
2556,Buchanan,2026-07-09T00:00:00+02:00,15149490,0
2556,Buchanan,2026-07-10T00:00:00+02:00,15140957,0
2556,Buchanan,2026-07-11T00:00:00+02:00,15238190,0
2556,Buchanan,2026-07-12T00:00:00+02:00,15380802,0
2556,Buchanan,2026-07-13T00:00:00+02:00,15452933,0
2556,Buchanan,2026-07-14T00:00:00+02:00,15551747,0
2556,Buchanan,2026-07-15T00:00:00+02:00,15904426,0
2556,Buchanan,2026-07-16T00:00:00+02:00,16057439,0
2556,Buchanan,2026-07-17T00:00:00+02:00,16392875,0
2556,Buchanan,2026-07-18T00:00:00+02:00,16596193,0
2556,Buchanan,2026-07-19T00:00:00+02:00,16880321,0
2556,Buchanan,2026-07-20T00:00:00+02:00,17071286,0
2556,Buchanan,2026-07-21T00:00:00+02:00,17346534,0
2556,Buchanan,2026-07-22T00:00:00+02:00,17448432,0
2556,Buchanan,2026-07-23T00:00:00+02:00,17884130,0
2556,Buchanan,2026-07-24T00:00:00+02:00,18142846,0
2556,Buchanan,2026-07-25T00:00:00+02:00,18427775,0
2556,Buchanan,2026-07-26T00:00:00+02:00,18739769,0
2556,Buchanan,2026-07-27T00:00:00+02:00,18971505,0
2556,Buchanan,2026-07-28T00:00:00+02:00,19233980,0
2556,Buchanan,2026-07-29T00:00:00+02:00,19327783,0
2556,Buchanan,2026-07-30T00:00:00+02:00,19431298,0
2556,Buchanan,2026-07-31T00:00:00+02:00,19515623,0
2556,Buchanan,2026-08-01T00:00:00+02:00,19626366,0
2556,Buchanan,2026-08-02T00:00:00+02:00,19673526,0
2556,Buchanan,2026-08-03T00:00:00+02:00,19737774,0
2556,Buchanan,2026-08-04T00:00:00+02:00,19815777,0
2556,Buchanan,2026-08-05T00:00:00+02:00,19834040,0
2556,Buchanan,2026-08-06T00:00:00+02:00,19859149,0
2556,Buchanan,2026-08-07T00:00:00+02:00,19814941,0
2556,Buchanan,2026-08-08T00:00:00+02:00,19738221,0
2556,Buchanan,2026-08-09T00:00:00+02:00,19536941,0
2556,Buchanan,2026-08-10T00:00:00+02:00,19356221,0
2556,Buchanan,2026-08-11T00:00:00+02:00,19134573,0
2556,Buchanan,2026-08-12T00:00:00+02:00,18914117,0
2556,Buchanan,2026-08-13T00:00:00+02:00,18672243,0
2556,Buchanan,2026-08-14T00:00:00+02:00,18466379,0
2556,Buchanan,2026-08-15T00:00:00+02:00,18372769,0
2556,Buchanan,2026-08-16T00:00:00+02:00,18271700,0
2563,A. Roca,2026-06-29T00:00:00+02:00,500000,0
2563,A. Roca,2026-06-30T00:00:00+02:00,500000,0
2563,A. Roca,2026-07-01T00:00:00+02:00,500000,0
2563,A. Roca,2026-07-02T00:00:00+02:00,500000,0
2563,A. Roca,2026-07-03T00:00:00+02:00,500237,0
2563,A. Roca,2026-07-04T00:00:00+02:00,500817,0
2563,A. Roca,2026-07-05T00:00:00+02:00,501311,0
2563,A. Roca,2026-07-06T00:00:00+02:00,501929,0
2563,A. Roca,2026-07-07T00:00:00+02:00,501903,0
2563,A. Roca,2026-07-08T00:00:00+02:00,492679,0
2564,Aleñá,2026-06-29T00:00:00+02:00,7000000,0
2564,Aleñá,2026-06-30T00:00:00+02:00,7000000,0
2564,Aleñá,2026-07-01T00:00:00+02:00,7000000,0
2564,Aleñá,2026-07-02T00:00:00+02:00,7000000,0
2564,Aleñá,2026-07-03T00:00:00+02:00,7003324,0
2564,Aleñá,2026-07-04T00:00:00+02:00,7011451,0
2564,Aleñá,2026-07-05T00:00:00+02:00,7018377,0
2564,Aleñá,2026-07-06T00:00:00+02:00,7027042,0
2564,Aleñá,2026-07-07T00:00:00+02:00,7026679,0
2564,Aleñá,2026-07-08T00:00:00+02:00,6886430,0
2564,Aleñá,2026-07-09T00:00:00+02:00,6705667,0
2564,Aleñá,2026-07-10T00:00:00+02:00,6545495,0
2564,Aleñá,2026-07-11T00:00:00+02:00,6468136,0
2564,Aleñá,2026-07-12T00:00:00+02:00,6351510,0
2564,Aleñá,2026-07-13T00:00:00+02:00,6224878,0
2564,Aleñá,2026-07-14T00:00:00+02:00,6102388,0
2564,Aleñá,2026-07-15T00:00:00+02:00,6009516,0
2564,Aleñá,2026-07-16T00:00:00+02:00,5897858,0
2564,Aleñá,2026-07-17T00:00:00+02:00,5785493,0
2564,Aleñá,2026-07-18T00:00:00+02:00,5694739,0
2564,Aleñá,2026-07-19T00:00:00+02:00,5580915,0
2564,Aleñá,2026-07-20T00:00:00+02:00,5484933,0
2564,Aleñá,2026-07-21T00:00:00+02:00,5400164,0
2564,Aleñá,2026-07-22T00:00:00+02:00,5282135,0
2564,Aleñá,2026-07-23T00:00:00+02:00,5203872,0
2564,Aleñá,2026-07-24T00:00:00+02:00,5115474,0
2564,Aleñá,2026-07-25T00:00:00+02:00,5010755,0
2564,Aleñá,2026-07-26T00:00:00+02:00,4934464,0
2564,Aleñá,2026-07-27T00:00:00+02:00,4850877,0
2564,Aleñá,2026-07-28T00:00:00+02:00,4783284,0
2564,Aleñá,2026-07-29T00:00:00+02:00,4704490,0
2564,Aleñá,2026-07-30T00:00:00+02:00,4630904,0
2564,Aleñá,2026-07-31T00:00:00+02:00,4542620,0
2564,Aleñá,2026-08-01T00:00:00+02:00,4485378,0
2564,Aleñá,2026-08-02T00:00:00+02:00,4431225,0
2564,Aleñá,2026-08-03T00:00:00+02:00,4373823,0
2564,Aleñá,2026-08-04T00:00:00+02:00,4307457,0
2564,Aleñá,2026-08-05T00:00:00+02:00,4249852,0
2564,Aleñá,2026-08-06T00:00:00+02:00,4181873,0
2564,Aleñá,2026-08-07T00:00:00+02:00,4123201,0
2564,Aleñá,2026-08-08T00:00:00+02:00,4072339,0
2564,Aleñá,2026-08-09T00:00:00+02:00,4025595,0
2564,Aleñá,2026-08-10T00:00:00+02:00,3989422,0
2564,Aleñá,2026-08-11T00:00:00+02:00,3955885,0
2564,Aleñá,2026-08-12T00:00:00+02:00,3937018,0
2564,Aleñá,2026-08-13T00:00:00+02:00,3904971,0
2564,Aleñá,2026-08-14T00:00:00+02:00,3894449,0
2564,Aleñá,2026-08-15T00:00:00+02:00,3891738,0
2564,Aleñá,2026-08-16T00:00:00+02:00,3880816,0
2569,Ibañez,2026-06-29T00:00:00+02:00,6000000,0
2569,Ibañez,2026-06-30T00:00:00+02:00,6000000,0
2569,Ibañez,2026-07-01T00:00:00+02:00,6000000,0
2569,Ibañez,2026-07-02T00:00:00+02:00,6000000,0
2569,Ibañez,2026-07-03T00:00:00+02:00,6002849,0
2569,Ibañez,2026-07-04T00:00:00+02:00,6009815,0
2569,Ibañez,2026-07-05T00:00:00+02:00,6015752,0
2569,Ibañez,2026-07-06T00:00:00+02:00,6023179,0
2569,Ibañez,2026-07-07T00:00:00+02:00,6022867,0
2569,Ibañez,2026-07-08T00:00:00+02:00,5986336,0
2569,Ibañez,2026-07-09T00:00:00+02:00,5806308,0
2569,Ibañez,2026-07-10T00:00:00+02:00,5678157,0
2569,Ibañez,2026-07-11T00:00:00+02:00,5540827,0
2569,Ibañez,2026-07-12T00:00:00+02:00,5384435,0
2569,Ibañez,2026-07-13T00:00:00+02:00,5244518,0
2569,Ibañez,2026-07-14T00:00:00+02:00,5118595,0
2569,Ibañez,2026-07-15T00:00:00+02:00,4983114,0
2569,Ibañez,2026-07-16T00:00:00+02:00,4866485,0
2569,Ibañez,2026-07-17T00:00:00+02:00,4743516,0
2569,Ibañez,2026-07-18T00:00:00+02:00,4635001,0
2569,Ibañez,2026-07-19T00:00:00+02:00,4536254,0
2569,Ibañez,2026-07-20T00:00:00+02:00,4417344,0
2569,Ibañez,2026-07-21T00:00:00+02:00,4322800,0
2569,Ibañez,2026-07-22T00:00:00+02:00,4213848,0
2569,Ibañez,2026-07-23T00:00:00+02:00,4121333,0
2569,Ibañez,2026-07-24T00:00:00+02:00,4024408,0
2569,Ibañez,2026-07-25T00:00:00+02:00,3943396,0
2569,Ibañez,2026-07-26T00:00:00+02:00,3869579,0
2569,Ibañez,2026-07-27T00:00:00+02:00,3795809,0
2569,Ibañez,2026-07-28T00:00:00+02:00,3741498,0
2569,Ibañez,2026-07-29T00:00:00+02:00,3670851,0
2569,Ibañez,2026-07-30T00:00:00+02:00,3606243,0
2569,Ibañez,2026-07-31T00:00:00+02:00,3549519,0
2569,Ibañez,2026-08-01T00:00:00+02:00,3498842,0
2569,Ibañez,2026-08-02T00:00:00+02:00,3460992,0
2569,Ibañez,2026-08-03T00:00:00+02:00,3427548,0
2569,Ibañez,2026-08-04T00:00:00+02:00,3391362,0
2569,Ibañez,2026-08-05T00:00:00+02:00,3371488,0
2569,Ibañez,2026-08-06T00:00:00+02:00,3338479,0
2569,Ibañez,2026-08-07T00:00:00+02:00,3317711,0
2569,Ibañez,2026-08-08T00:00:00+02:00,3288537,0
2569,Ibañez,2026-08-09T00:00:00+02:00,3270019,0
2569,Ibañez,2026-08-10T00:00:00+02:00,3250688,0
2569,Ibañez,2026-08-11T00:00:00+02:00,3234177,0
2569,Ibañez,2026-08-12T00:00:00+02:00,3235572,0
2569,Ibañez,2026-08-13T00:00:00+02:00,3227143,0
2569,Ibañez,2026-08-14T00:00:00+02:00,3244374,0
2569,Ibañez,2026-08-15T00:00:00+02:00,3269197,0
2569,Ibañez,2026-08-16T00:00:00+02:00,3288806,0
2575,Thomas Partey,2026-06-29T00:00:00+02:00,8000000,0
2575,Thomas Partey,2026-06-30T00:00:00+02:00,8000000,0
2575,Thomas Partey,2026-07-01T00:00:00+02:00,8000000,0
2575,Thomas Partey,2026-07-02T00:00:00+02:00,8000000,0
2575,Thomas Partey,2026-07-03T00:00:00+02:00,8003799,0
2575,Thomas Partey,2026-07-04T00:00:00+02:00,8013087,0
2575,Thomas Partey,2026-07-05T00:00:00+02:00,8021003,0
2586,Santamaría,2026-06-29T00:00:00+02:00,3600000,0
2586,Santamaría,2026-06-30T00:00:00+02:00,3600000,0
2586,Santamaría,2026-07-01T00:00:00+02:00,3600000,0
2586,Santamaría,2026-07-02T00:00:00+02:00,3600000,0
2586,Santamaría,2026-07-03T00:00:00+02:00,3601709,0
2586,Santamaría,2026-07-04T00:00:00+02:00,3605888,0
2586,Santamaría,2026-07-05T00:00:00+02:00,3609450,0
2586,Santamaría,2026-07-06T00:00:00+02:00,3613906,0
2586,Santamaría,2026-07-07T00:00:00+02:00,3613719,0
2586,Santamaría,2026-07-08T00:00:00+02:00,3501971,0
2586,Santamaría,2026-07-09T00:00:00+02:00,3401722,0
2586,Santamaría,2026-07-10T00:00:00+02:00,3302010,0
2586,Santamaría,2026-07-11T00:00:00+02:00,3208710,0
2586,Santamaría,2026-07-12T00:00:00+02:00,3108140,0
2586,Santamaría,2026-07-13T00:00:00+02:00,3017985,0
2586,Santamaría,2026-07-14T00:00:00+02:00,2927468,0
2587,Josan,2026-06-29T00:00:00+02:00,1200000,0
2587,Josan,2026-06-30T00:00:00+02:00,1200000,0
2587,Josan,2026-07-01T00:00:00+02:00,1200000,0
2587,Josan,2026-07-02T00:00:00+02:00,1200000,0
2587,Josan,2026-07-03T00:00:00+02:00,1200570,0
2587,Josan,2026-07-04T00:00:00+02:00,1201963,0
2587,Josan,2026-07-05T00:00:00+02:00,1203150,0
2587,Josan,2026-08-13T00:00:00+02:00,1167564,0
2587,Josan,2026-08-14T00:00:00+02:00,1132677,0
2587,Josan,2026-08-15T00:00:00+02:00,1118078,0
2587,Josan,2026-08-16T00:00:00+02:00,1098538,0
2601,Martim Neto,2026-06-29T00:00:00+02:00,3000000,0
2601,Martim Neto,2026-06-30T00:00:00+02:00,3000000,0
2601,Martim Neto,2026-07-01T00:00:00+02:00,3000000,0
2601,Martim Neto,2026-07-02T00:00:00+02:00,3000000,0
2601,Martim Neto,2026-07-03T00:00:00+02:00,3001424,0
2601,Martim Neto,2026-07-04T00:00:00+02:00,3004907,0
2601,Martim Neto,2026-07-05T00:00:00+02:00,3007875,0
2601,Martim Neto,2026-07-06T00:00:00+02:00,3011588,0
2601,Martim Neto,2026-07-07T00:00:00+02:00,3011432,0
2601,Martim Neto,2026-07-08T00:00:00+02:00,2987985,0
2601,Martim Neto,2026-07-09T00:00:00+02:00,2942235,0
2601,Martim Neto,2026-07-10T00:00:00+02:00,2886510,0
2601,Martim Neto,2026-07-11T00:00:00+02:00,2819446,0
2601,Martim Neto,2026-07-12T00:00:00+02:00,2760489,0
2601,Martim Neto,2026-07-13T00:00:00+02:00,2690187,0
2601,Martim Neto,2026-07-14T00:00:00+02:00,2640399,0
2601,Martim Neto,2026-07-15T00:00:00+02:00,2582624,0
2601,Martim Neto,2026-07-16T00:00:00+02:00,2538954,0
2601,Martim Neto,2026-07-17T00:00:00+02:00,2501203,0
2601,Martim Neto,2026-07-18T00:00:00+02:00,2448114,0
2601,Martim Neto,2026-07-19T00:00:00+02:00,2393317,0
2601,Martim Neto,2026-07-20T00:00:00+02:00,2346037,0
2601,Martim Neto,2026-07-21T00:00:00+02:00,2303232,0
2601,Martim Neto,2026-07-22T00:00:00+02:00,2259316,0
2601,Martim Neto,2026-07-23T00:00:00+02:00,2239347,0
2601,Martim Neto,2026-07-24T00:00:00+02:00,2211849,0
2601,Martim Neto,2026-07-25T00:00:00+02:00,2187914,0
2601,Martim Neto,2026-07-26T00:00:00+02:00,2167703,0
2601,Martim Neto,2026-07-27T00:00:00+02:00,2145538,0
2601,Martim Neto,2026-07-28T00:00:00+02:00,2129305,0
2601,Martim Neto,2026-07-29T00:00:00+02:00,2113046,0
2601,Martim Neto,2026-07-30T00:00:00+02:00,2102418,0
2601,Martim Neto,2026-07-31T00:00:00+02:00,2074346,0
2601,Martim Neto,2026-08-01T00:00:00+02:00,2036152,0
2601,Martim Neto,2026-08-02T00:00:00+02:00,2002036,0
2601,Martim Neto,2026-08-03T00:00:00+02:00,1966508,0
2601,Martim Neto,2026-08-04T00:00:00+02:00,1934777,0
2601,Martim Neto,2026-08-05T00:00:00+02:00,1903420,0
2601,Martim Neto,2026-08-06T00:00:00+02:00,1874490,0
2601,Martim Neto,2026-08-07T00:00:00+02:00,1841818,0
2601,Martim Neto,2026-08-08T00:00:00+02:00,1816927,0
2601,Martim Neto,2026-08-09T00:00:00+02:00,1794422,0
2601,Martim Neto,2026-08-10T00:00:00+02:00,1768117,0
2601,Martim Neto,2026-08-11T00:00:00+02:00,1743712,0
2601,Martim Neto,2026-08-12T00:00:00+02:00,1720449,0
2601,Martim Neto,2026-08-13T00:00:00+02:00,1695332,0
2601,Martim Neto,2026-08-14T00:00:00+02:00,1672334,0
2601,Martim Neto,2026-08-15T00:00:00+02:00,1659886,0
2601,Martim Neto,2026-08-16T00:00:00+02:00,1643001,0
2607,Ilaix Moriba,2026-06-29T00:00:00+02:00,12000000,0
2607,Ilaix Moriba,2026-06-30T00:00:00+02:00,12000000,0
2607,Ilaix Moriba,2026-07-01T00:00:00+02:00,12000000,0
2607,Ilaix Moriba,2026-07-02T00:00:00+02:00,12000000,0
2607,Ilaix Moriba,2026-07-03T00:00:00+02:00,12005699,0
2607,Ilaix Moriba,2026-07-04T00:00:00+02:00,12019631,0
2607,Ilaix Moriba,2026-07-05T00:00:00+02:00,12031505,0
2607,Ilaix Moriba,2026-07-06T00:00:00+02:00,12046359,0
2607,Ilaix Moriba,2026-07-07T00:00:00+02:00,12045736,0
2607,Ilaix Moriba,2026-07-08T00:00:00+02:00,11924467,0
2607,Ilaix Moriba,2026-07-09T00:00:00+02:00,11904075,0
2607,Ilaix Moriba,2026-07-10T00:00:00+02:00,11762215,0
2607,Ilaix Moriba,2026-07-11T00:00:00+02:00,11590051,0
2607,Ilaix Moriba,2026-07-12T00:00:00+02:00,11348389,0
2607,Ilaix Moriba,2026-07-13T00:00:00+02:00,11227856,0
2607,Ilaix Moriba,2026-07-14T00:00:00+02:00,11027680,0
2607,Ilaix Moriba,2026-07-15T00:00:00+02:00,10868186,0
2607,Ilaix Moriba,2026-07-16T00:00:00+02:00,10672945,0
2607,Ilaix Moriba,2026-07-17T00:00:00+02:00,10496537,0
2607,Ilaix Moriba,2026-07-18T00:00:00+02:00,10327842,0
2607,Ilaix Moriba,2026-07-19T00:00:00+02:00,10068974,0
2607,Ilaix Moriba,2026-07-20T00:00:00+02:00,9786278,0
2607,Ilaix Moriba,2026-07-21T00:00:00+02:00,9506388,0
2607,Ilaix Moriba,2026-07-22T00:00:00+02:00,9235448,0
2607,Ilaix Moriba,2026-07-23T00:00:00+02:00,8990793,0
2607,Ilaix Moriba,2026-07-24T00:00:00+02:00,8757027,0
2607,Ilaix Moriba,2026-07-25T00:00:00+02:00,8618950,0
2607,Ilaix Moriba,2026-07-26T00:00:00+02:00,8615002,0
2607,Ilaix Moriba,2026-07-27T00:00:00+02:00,8611131,0
2607,Ilaix Moriba,2026-07-28T00:00:00+02:00,8694178,0
2607,Ilaix Moriba,2026-07-29T00:00:00+02:00,8696658,0
2607,Ilaix Moriba,2026-07-30T00:00:00+02:00,8857000,0
2607,Ilaix Moriba,2026-07-31T00:00:00+02:00,8978738,0
2607,Ilaix Moriba,2026-08-01T00:00:00+02:00,9150270,0
2607,Ilaix Moriba,2026-08-02T00:00:00+02:00,9360793,0
2607,Ilaix Moriba,2026-08-03T00:00:00+02:00,9606590,0
2607,Ilaix Moriba,2026-08-04T00:00:00+02:00,9816551,0
2607,Ilaix Moriba,2026-08-05T00:00:00+02:00,10061684,0
2607,Ilaix Moriba,2026-08-06T00:00:00+02:00,10218958,0
2607,Ilaix Moriba,2026-08-07T00:00:00+02:00,10320431,0
2607,Ilaix Moriba,2026-08-08T00:00:00+02:00,10422805,0
2607,Ilaix Moriba,2026-08-09T00:00:00+02:00,10500139,0
2607,Ilaix Moriba,2026-08-10T00:00:00+02:00,10534572,0
2607,Ilaix Moriba,2026-08-11T00:00:00+02:00,10540622,0
2607,Ilaix Moriba,2026-08-12T00:00:00+02:00,10461182,0
2607,Ilaix Moriba,2026-08-13T00:00:00+02:00,10349742,0
2607,Ilaix Moriba,2026-08-14T00:00:00+02:00,10232250,0
2607,Ilaix Moriba,2026-08-15T00:00:00+02:00,10169057,0
2607,Ilaix Moriba,2026-08-16T00:00:00+02:00,10086454,0
2612,Ugrinic,2026-06-29T00:00:00+02:00,8000000,0
2612,Ugrinic,2026-06-30T00:00:00+02:00,8000000,0
2612,Ugrinic,2026-07-01T00:00:00+02:00,8000000,0
2612,Ugrinic,2026-07-02T00:00:00+02:00,8000000,0
2612,Ugrinic,2026-07-03T00:00:00+02:00,8003799,0
2612,Ugrinic,2026-07-04T00:00:00+02:00,8013087,0
2612,Ugrinic,2026-07-05T00:00:00+02:00,8021003,0
2612,Ugrinic,2026-07-06T00:00:00+02:00,8030906,0
2612,Ugrinic,2026-07-07T00:00:00+02:00,8030491,0
2612,Ugrinic,2026-07-08T00:00:00+02:00,8599766,0
2612,Ugrinic,2026-07-09T00:00:00+02:00,8486628,0
2612,Ugrinic,2026-07-10T00:00:00+02:00,8274469,0
2612,Ugrinic,2026-07-11T00:00:00+02:00,8123238,0
2612,Ugrinic,2026-07-12T00:00:00+02:00,7942512,0
2612,Ugrinic,2026-07-13T00:00:00+02:00,7746905,0
2612,Ugrinic,2026-07-14T00:00:00+02:00,7578906,0
2612,Ugrinic,2026-07-15T00:00:00+02:00,7356881,0
2612,Ugrinic,2026-07-16T00:00:00+02:00,7161579,0
2612,Ugrinic,2026-07-17T00:00:00+02:00,7011760,0
2612,Ugrinic,2026-07-18T00:00:00+02:00,6860365,0
2612,Ugrinic,2026-07-19T00:00:00+02:00,6707303,0
2612,Ugrinic,2026-07-20T00:00:00+02:00,6574114,0
2612,Ugrinic,2026-07-21T00:00:00+02:00,6408466,0
2612,Ugrinic,2026-07-22T00:00:00+02:00,6228722,0
2612,Ugrinic,2026-07-23T00:00:00+02:00,6068372,0
2612,Ugrinic,2026-07-24T00:00:00+02:00,5937900,0
2612,Ugrinic,2026-07-25T00:00:00+02:00,5814012,0
2612,Ugrinic,2026-07-26T00:00:00+02:00,5672015,0
2612,Ugrinic,2026-07-27T00:00:00+02:00,5547804,0
2612,Ugrinic,2026-07-28T00:00:00+02:00,5420996,0
2612,Ugrinic,2026-07-29T00:00:00+02:00,5290723,0
2612,Ugrinic,2026-07-30T00:00:00+02:00,5165143,0
2612,Ugrinic,2026-07-31T00:00:00+02:00,5032517,0
2612,Ugrinic,2026-08-01T00:00:00+02:00,4925645,0
2612,Ugrinic,2026-08-02T00:00:00+02:00,4802766,0
2612,Ugrinic,2026-08-03T00:00:00+02:00,4677580,0
2612,Ugrinic,2026-08-04T00:00:00+02:00,4561708,0
2612,Ugrinic,2026-08-05T00:00:00+02:00,4449305,0
2612,Ugrinic,2026-08-06T00:00:00+02:00,4340480,0
2612,Ugrinic,2026-08-07T00:00:00+02:00,4234376,0
2612,Ugrinic,2026-08-08T00:00:00+02:00,4143117,0
2612,Ugrinic,2026-08-09T00:00:00+02:00,4055411,0
2612,Ugrinic,2026-08-10T00:00:00+02:00,3994798,0
2612,Ugrinic,2026-08-11T00:00:00+02:00,3929555,0
2612,Ugrinic,2026-08-12T00:00:00+02:00,3903846,0
2612,Ugrinic,2026-08-13T00:00:00+02:00,3856445,0
2612,Ugrinic,2026-08-14T00:00:00+02:00,3830767,0
2612,Ugrinic,2026-08-15T00:00:00+02:00,3836220,0
2612,Ugrinic,2026-08-16T00:00:00+02:00,3834226,0
2616,C. Alvarez,2026-06-29T00:00:00+02:00,8000000,0
2616,C. Alvarez,2026-06-30T00:00:00+02:00,8000000,0
2616,C. Alvarez,2026-07-01T00:00:00+02:00,8000000,0
2616,C. Alvarez,2026-07-02T00:00:00+02:00,8000000,0
2616,C. Alvarez,2026-07-03T00:00:00+02:00,8003799,0
2616,C. Alvarez,2026-07-04T00:00:00+02:00,8013087,0
2616,C. Alvarez,2026-07-05T00:00:00+02:00,8021003,0
2616,C. Alvarez,2026-07-06T00:00:00+02:00,8030906,0
2616,C. Alvarez,2026-07-07T00:00:00+02:00,8030491,0
2616,C. Alvarez,2026-07-08T00:00:00+02:00,8175816,0
2616,C. Alvarez,2026-07-09T00:00:00+02:00,8934797,0
2616,C. Alvarez,2026-07-10T00:00:00+02:00,9532946,0
2616,C. Alvarez,2026-07-11T00:00:00+02:00,10108246,0
2616,C. Alvarez,2026-07-12T00:00:00+02:00,10326253,0
2616,C. Alvarez,2026-07-13T00:00:00+02:00,10622144,0
2616,C. Alvarez,2026-07-14T00:00:00+02:00,10804496,0
2616,C. Alvarez,2026-07-15T00:00:00+02:00,11244547,0
2616,C. Alvarez,2026-07-16T00:00:00+02:00,11517183,0
2616,C. Alvarez,2026-07-17T00:00:00+02:00,11796481,0
2616,C. Alvarez,2026-07-18T00:00:00+02:00,12147944,0
2616,C. Alvarez,2026-07-19T00:00:00+02:00,12226135,0
2616,C. Alvarez,2026-07-20T00:00:00+02:00,12567670,0
2616,C. Alvarez,2026-07-21T00:00:00+02:00,12872864,0
2616,C. Alvarez,2026-07-22T00:00:00+02:00,13026216,0
2616,C. Alvarez,2026-07-23T00:00:00+02:00,13289918,0
2616,C. Alvarez,2026-07-24T00:00:00+02:00,13629999,0
2616,C. Alvarez,2026-07-25T00:00:00+02:00,14107628,0
2616,C. Alvarez,2026-07-26T00:00:00+02:00,14574661,0
2616,C. Alvarez,2026-07-27T00:00:00+02:00,14939900,0
2616,C. Alvarez,2026-07-28T00:00:00+02:00,15305376,0
2616,C. Alvarez,2026-07-29T00:00:00+02:00,15556170,0
2616,C. Alvarez,2026-07-30T00:00:00+02:00,15918258,0
2616,C. Alvarez,2026-07-31T00:00:00+02:00,16191035,0
2616,C. Alvarez,2026-08-01T00:00:00+02:00,16495920,0
2616,C. Alvarez,2026-08-02T00:00:00+02:00,16859397,0
2616,C. Alvarez,2026-08-03T00:00:00+02:00,17189099,0
2616,C. Alvarez,2026-08-04T00:00:00+02:00,17586942,0
2616,C. Alvarez,2026-08-05T00:00:00+02:00,17940698,0
2616,C. Alvarez,2026-08-06T00:00:00+02:00,18167914,0
2616,C. Alvarez,2026-08-07T00:00:00+02:00,18401110,0
2616,C. Alvarez,2026-08-08T00:00:00+02:00,18675836,0
2616,C. Alvarez,2026-08-09T00:00:00+02:00,18858106,0
2616,C. Alvarez,2026-08-10T00:00:00+02:00,19146891,0
2616,C. Alvarez,2026-08-11T00:00:00+02:00,19400746,0
2616,C. Alvarez,2026-08-12T00:00:00+02:00,19534787,0
2616,C. Alvarez,2026-08-13T00:00:00+02:00,19622505,0
2616,C. Alvarez,2026-08-14T00:00:00+02:00,19640070,0
2616,C. Alvarez,2026-08-15T00:00:00+02:00,19675318,0
2616,C. Alvarez,2026-08-16T00:00:00+02:00,19742709,0
2620,Calebe,2026-06-29T00:00:00+02:00,1300000,0
2620,Calebe,2026-06-30T00:00:00+02:00,1300000,0
2620,Calebe,2026-07-01T00:00:00+02:00,1300000,0
2620,Calebe,2026-07-02T00:00:00+02:00,1300000,0
2620,Calebe,2026-07-03T00:00:00+02:00,1300617,0
2620,Calebe,2026-07-04T00:00:00+02:00,1302126,0
2620,Calebe,2026-07-05T00:00:00+02:00,1303412,0
2620,Calebe,2026-07-06T00:00:00+02:00,1305021,0
2621,Gorrotxa,2026-06-29T00:00:00+02:00,8000000,0
2621,Gorrotxa,2026-06-30T00:00:00+02:00,8000000,0
2621,Gorrotxa,2026-07-01T00:00:00+02:00,8000000,0
2621,Gorrotxa,2026-07-02T00:00:00+02:00,8000000,0
2621,Gorrotxa,2026-07-03T00:00:00+02:00,8003799,0
2621,Gorrotxa,2026-07-04T00:00:00+02:00,8013087,0
2621,Gorrotxa,2026-07-05T00:00:00+02:00,8021003,0
2621,Gorrotxa,2026-07-06T00:00:00+02:00,8030906,0
2621,Gorrotxa,2026-07-07T00:00:00+02:00,8030491,0
2621,Gorrotxa,2026-07-08T00:00:00+02:00,8890806,0
2621,Gorrotxa,2026-07-09T00:00:00+02:00,9769655,0
2621,Gorrotxa,2026-07-10T00:00:00+02:00,10113911,0
2621,Gorrotxa,2026-07-11T00:00:00+02:00,10483954,0
2621,Gorrotxa,2026-07-12T00:00:00+02:00,10694351,0
2621,Gorrotxa,2026-07-13T00:00:00+02:00,10733056,0
2621,Gorrotxa,2026-07-14T00:00:00+02:00,10721598,0
2621,Gorrotxa,2026-07-15T00:00:00+02:00,10676801,0
2621,Gorrotxa,2026-07-16T00:00:00+02:00,10549037,0
2621,Gorrotxa,2026-07-17T00:00:00+02:00,10508828,0
2621,Gorrotxa,2026-07-18T00:00:00+02:00,10447221,0
2621,Gorrotxa,2026-07-19T00:00:00+02:00,10361703,0
2621,Gorrotxa,2026-07-20T00:00:00+02:00,10259434,0
2621,Gorrotxa,2026-07-21T00:00:00+02:00,10127884,0
2621,Gorrotxa,2026-07-22T00:00:00+02:00,9987110,0
2621,Gorrotxa,2026-07-23T00:00:00+02:00,9807127,0
2621,Gorrotxa,2026-07-24T00:00:00+02:00,9638579,0
2621,Gorrotxa,2026-07-25T00:00:00+02:00,9522520,0
2621,Gorrotxa,2026-07-26T00:00:00+02:00,9429522,0
2621,Gorrotxa,2026-07-27T00:00:00+02:00,9322029,0
2621,Gorrotxa,2026-07-28T00:00:00+02:00,9213125,0
2621,Gorrotxa,2026-07-29T00:00:00+02:00,9067140,0
2621,Gorrotxa,2026-07-30T00:00:00+02:00,9034279,0
2621,Gorrotxa,2026-07-31T00:00:00+02:00,8891387,0
2621,Gorrotxa,2026-08-01T00:00:00+02:00,8786826,0
2621,Gorrotxa,2026-08-02T00:00:00+02:00,8683778,0
2621,Gorrotxa,2026-08-03T00:00:00+02:00,8601643,0
2621,Gorrotxa,2026-08-04T00:00:00+02:00,8493061,0
2621,Gorrotxa,2026-08-05T00:00:00+02:00,8334794,0
2621,Gorrotxa,2026-08-06T00:00:00+02:00,8106438,0
2621,Gorrotxa,2026-08-07T00:00:00+02:00,7894559,0
2621,Gorrotxa,2026-08-08T00:00:00+02:00,7684474,0
2621,Gorrotxa,2026-08-09T00:00:00+02:00,7492756,0
2621,Gorrotxa,2026-08-10T00:00:00+02:00,7291428,0
2621,Gorrotxa,2026-08-11T00:00:00+02:00,7102530,0
2621,Gorrotxa,2026-08-12T00:00:00+02:00,6911941,0
2621,Gorrotxa,2026-08-13T00:00:00+02:00,6716949,0
2621,Gorrotxa,2026-08-14T00:00:00+02:00,6533211,0
2621,Gorrotxa,2026-08-15T00:00:00+02:00,6379380,0
2621,Gorrotxa,2026-08-16T00:00:00+02:00,6221614,0
2622,Urko,2026-06-29T00:00:00+02:00,7000000,0
2622,Urko,2026-06-30T00:00:00+02:00,7000000,0
2622,Urko,2026-07-01T00:00:00+02:00,7000000,0
2622,Urko,2026-07-02T00:00:00+02:00,7000000,0
2622,Urko,2026-07-03T00:00:00+02:00,7003324,0
2622,Urko,2026-07-04T00:00:00+02:00,7011451,0
2622,Urko,2026-07-05T00:00:00+02:00,7018377,0
2622,Urko,2026-07-06T00:00:00+02:00,7027042,0
2622,Urko,2026-07-07T00:00:00+02:00,7026679,0
2622,Urko,2026-07-08T00:00:00+02:00,7010491,0
2622,Urko,2026-07-09T00:00:00+02:00,7037347,0
2622,Urko,2026-07-10T00:00:00+02:00,6983108,0
2622,Urko,2026-07-11T00:00:00+02:00,6939445,0
2622,Urko,2026-07-12T00:00:00+02:00,6781849,0
2622,Urko,2026-07-13T00:00:00+02:00,6651660,0
2622,Urko,2026-07-14T00:00:00+02:00,6495160,0
2622,Urko,2026-07-15T00:00:00+02:00,6364815,0
2622,Urko,2026-07-16T00:00:00+02:00,6266705,0
2622,Urko,2026-07-17T00:00:00+02:00,6150587,0
2622,Urko,2026-07-18T00:00:00+02:00,6016443,0
2622,Urko,2026-07-19T00:00:00+02:00,5930268,0
2622,Urko,2026-07-20T00:00:00+02:00,5849353,0
2622,Urko,2026-07-21T00:00:00+02:00,5824024,0
2622,Urko,2026-07-22T00:00:00+02:00,5738568,0
2622,Urko,2026-07-23T00:00:00+02:00,5686682,0
2622,Urko,2026-07-24T00:00:00+02:00,5617944,0
2622,Urko,2026-07-25T00:00:00+02:00,5553881,0
2622,Urko,2026-07-26T00:00:00+02:00,5480658,0
2622,Urko,2026-07-27T00:00:00+02:00,5407127,0
2622,Urko,2026-07-28T00:00:00+02:00,5353213,0
2622,Urko,2026-07-29T00:00:00+02:00,5271090,0
2622,Urko,2026-07-30T00:00:00+02:00,5206247,0
2622,Urko,2026-07-31T00:00:00+02:00,5141424,0
2622,Urko,2026-08-01T00:00:00+02:00,5101744,0
2622,Urko,2026-08-02T00:00:00+02:00,5070790,0
2622,Urko,2026-08-03T00:00:00+02:00,5030920,0
2622,Urko,2026-08-04T00:00:00+02:00,4999604,0
2622,Urko,2026-08-05T00:00:00+02:00,4950093,0
2622,Urko,2026-08-06T00:00:00+02:00,4901210,0
2622,Urko,2026-08-07T00:00:00+02:00,4860408,0
2622,Urko,2026-08-08T00:00:00+02:00,4825766,0
2622,Urko,2026-08-09T00:00:00+02:00,4803978,0
2622,Urko,2026-08-10T00:00:00+02:00,4777203,0
2622,Urko,2026-08-11T00:00:00+02:00,4761313,0
2622,Urko,2026-08-12T00:00:00+02:00,4752076,0
2622,Urko,2026-08-13T00:00:00+02:00,4735778,0
2622,Urko,2026-08-14T00:00:00+02:00,4726629,0
2622,Urko,2026-08-15T00:00:00+02:00,4738545,0
2622,Urko,2026-08-16T00:00:00+02:00,4750677,0
2626,Deossa,2026-06-29T00:00:00+02:00,3900000,0
2626,Deossa,2026-06-30T00:00:00+02:00,3900000,0
2626,Deossa,2026-07-01T00:00:00+02:00,3900000,0
2626,Deossa,2026-07-02T00:00:00+02:00,3900000,0
2626,Deossa,2026-07-03T00:00:00+02:00,3901852,0
2626,Deossa,2026-07-04T00:00:00+02:00,3906379,0
2626,Deossa,2026-07-05T00:00:00+02:00,3910238,0
2626,Deossa,2026-07-06T00:00:00+02:00,3915065,0
2626,Deossa,2026-07-07T00:00:00+02:00,3914862,0
2626,Deossa,2026-07-08T00:00:00+02:00,3836564,0
2626,Deossa,2026-07-09T00:00:00+02:00,3739305,0
2626,Deossa,2026-07-10T00:00:00+02:00,3613686,0
2626,Deossa,2026-07-11T00:00:00+02:00,3524054,0
2626,Deossa,2026-07-12T00:00:00+02:00,3418929,0
2626,Deossa,2026-07-13T00:00:00+02:00,3323436,0
2626,Deossa,2026-07-14T00:00:00+02:00,3223372,0
2626,Deossa,2026-07-15T00:00:00+02:00,3129698,0
2626,Deossa,2026-07-16T00:00:00+02:00,3046098,0
2626,Deossa,2026-07-17T00:00:00+02:00,2967273,0
2626,Deossa,2026-07-18T00:00:00+02:00,2885972,0
2626,Deossa,2026-07-19T00:00:00+02:00,2802875,0
2626,Deossa,2026-07-20T00:00:00+02:00,2732505,0
2626,Deossa,2026-07-21T00:00:00+02:00,2662316,0
2626,Deossa,2026-07-22T00:00:00+02:00,2583705,0
2626,Deossa,2026-07-23T00:00:00+02:00,2517260,0
2626,Deossa,2026-07-24T00:00:00+02:00,2454798,0
2626,Deossa,2026-07-25T00:00:00+02:00,2393911,0
2626,Deossa,2026-07-26T00:00:00+02:00,2335146,0
2626,Deossa,2026-07-27T00:00:00+02:00,2277559,0
2626,Deossa,2026-07-28T00:00:00+02:00,2221416,0
2626,Deossa,2026-07-29T00:00:00+02:00,2161352,0
2626,Deossa,2026-07-30T00:00:00+02:00,2108366,0
2626,Deossa,2026-07-31T00:00:00+02:00,2061929,0
2626,Deossa,2026-08-01T00:00:00+02:00,2023145,0
2626,Deossa,2026-08-02T00:00:00+02:00,1981562,0
2626,Deossa,2026-08-03T00:00:00+02:00,1937472,0
2626,Deossa,2026-08-04T00:00:00+02:00,1896569,0
2626,Deossa,2026-08-05T00:00:00+02:00,1856637,0
2626,Deossa,2026-08-06T00:00:00+02:00,1819106,0
2626,Deossa,2026-08-07T00:00:00+02:00,1826843,0
2626,Deossa,2026-08-08T00:00:00+02:00,1854800,0
2626,Deossa,2026-08-09T00:00:00+02:00,1876754,0
2626,Deossa,2026-08-10T00:00:00+02:00,1908130,0
2626,Deossa,2026-08-11T00:00:00+02:00,1945951,0
2626,Deossa,2026-08-12T00:00:00+02:00,1986280,0
2626,Deossa,2026-08-13T00:00:00+02:00,2013002,0
2626,Deossa,2026-08-14T00:00:00+02:00,2052185,0
2626,Deossa,2026-08-15T00:00:00+02:00,2087660,0
2626,Deossa,2026-08-16T00:00:00+02:00,2110419,0
2628,O. Rey,2026-06-29T00:00:00+02:00,2000000,0
2628,O. Rey,2026-06-30T00:00:00+02:00,2000000,0
2628,O. Rey,2026-07-01T00:00:00+02:00,2000000,0
2628,O. Rey,2026-07-02T00:00:00+02:00,2000000,0
2628,O. Rey,2026-07-03T00:00:00+02:00,2000949,0
2628,O. Rey,2026-07-04T00:00:00+02:00,2003271,0
2628,O. Rey,2026-07-05T00:00:00+02:00,2005250,0
2628,O. Rey,2026-07-06T00:00:00+02:00,2007725,0
2628,O. Rey,2026-07-07T00:00:00+02:00,2007621,0
2628,O. Rey,2026-07-08T00:00:00+02:00,1949880,0
2628,O. Rey,2026-07-09T00:00:00+02:00,1897930,0
2628,O. Rey,2026-07-10T00:00:00+02:00,1834812,0
2628,O. Rey,2026-07-11T00:00:00+02:00,1780371,0
2628,O. Rey,2026-07-12T00:00:00+02:00,1729210,0
2628,O. Rey,2026-07-13T00:00:00+02:00,1678029,0
2628,O. Rey,2026-07-14T00:00:00+02:00,1628384,0
2628,O. Rey,2026-07-15T00:00:00+02:00,1580672,0
2628,O. Rey,2026-07-16T00:00:00+02:00,1539037,0
2628,O. Rey,2026-07-17T00:00:00+02:00,1494761,0
2628,O. Rey,2026-07-18T00:00:00+02:00,1451870,0
2628,O. Rey,2026-07-19T00:00:00+02:00,1413555,0
2628,O. Rey,2026-07-20T00:00:00+02:00,1376221,0
2628,O. Rey,2026-07-21T00:00:00+02:00,1339839,0
2628,O. Rey,2026-07-22T00:00:00+02:00,1300833,0
2628,O. Rey,2026-07-23T00:00:00+02:00,1265334,0
2628,O. Rey,2026-07-24T00:00:00+02:00,1230088,0
2628,O. Rey,2026-07-25T00:00:00+02:00,1198875,0
2628,O. Rey,2026-07-26T00:00:00+02:00,1169170,0
2628,O. Rey,2026-07-27T00:00:00+02:00,1138182,0
2628,O. Rey,2026-07-28T00:00:00+02:00,1110468,0
2628,O. Rey,2026-07-29T00:00:00+02:00,1079743,0
2628,O. Rey,2026-07-30T00:00:00+02:00,1052446,0
2628,O. Rey,2026-07-31T00:00:00+02:00,1024313,0
2628,O. Rey,2026-08-01T00:00:00+02:00,998871,0
2628,O. Rey,2026-08-02T00:00:00+02:00,974155,0
2628,O. Rey,2026-08-03T00:00:00+02:00,949597,0
2628,O. Rey,2026-08-04T00:00:00+02:00,925356,0
2628,O. Rey,2026-08-05T00:00:00+02:00,902156,0
2628,O. Rey,2026-08-06T00:00:00+02:00,879480,0
2628,O. Rey,2026-08-07T00:00:00+02:00,857718,0
2628,O. Rey,2026-08-08T00:00:00+02:00,838529,0
2628,O. Rey,2026-08-09T00:00:00+02:00,822815,0
2628,O. Rey,2026-08-10T00:00:00+02:00,805038,0
2628,O. Rey,2026-08-11T00:00:00+02:00,787902,0
2628,O. Rey,2026-08-12T00:00:00+02:00,770096,0
2628,O. Rey,2026-08-13T00:00:00+02:00,753216,0
2628,O. Rey,2026-08-14T00:00:00+02:00,741277,0
2628,O. Rey,2026-08-15T00:00:00+02:00,734196,0
2628,O. Rey,2026-08-16T00:00:00+02:00,725882,0
2639,M. Román,2026-06-29T00:00:00+02:00,8500000,0
2639,M. Román,2026-06-30T00:00:00+02:00,8500000,0
2639,M. Román,2026-07-01T00:00:00+02:00,8500000,0
2639,M. Román,2026-07-02T00:00:00+02:00,8500000,0
2639,M. Román,2026-07-03T00:00:00+02:00,8504037,0
2639,M. Román,2026-07-04T00:00:00+02:00,8513905,0
2639,M. Román,2026-07-05T00:00:00+02:00,8522316,0
2639,M. Román,2026-07-06T00:00:00+02:00,8532838,0
2639,M. Román,2026-07-07T00:00:00+02:00,8532397,0
2639,M. Román,2026-07-08T00:00:00+02:00,8531053,0
2639,M. Román,2026-07-09T00:00:00+02:00,8349886,0
2639,M. Román,2026-07-10T00:00:00+02:00,8128553,0
2639,M. Román,2026-07-11T00:00:00+02:00,7980446,0
2639,M. Román,2026-07-12T00:00:00+02:00,7802786,0
2639,M. Román,2026-07-13T00:00:00+02:00,7588395,0
2639,M. Román,2026-07-14T00:00:00+02:00,7465226,0
2639,M. Román,2026-07-15T00:00:00+02:00,7266188,0
2639,M. Román,2026-07-16T00:00:00+02:00,7142141,0
2639,M. Román,2026-07-17T00:00:00+02:00,7024410,0
2639,M. Román,2026-07-18T00:00:00+02:00,6891959,0
2639,M. Román,2026-07-19T00:00:00+02:00,6747612,0
2639,M. Román,2026-07-20T00:00:00+02:00,6616171,0
2639,M. Román,2026-07-21T00:00:00+02:00,6474742,0
2639,M. Román,2026-07-22T00:00:00+02:00,6348349,0
2639,M. Román,2026-07-23T00:00:00+02:00,6263101,0
2639,M. Román,2026-07-24T00:00:00+02:00,6147969,0
2639,M. Román,2026-07-25T00:00:00+02:00,6059635,0
2639,M. Román,2026-07-26T00:00:00+02:00,5963365,0
2639,M. Román,2026-07-27T00:00:00+02:00,5837268,0
2639,M. Román,2026-07-28T00:00:00+02:00,5730323,0
2639,M. Román,2026-07-29T00:00:00+02:00,5627281,0
2639,M. Román,2026-07-30T00:00:00+02:00,5534495,0
2639,M. Román,2026-07-31T00:00:00+02:00,5438709,0
2639,M. Román,2026-08-01T00:00:00+02:00,5367599,0
2639,M. Román,2026-08-02T00:00:00+02:00,5319338,0
2639,M. Román,2026-08-03T00:00:00+02:00,5256879,0
2639,M. Román,2026-08-04T00:00:00+02:00,5197842,0
2639,M. Román,2026-08-05T00:00:00+02:00,5134545,0
2639,M. Román,2026-08-06T00:00:00+02:00,5090541,0
2639,M. Román,2026-08-07T00:00:00+02:00,5077928,0
2639,M. Román,2026-08-08T00:00:00+02:00,5090734,0
2639,M. Román,2026-08-09T00:00:00+02:00,5104022,0
2639,M. Román,2026-08-10T00:00:00+02:00,5143108,0
2639,M. Román,2026-08-11T00:00:00+02:00,5206515,0
2639,M. Román,2026-08-12T00:00:00+02:00,5266884,0
2639,M. Román,2026-08-13T00:00:00+02:00,5301658,0
2639,M. Román,2026-08-14T00:00:00+02:00,5372035,0
2639,M. Román,2026-08-15T00:00:00+02:00,5423880,0
2639,M. Román,2026-08-16T00:00:00+02:00,5445514,0
2640,Mario Martín,2026-06-29T00:00:00+02:00,4000000,0
2640,Mario Martín,2026-06-30T00:00:00+02:00,4000000,0
2640,Mario Martín,2026-07-01T00:00:00+02:00,4000000,0
2640,Mario Martín,2026-07-02T00:00:00+02:00,4000000,0
2640,Mario Martín,2026-07-03T00:00:00+02:00,4001899,0
2640,Mario Martín,2026-07-04T00:00:00+02:00,4006543,0
2640,Mario Martín,2026-07-05T00:00:00+02:00,4010501,0
2640,Mario Martín,2026-08-13T00:00:00+02:00,3874457,0
2640,Mario Martín,2026-08-14T00:00:00+02:00,3742483,0
2640,Mario Martín,2026-08-15T00:00:00+02:00,3831432,0
2640,Mario Martín,2026-08-16T00:00:00+02:00,3905966,0
2649,Guille Fernández,2026-06-29T00:00:00+02:00,700000,0
2649,Guille Fernández,2026-06-30T00:00:00+02:00,700000,0
2649,Guille Fernández,2026-07-01T00:00:00+02:00,700000,0
2649,Guille Fernández,2026-07-02T00:00:00+02:00,700000,0
2649,Guille Fernández,2026-07-03T00:00:00+02:00,700332,0
2649,Guille Fernández,2026-07-04T00:00:00+02:00,701144,0
2649,Guille Fernández,2026-07-05T00:00:00+02:00,701836,0
2662,Risco,2026-06-29T00:00:00+02:00,700000,0
2662,Risco,2026-06-30T00:00:00+02:00,700000,0
2662,Risco,2026-07-01T00:00:00+02:00,700000,0
2662,Risco,2026-07-02T00:00:00+02:00,700000,0
2662,Risco,2026-07-03T00:00:00+02:00,700332,0
2662,Risco,2026-07-04T00:00:00+02:00,701144,0
2662,Risco,2026-07-05T00:00:00+02:00,701836,0
2665,Marín,2026-06-29T00:00:00+02:00,5000000,0
2665,Marín,2026-06-30T00:00:00+02:00,5000000,0
2665,Marín,2026-07-01T00:00:00+02:00,5000000,0
2665,Marín,2026-07-02T00:00:00+02:00,5000000,0
2665,Marín,2026-07-03T00:00:00+02:00,5002374,0
2665,Marín,2026-07-04T00:00:00+02:00,5008179,0
2665,Marín,2026-07-05T00:00:00+02:00,5013126,0
2665,Marín,2026-07-06T00:00:00+02:00,5019315,0
2665,Marín,2026-07-07T00:00:00+02:00,5019055,0
2665,Marín,2026-07-08T00:00:00+02:00,4972210,0
2665,Marín,2026-07-09T00:00:00+02:00,4837093,0
2665,Marín,2026-07-10T00:00:00+02:00,4697087,0
2665,Marín,2026-07-11T00:00:00+02:00,4587537,0
2665,Marín,2026-07-12T00:00:00+02:00,4477899,0
2665,Marín,2026-07-13T00:00:00+02:00,4357261,0
2665,Marín,2026-07-14T00:00:00+02:00,4239010,0
2665,Marín,2026-07-15T00:00:00+02:00,4128498,0
2665,Marín,2026-07-16T00:00:00+02:00,4000796,0
2665,Marín,2026-07-17T00:00:00+02:00,3879234,0
2665,Marín,2026-07-18T00:00:00+02:00,3764949,0
2665,Marín,2026-07-19T00:00:00+02:00,3655756,0
2665,Marín,2026-07-20T00:00:00+02:00,3544081,0
2665,Marín,2026-07-21T00:00:00+02:00,3441218,0
2665,Marín,2026-07-22T00:00:00+02:00,3334481,0
2665,Marín,2026-07-23T00:00:00+02:00,3234187,0
2665,Marín,2026-07-24T00:00:00+02:00,3136788,0
2665,Marín,2026-07-25T00:00:00+02:00,3046896,0
2665,Marín,2026-07-26T00:00:00+02:00,2956799,0
2665,Marín,2026-07-27T00:00:00+02:00,2867422,0
2665,Marín,2026-07-28T00:00:00+02:00,2780915,0
2665,Marín,2026-07-29T00:00:00+02:00,2693609,0
2665,Marín,2026-07-30T00:00:00+02:00,2610857,0
2665,Marín,2026-07-31T00:00:00+02:00,2531023,0
2665,Marín,2026-08-01T00:00:00+02:00,2454818,0
2665,Marín,2026-08-02T00:00:00+02:00,2381209,0
2665,Marín,2026-08-03T00:00:00+02:00,2308829,0
2665,Marín,2026-08-04T00:00:00+02:00,2237875,0
2665,Marín,2026-08-05T00:00:00+02:00,2169245,0
2665,Marín,2026-08-06T00:00:00+02:00,2101408,0
2665,Marín,2026-08-07T00:00:00+02:00,2036252,0
2665,Marín,2026-08-08T00:00:00+02:00,1974016,0
2665,Marín,2026-08-09T00:00:00+02:00,1913673,0
2665,Marín,2026-08-10T00:00:00+02:00,1857267,0
2665,Marín,2026-08-11T00:00:00+02:00,1799018,0
2665,Marín,2026-08-12T00:00:00+02:00,1750538,0
2665,Marín,2026-08-13T00:00:00+02:00,1696258,0
2665,Marín,2026-08-14T00:00:00+02:00,1644654,0
2665,Marín,2026-08-15T00:00:00+02:00,1596722,0
2665,Marín,2026-08-16T00:00:00+02:00,1552185,0
2672,Pampin,2026-06-29T00:00:00+02:00,700000,0
2672,Pampin,2026-06-30T00:00:00+02:00,700000,0
2672,Pampin,2026-07-01T00:00:00+02:00,700000,0
2672,Pampin,2026-07-02T00:00:00+02:00,700000,0
2672,Pampin,2026-07-03T00:00:00+02:00,700332,0
2672,Pampin,2026-07-04T00:00:00+02:00,701144,0
2672,Pampin,2026-07-05T00:00:00+02:00,701836,0
2679,Becerra,2026-06-29T00:00:00+02:00,600000,0
2679,Becerra,2026-06-30T00:00:00+02:00,600000,0
2679,Becerra,2026-07-01T00:00:00+02:00,600000,0
2679,Becerra,2026-07-02T00:00:00+02:00,600000,0
2679,Becerra,2026-07-03T00:00:00+02:00,600285,0
2679,Becerra,2026-07-04T00:00:00+02:00,600981,0
2679,Becerra,2026-07-05T00:00:00+02:00,581040,0
2682,Januzaj,2026-06-29T00:00:00+02:00,2800000,0
2682,Januzaj,2026-06-30T00:00:00+02:00,2800000,0
2682,Januzaj,2026-07-01T00:00:00+02:00,2800000,0
2682,Januzaj,2026-07-02T00:00:00+02:00,2800000,0
2682,Januzaj,2026-07-03T00:00:00+02:00,2801329,0
2682,Januzaj,2026-07-04T00:00:00+02:00,2804579,0
2682,Januzaj,2026-07-05T00:00:00+02:00,2807349,0
2687,Manu Bueno,2026-06-29T00:00:00+02:00,800000,0
2687,Manu Bueno,2026-06-30T00:00:00+02:00,800000,0
2687,Manu Bueno,2026-07-01T00:00:00+02:00,800000,0
2687,Manu Bueno,2026-07-02T00:00:00+02:00,800000,0
2687,Manu Bueno,2026-07-03T00:00:00+02:00,800380,0
2687,Manu Bueno,2026-07-04T00:00:00+02:00,801308,0
2687,Manu Bueno,2026-07-05T00:00:00+02:00,802099,0
2703,Redondo,2026-06-29T00:00:00+02:00,2400000,0
2703,Redondo,2026-06-30T00:00:00+02:00,2400000,0
2703,Redondo,2026-07-01T00:00:00+02:00,2400000,0
2703,Redondo,2026-07-02T00:00:00+02:00,2400000,0
2703,Redondo,2026-07-03T00:00:00+02:00,2401139,0
2703,Redondo,2026-07-04T00:00:00+02:00,2403925,0
2703,Redondo,2026-07-05T00:00:00+02:00,2406299,0
2703,Redondo,2026-07-06T00:00:00+02:00,2409269,0
2703,Redondo,2026-07-07T00:00:00+02:00,2409144,0
2703,Redondo,2026-07-08T00:00:00+02:00,2346332,0
2703,Redondo,2026-07-09T00:00:00+02:00,2279998,0
2703,Redondo,2026-07-10T00:00:00+02:00,2216453,0
2703,Redondo,2026-07-11T00:00:00+02:00,2152961,0
2703,Redondo,2026-07-12T00:00:00+02:00,2091679,0
2703,Redondo,2026-07-13T00:00:00+02:00,2030607,0
2703,Redondo,2026-07-14T00:00:00+02:00,1968490,0
2703,Redondo,2026-07-15T00:00:00+02:00,1912823,0
2703,Redondo,2026-07-16T00:00:00+02:00,1858517,0
2703,Redondo,2026-07-17T00:00:00+02:00,1806276,0
2703,Redondo,2026-07-18T00:00:00+02:00,1754662,0
2703,Redondo,2026-07-19T00:00:00+02:00,1704758,0
2703,Redondo,2026-07-20T00:00:00+02:00,1656916,0
2703,Redondo,2026-07-21T00:00:00+02:00,1612296,0
2703,Redondo,2026-07-22T00:00:00+02:00,1566078,0
2703,Redondo,2026-07-23T00:00:00+02:00,1525561,0
2703,Redondo,2026-07-24T00:00:00+02:00,1485726,0
2703,Redondo,2026-07-25T00:00:00+02:00,1443177,0
2703,Redondo,2026-07-26T00:00:00+02:00,1405573,0
2703,Redondo,2026-07-27T00:00:00+02:00,1368008,0
2703,Redondo,2026-07-28T00:00:00+02:00,1335334,0
2703,Redondo,2026-07-29T00:00:00+02:00,1300954,0
2703,Redondo,2026-07-30T00:00:00+02:00,1266750,0
2703,Redondo,2026-07-31T00:00:00+02:00,1232821,0
2703,Redondo,2026-08-01T00:00:00+02:00,1203431,0
2703,Redondo,2026-08-02T00:00:00+02:00,1173794,0
2703,Redondo,2026-08-03T00:00:00+02:00,1142358,0
2703,Redondo,2026-08-04T00:00:00+02:00,1111861,0
2703,Redondo,2026-08-05T00:00:00+02:00,1083898,0
2703,Redondo,2026-08-06T00:00:00+02:00,1055046,0
2703,Redondo,2026-08-07T00:00:00+02:00,1028536,0
2703,Redondo,2026-08-08T00:00:00+02:00,1003460,0
2703,Redondo,2026-08-09T00:00:00+02:00,979580,0
2703,Redondo,2026-08-10T00:00:00+02:00,959377,0
2703,Redondo,2026-08-11T00:00:00+02:00,939940,0
2703,Redondo,2026-08-12T00:00:00+02:00,923698,0
2703,Redondo,2026-08-13T00:00:00+02:00,905957,0
2703,Redondo,2026-08-14T00:00:00+02:00,890382,0
2703,Redondo,2026-08-15T00:00:00+02:00,882549,0
2703,Redondo,2026-08-16T00:00:00+02:00,868568,0
2704,L. Pinillos,2026-06-29T00:00:00+02:00,500000,0
2704,L. Pinillos,2026-06-30T00:00:00+02:00,500000,0
2704,L. Pinillos,2026-07-01T00:00:00+02:00,500000,0
2704,L. Pinillos,2026-07-02T00:00:00+02:00,500000,0
2704,L. Pinillos,2026-07-03T00:00:00+02:00,500237,0
2704,L. Pinillos,2026-07-04T00:00:00+02:00,500817,0
2704,L. Pinillos,2026-07-05T00:00:00+02:00,501311,0
2704,L. Pinillos,2026-07-06T00:00:00+02:00,501929,0
2710,D. Pérez,2026-06-29T00:00:00+02:00,700000,0
2710,D. Pérez,2026-06-30T00:00:00+02:00,700000,0
2710,D. Pérez,2026-07-01T00:00:00+02:00,700000,0
2710,D. Pérez,2026-07-02T00:00:00+02:00,700000,0
2710,D. Pérez,2026-07-03T00:00:00+02:00,700332,0
2710,D. Pérez,2026-07-04T00:00:00+02:00,701144,0
2710,D. Pérez,2026-07-05T00:00:00+02:00,701836,0
2717,R. Mendoza,2026-06-29T00:00:00+02:00,1500000,0
2717,R. Mendoza,2026-06-30T00:00:00+02:00,1500000,0
2717,R. Mendoza,2026-07-01T00:00:00+02:00,1500000,0
2717,R. Mendoza,2026-07-02T00:00:00+02:00,1500000,0
2717,R. Mendoza,2026-07-03T00:00:00+02:00,1500712,0
2717,R. Mendoza,2026-07-04T00:00:00+02:00,1502453,0
2717,R. Mendoza,2026-07-05T00:00:00+02:00,1503937,0
2717,R. Mendoza,2026-07-06T00:00:00+02:00,1505793,0
2717,R. Mendoza,2026-07-07T00:00:00+02:00,1505715,0
2717,R. Mendoza,2026-07-08T00:00:00+02:00,1479033,0
2717,R. Mendoza,2026-07-09T00:00:00+02:00,1464815,0
2717,R. Mendoza,2026-07-10T00:00:00+02:00,1441766,0
2717,R. Mendoza,2026-07-11T00:00:00+02:00,1408866,0
2717,R. Mendoza,2026-07-12T00:00:00+02:00,1402955,0
2717,R. Mendoza,2026-07-13T00:00:00+02:00,1370806,0
2717,R. Mendoza,2026-07-14T00:00:00+02:00,1345052,0
2717,R. Mendoza,2026-07-15T00:00:00+02:00,1316455,0
2717,R. Mendoza,2026-07-16T00:00:00+02:00,1290050,0
2717,R. Mendoza,2026-07-17T00:00:00+02:00,1264511,0
2717,R. Mendoza,2026-07-18T00:00:00+02:00,1237405,0
2717,R. Mendoza,2026-07-19T00:00:00+02:00,1214567,0
2717,R. Mendoza,2026-07-20T00:00:00+02:00,1193776,0
2717,R. Mendoza,2026-07-21T00:00:00+02:00,1170918,0
2717,R. Mendoza,2026-07-22T00:00:00+02:00,1143737,0
2717,R. Mendoza,2026-07-23T00:00:00+02:00,1123689,0
2717,R. Mendoza,2026-07-24T00:00:00+02:00,1102906,0
2717,R. Mendoza,2026-07-25T00:00:00+02:00,1088272,0
2717,R. Mendoza,2026-07-26T00:00:00+02:00,1069281,0
2717,R. Mendoza,2026-07-27T00:00:00+02:00,1052844,0
2717,R. Mendoza,2026-07-28T00:00:00+02:00,1034191,0
2717,R. Mendoza,2026-07-29T00:00:00+02:00,1012411,0
2717,R. Mendoza,2026-07-30T00:00:00+02:00,995840,0
2717,R. Mendoza,2026-07-31T00:00:00+02:00,980443,0
2717,R. Mendoza,2026-08-01T00:00:00+02:00,965104,0
2717,R. Mendoza,2026-08-02T00:00:00+02:00,951454,0
2717,R. Mendoza,2026-08-03T00:00:00+02:00,941200,0
2717,R. Mendoza,2026-08-04T00:00:00+02:00,931172,0
2717,R. Mendoza,2026-08-05T00:00:00+02:00,926280,0
2717,R. Mendoza,2026-08-06T00:00:00+02:00,915644,0
2717,R. Mendoza,2026-08-07T00:00:00+02:00,903269,0
2717,R. Mendoza,2026-08-08T00:00:00+02:00,891906,0
2717,R. Mendoza,2026-08-09T00:00:00+02:00,882788,0
2717,R. Mendoza,2026-08-10T00:00:00+02:00,876263,0
2717,R. Mendoza,2026-08-11T00:00:00+02:00,870528,0
2717,R. Mendoza,2026-08-12T00:00:00+02:00,864282,0
2717,R. Mendoza,2026-08-13T00:00:00+02:00,857025,0
2717,R. Mendoza,2026-08-14T00:00:00+02:00,853039,0
2717,R. Mendoza,2026-08-15T00:00:00+02:00,849600,0
2717,R. Mendoza,2026-08-16T00:00:00+02:00,849222,0
2721,A. Osambela,2026-06-29T00:00:00+02:00,500000,0
2721,A. Osambela,2026-06-30T00:00:00+02:00,500000,0
2721,A. Osambela,2026-07-01T00:00:00+02:00,500000,0
2721,A. Osambela,2026-07-02T00:00:00+02:00,500000,0
2721,A. Osambela,2026-07-03T00:00:00+02:00,500237,0
2721,A. Osambela,2026-07-04T00:00:00+02:00,500817,0
2721,A. Osambela,2026-07-05T00:00:00+02:00,501311,0
2723,Mauro,2026-06-29T00:00:00+02:00,600000,0
2723,Mauro,2026-06-30T00:00:00+02:00,600000,0
2723,Mauro,2026-07-01T00:00:00+02:00,600000,0
2723,Mauro,2026-07-02T00:00:00+02:00,600000,0
2723,Mauro,2026-07-03T00:00:00+02:00,580047,0
2723,Mauro,2026-07-04T00:00:00+02:00,580720,0
2723,Mauro,2026-07-05T00:00:00+02:00,561590,0
2733,Jano,2026-06-29T00:00:00+02:00,500000,0
2733,Jano,2026-06-30T00:00:00+02:00,500000,0
2733,Jano,2026-07-01T00:00:00+02:00,500000,0
2733,Jano,2026-07-02T00:00:00+02:00,500000,0
2733,Jano,2026-07-03T00:00:00+02:00,500237,0
2733,Jano,2026-07-04T00:00:00+02:00,500817,0
2733,Jano,2026-07-05T00:00:00+02:00,501311,0
2735,Thiago Pitarch,2026-06-29T00:00:00+02:00,7000000,0
2735,Thiago Pitarch,2026-06-30T00:00:00+02:00,7000000,0
2735,Thiago Pitarch,2026-07-01T00:00:00+02:00,7000000,0
2735,Thiago Pitarch,2026-07-02T00:00:00+02:00,7000000,0
2735,Thiago Pitarch,2026-07-03T00:00:00+02:00,7003324,0
2735,Thiago Pitarch,2026-07-04T00:00:00+02:00,7011451,0
2735,Thiago Pitarch,2026-07-05T00:00:00+02:00,7018377,0
2739,Iván,2026-06-29T00:00:00+02:00,600000,0
2739,Iván,2026-06-30T00:00:00+02:00,600000,0
2739,Iván,2026-07-01T00:00:00+02:00,600000,0
2739,Iván,2026-07-02T00:00:00+02:00,600000,0
2739,Iván,2026-07-03T00:00:00+02:00,600285,0
2739,Iván,2026-07-04T00:00:00+02:00,600981,0
2739,Iván,2026-07-05T00:00:00+02:00,601574,0
2743,Joan Ruiz,2026-06-29T00:00:00+02:00,600000,0
2743,Joan Ruiz,2026-06-30T00:00:00+02:00,600000,0
2743,Joan Ruiz,2026-07-01T00:00:00+02:00,600000,0
2743,Joan Ruiz,2026-07-02T00:00:00+02:00,600000,0
2743,Joan Ruiz,2026-07-03T00:00:00+02:00,600285,0
2743,Joan Ruiz,2026-07-04T00:00:00+02:00,600981,0
2743,Joan Ruiz,2026-07-05T00:00:00+02:00,601574,0
2745,Edu Altozano,2026-06-29T00:00:00+02:00,600000,0
2745,Edu Altozano,2026-06-30T00:00:00+02:00,600000,0
2745,Edu Altozano,2026-07-01T00:00:00+02:00,600000,0
2745,Edu Altozano,2026-07-02T00:00:00+02:00,600000,0
2745,Edu Altozano,2026-07-03T00:00:00+02:00,600285,0
2745,Edu Altozano,2026-07-04T00:00:00+02:00,600981,0
2745,Edu Altozano,2026-07-05T00:00:00+02:00,601574,0
2760,Pickel,2026-06-29T00:00:00+02:00,1500000,0
2760,Pickel,2026-06-30T00:00:00+02:00,1500000,0
2760,Pickel,2026-07-01T00:00:00+02:00,1500000,0
2760,Pickel,2026-07-02T00:00:00+02:00,1500000,0
2760,Pickel,2026-07-03T00:00:00+02:00,1500712,0
2760,Pickel,2026-07-04T00:00:00+02:00,1502453,0
2760,Pickel,2026-07-05T00:00:00+02:00,1503937,0
2766,Arriaga,2026-06-29T00:00:00+02:00,6000000,0
2766,Arriaga,2026-06-30T00:00:00+02:00,6000000,0
2766,Arriaga,2026-07-01T00:00:00+02:00,6000000,0
2766,Arriaga,2026-07-02T00:00:00+02:00,6000000,0
2766,Arriaga,2026-07-03T00:00:00+02:00,6002849,0
2766,Arriaga,2026-07-04T00:00:00+02:00,6009815,0
2766,Arriaga,2026-07-05T00:00:00+02:00,6015752,0
2766,Arriaga,2026-07-06T00:00:00+02:00,6023179,0
2766,Arriaga,2026-07-07T00:00:00+02:00,6022867,0
2766,Arriaga,2026-07-08T00:00:00+02:00,5922630,0
2766,Arriaga,2026-07-09T00:00:00+02:00,5859075,0
2766,Arriaga,2026-07-10T00:00:00+02:00,5776330,0
2766,Arriaga,2026-07-11T00:00:00+02:00,5652110,0
2766,Arriaga,2026-07-12T00:00:00+02:00,5542914,0
2766,Arriaga,2026-07-13T00:00:00+02:00,5407785,0
2766,Arriaga,2026-07-14T00:00:00+02:00,5282793,0
2766,Arriaga,2026-07-15T00:00:00+02:00,5157544,0
2766,Arriaga,2026-07-16T00:00:00+02:00,5030475,0
2766,Arriaga,2026-07-17T00:00:00+02:00,4923164,0
2766,Arriaga,2026-07-18T00:00:00+02:00,4796020,0
2766,Arriaga,2026-07-19T00:00:00+02:00,4691048,0
2766,Arriaga,2026-07-20T00:00:00+02:00,4567650,0
2766,Arriaga,2026-07-21T00:00:00+02:00,4452509,0
2766,Arriaga,2026-07-22T00:00:00+02:00,4339810,0
2766,Arriaga,2026-07-23T00:00:00+02:00,4223408,0
2766,Arriaga,2026-07-24T00:00:00+02:00,4129139,0
2766,Arriaga,2026-07-25T00:00:00+02:00,4038766,0
2766,Arriaga,2026-07-26T00:00:00+02:00,3939287,0
2766,Arriaga,2026-07-27T00:00:00+02:00,3851667,0
2766,Arriaga,2026-07-28T00:00:00+02:00,3773514,0
2766,Arriaga,2026-07-29T00:00:00+02:00,3681622,0
2766,Arriaga,2026-07-30T00:00:00+02:00,3595859,0
2766,Arriaga,2026-07-31T00:00:00+02:00,3514030,0
2766,Arriaga,2026-08-01T00:00:00+02:00,3437697,0
2766,Arriaga,2026-08-02T00:00:00+02:00,3362515,0
2766,Arriaga,2026-08-03T00:00:00+02:00,3284290,0
2766,Arriaga,2026-08-04T00:00:00+02:00,3206862,0
2766,Arriaga,2026-08-05T00:00:00+02:00,3136531,0
2766,Arriaga,2026-08-06T00:00:00+02:00,3064179,0
2766,Arriaga,2026-08-07T00:00:00+02:00,3001092,0
2766,Arriaga,2026-08-08T00:00:00+02:00,2941172,0
2766,Arriaga,2026-08-09T00:00:00+02:00,2879445,0
2766,Arriaga,2026-08-10T00:00:00+02:00,2823660,0
2766,Arriaga,2026-08-11T00:00:00+02:00,2770111,0
2766,Arriaga,2026-08-12T00:00:00+02:00,2721598,0
2766,Arriaga,2026-08-13T00:00:00+02:00,2666895,0
2766,Arriaga,2026-08-14T00:00:00+02:00,2619711,0
2766,Arriaga,2026-08-15T00:00:00+02:00,2584585,0
2766,Arriaga,2026-08-16T00:00:00+02:00,2543981,0
2772,C. Soler,2026-06-29T00:00:00+02:00,40000000,0
2772,C. Soler,2026-06-30T00:00:00+02:00,40000000,0
2772,C. Soler,2026-07-01T00:00:00+02:00,40000000,0
2772,C. Soler,2026-07-02T00:00:00+02:00,40000000,0
2772,C. Soler,2026-07-03T00:00:00+02:00,40018999,0
2772,C. Soler,2026-07-04T00:00:00+02:00,40065439,0
2772,C. Soler,2026-07-05T00:00:00+02:00,40105021,0
2772,C. Soler,2026-07-06T00:00:00+02:00,40154536,0
2772,C. Soler,2026-07-07T00:00:00+02:00,40152462,0
2772,C. Soler,2026-07-08T00:00:00+02:00,39030131,0
2772,C. Soler,2026-07-09T00:00:00+02:00,38718181,0
2772,C. Soler,2026-07-10T00:00:00+02:00,38590836,0
2772,C. Soler,2026-07-11T00:00:00+02:00,38516689,0
2772,C. Soler,2026-07-12T00:00:00+02:00,38405154,0
2772,C. Soler,2026-07-13T00:00:00+02:00,38219122,0
2772,C. Soler,2026-07-14T00:00:00+02:00,37973438,0
2772,C. Soler,2026-07-15T00:00:00+02:00,37851620,0
2772,C. Soler,2026-07-16T00:00:00+02:00,37585345,0
2772,C. Soler,2026-07-17T00:00:00+02:00,37216013,0
2772,C. Soler,2026-07-18T00:00:00+02:00,36997503,0
2772,C. Soler,2026-07-19T00:00:00+02:00,36760988,0
2772,C. Soler,2026-07-20T00:00:00+02:00,36441769,0
2772,C. Soler,2026-07-21T00:00:00+02:00,36102514,0
2772,C. Soler,2026-07-22T00:00:00+02:00,35546993,0
2772,C. Soler,2026-07-23T00:00:00+02:00,35148559,0
2772,C. Soler,2026-07-24T00:00:00+02:00,34832580,0
2772,C. Soler,2026-07-25T00:00:00+02:00,34520719,0
2772,C. Soler,2026-07-26T00:00:00+02:00,34279262,0
2772,C. Soler,2026-07-27T00:00:00+02:00,33912077,0
2772,C. Soler,2026-07-28T00:00:00+02:00,33669838,0
2772,C. Soler,2026-07-29T00:00:00+02:00,33267170,0
2772,C. Soler,2026-07-30T00:00:00+02:00,33060108,0
2772,C. Soler,2026-07-31T00:00:00+02:00,32738952,0
2772,C. Soler,2026-08-01T00:00:00+02:00,32473053,0
2772,C. Soler,2026-08-02T00:00:00+02:00,32254144,0
2772,C. Soler,2026-08-03T00:00:00+02:00,32080115,0
2772,C. Soler,2026-08-04T00:00:00+02:00,31788138,0
2772,C. Soler,2026-08-05T00:00:00+02:00,31513790,0
2772,C. Soler,2026-08-06T00:00:00+02:00,31260357,0
2772,C. Soler,2026-08-07T00:00:00+02:00,31005590,0
2772,C. Soler,2026-08-08T00:00:00+02:00,30907308,0
2772,C. Soler,2026-08-09T00:00:00+02:00,30810847,0
2772,C. Soler,2026-08-10T00:00:00+02:00,30749207,0
2772,C. Soler,2026-08-11T00:00:00+02:00,30720548,0
2772,C. Soler,2026-08-12T00:00:00+02:00,30853729,0
2772,C. Soler,2026-08-13T00:00:00+02:00,30975423,0
2772,C. Soler,2026-08-14T00:00:00+02:00,31366807,0
2772,C. Soler,2026-08-15T00:00:00+02:00,31720296,0
2772,C. Soler,2026-08-16T00:00:00+02:00,31955581,0
2773,Mendy,2026-06-29T00:00:00+02:00,2400000,0
2773,Mendy,2026-06-30T00:00:00+02:00,2400000,0
2773,Mendy,2026-07-01T00:00:00+02:00,2400000,0
2773,Mendy,2026-07-02T00:00:00+02:00,2400000,0
2773,Mendy,2026-07-03T00:00:00+02:00,2401139,0
2773,Mendy,2026-07-04T00:00:00+02:00,2403925,0
2773,Mendy,2026-07-05T00:00:00+02:00,2406299,0
2775,Javi Muñoz,2026-06-29T00:00:00+02:00,1600000,0
2775,Javi Muñoz,2026-06-30T00:00:00+02:00,1600000,0
2775,Javi Muñoz,2026-07-01T00:00:00+02:00,1600000,0
2775,Javi Muñoz,2026-07-02T00:00:00+02:00,1600000,0
2775,Javi Muñoz,2026-07-03T00:00:00+02:00,1600759,0
2775,Javi Muñoz,2026-07-04T00:00:00+02:00,1602616,0
2775,Javi Muñoz,2026-07-05T00:00:00+02:00,1604199,0
2775,Javi Muñoz,2026-07-06T00:00:00+02:00,1606179,0
2775,Javi Muñoz,2026-07-07T00:00:00+02:00,1606096,0
2775,Javi Muñoz,2026-07-08T00:00:00+02:00,1580348,0
2775,Javi Muñoz,2026-07-09T00:00:00+02:00,1543776,0
2775,Javi Muñoz,2026-07-10T00:00:00+02:00,1492588,0
2775,Javi Muñoz,2026-07-11T00:00:00+02:00,1449861,0
2775,Javi Muñoz,2026-07-12T00:00:00+02:00,1408897,0
2775,Javi Muñoz,2026-07-13T00:00:00+02:00,1368033,0
2775,Javi Muñoz,2026-07-14T00:00:00+02:00,1327618,0
2775,Javi Muñoz,2026-07-15T00:00:00+02:00,1288717,0
2775,Javi Muñoz,2026-07-16T00:00:00+02:00,1253036,0
2775,Javi Muñoz,2026-07-17T00:00:00+02:00,1219073,0
2775,Javi Muñoz,2026-07-18T00:00:00+02:00,1185597,0
2775,Javi Muñoz,2026-07-19T00:00:00+02:00,1155363,0
2775,Javi Muñoz,2026-07-20T00:00:00+02:00,1125391,0
2775,Javi Muñoz,2026-07-21T00:00:00+02:00,1098135,0
2775,Javi Muñoz,2026-07-22T00:00:00+02:00,1067505,0
2775,Javi Muñoz,2026-07-23T00:00:00+02:00,1042181,0
2775,Javi Muñoz,2026-07-24T00:00:00+02:00,1014390,0
2775,Javi Muñoz,2026-07-25T00:00:00+02:00,989365,0
2775,Javi Muñoz,2026-07-26T00:00:00+02:00,965961,0
2775,Javi Muñoz,2026-07-27T00:00:00+02:00,943102,0
2775,Javi Muñoz,2026-07-28T00:00:00+02:00,921276,0
2775,Javi Muñoz,2026-07-29T00:00:00+02:00,898119,0
2775,Javi Muñoz,2026-07-30T00:00:00+02:00,876610,0
2775,Javi Muñoz,2026-07-31T00:00:00+02:00,855510,0
2775,Javi Muñoz,2026-08-01T00:00:00+02:00,835359,0
2775,Javi Muñoz,2026-08-02T00:00:00+02:00,816928,0
2775,Javi Muñoz,2026-08-03T00:00:00+02:00,798660,0
2775,Javi Muñoz,2026-08-04T00:00:00+02:00,780456,0
2775,Javi Muñoz,2026-08-05T00:00:00+02:00,764455,0
2775,Javi Muñoz,2026-08-06T00:00:00+02:00,747196,0
2775,Javi Muñoz,2026-08-07T00:00:00+02:00,732037,0
2775,Javi Muñoz,2026-08-08T00:00:00+02:00,716655,0
2775,Javi Muñoz,2026-08-09T00:00:00+02:00,702905,0
2775,Javi Muñoz,2026-08-10T00:00:00+02:00,689925,0
2775,Javi Muñoz,2026-08-11T00:00:00+02:00,676373,0
2775,Javi Muñoz,2026-08-12T00:00:00+02:00,665189,0
2775,Javi Muñoz,2026-08-13T00:00:00+02:00,651121,0
2775,Javi Muñoz,2026-08-14T00:00:00+02:00,636892,0
2775,Javi Muñoz,2026-08-15T00:00:00+02:00,627352,0
2775,Javi Muñoz,2026-08-16T00:00:00+02:00,617177,0
2782,Nico Gonzalez,2026-06-29T00:00:00+02:00,15000000,0
2782,Nico Gonzalez,2026-06-30T00:00:00+02:00,15000000,0
2782,Nico Gonzalez,2026-07-01T00:00:00+02:00,15000000,0
2782,Nico Gonzalez,2026-07-02T00:00:00+02:00,15000000,0
2782,Nico Gonzalez,2026-07-03T00:00:00+02:00,15007124,0
2782,Nico Gonzalez,2026-07-04T00:00:00+02:00,15024539,0
2782,Nico Gonzalez,2026-07-05T00:00:00+02:00,15039382,0
2784,Marc Bernal,2026-06-29T00:00:00+02:00,3600000,0
2784,Marc Bernal,2026-06-30T00:00:00+02:00,3600000,0
2784,Marc Bernal,2026-07-01T00:00:00+02:00,3600000,0
2784,Marc Bernal,2026-07-02T00:00:00+02:00,3600000,0
2784,Marc Bernal,2026-07-03T00:00:00+02:00,3601709,0
2784,Marc Bernal,2026-07-04T00:00:00+02:00,3605888,0
2784,Marc Bernal,2026-07-05T00:00:00+02:00,3609450,0
2784,Marc Bernal,2026-07-31T00:00:00+02:00,3489845,0
2784,Marc Bernal,2026-08-01T00:00:00+02:00,3374801,0
2784,Marc Bernal,2026-08-02T00:00:00+02:00,3439300,0
2784,Marc Bernal,2026-08-03T00:00:00+02:00,3636564,0
2784,Marc Bernal,2026-08-04T00:00:00+02:00,3890715,0
2784,Marc Bernal,2026-08-05T00:00:00+02:00,4163309,0
2784,Marc Bernal,2026-08-06T00:00:00+02:00,4441775,0
2784,Marc Bernal,2026-08-07T00:00:00+02:00,4757840,0
2784,Marc Bernal,2026-08-08T00:00:00+02:00,5053142,0
2784,Marc Bernal,2026-08-09T00:00:00+02:00,5313321,0
2784,Marc Bernal,2026-08-10T00:00:00+02:00,5585287,0
2784,Marc Bernal,2026-08-11T00:00:00+02:00,5841594,0
2784,Marc Bernal,2026-08-12T00:00:00+02:00,6096137,0
2784,Marc Bernal,2026-08-13T00:00:00+02:00,6354665,0
2784,Marc Bernal,2026-08-14T00:00:00+02:00,6632952,0
2784,Marc Bernal,2026-08-15T00:00:00+02:00,6902871,0
2784,Marc Bernal,2026-08-16T00:00:00+02:00,7147163,0
2786,Jordán,2026-06-29T00:00:00+02:00,1200000,0
2786,Jordán,2026-06-30T00:00:00+02:00,1200000,0
2786,Jordán,2026-07-01T00:00:00+02:00,1200000,0
2786,Jordán,2026-07-02T00:00:00+02:00,1200000,0
2786,Jordán,2026-07-03T00:00:00+02:00,1200570,0
2786,Jordán,2026-07-04T00:00:00+02:00,1201963,0
2786,Jordán,2026-07-05T00:00:00+02:00,1203150,0
2786,Jordán,2026-07-06T00:00:00+02:00,1204635,0
2786,Jordán,2026-07-07T00:00:00+02:00,1204572,0
2786,Jordán,2026-07-08T00:00:00+02:00,1169598,0
2786,Jordán,2026-07-09T00:00:00+02:00,1141090,0
2786,Jordán,2026-07-10T00:00:00+02:00,1106009,0
2786,Jordán,2026-07-11T00:00:00+02:00,1072747,0
2786,Jordán,2026-07-12T00:00:00+02:00,1041950,0
2786,Jordán,2026-07-13T00:00:00+02:00,1013202,0
2786,Jordán,2026-07-14T00:00:00+02:00,985435,0
2786,Jordán,2026-07-15T00:00:00+02:00,959343,0
2786,Jordán,2026-07-16T00:00:00+02:00,935603,0
2786,Jordán,2026-07-17T00:00:00+02:00,913112,0
2786,Jordán,2026-07-18T00:00:00+02:00,891875,0
2786,Jordán,2026-07-19T00:00:00+02:00,871732,0
2786,Jordán,2026-07-20T00:00:00+02:00,853106,0
2786,Jordán,2026-07-21T00:00:00+02:00,836741,0
2786,Jordán,2026-07-22T00:00:00+02:00,816566,0
2786,Jordán,2026-07-23T00:00:00+02:00,798751,0
2786,Jordán,2026-07-24T00:00:00+02:00,780698,0
2786,Jordán,2026-07-25T00:00:00+02:00,765021,0
2786,Jordán,2026-07-26T00:00:00+02:00,750591,0
2786,Jordán,2026-07-27T00:00:00+02:00,736346,0
2786,Jordán,2026-07-28T00:00:00+02:00,722791,0
2786,Jordán,2026-07-29T00:00:00+02:00,707573,0
2786,Jordán,2026-07-30T00:00:00+02:00,693686,0
2786,Jordán,2026-07-31T00:00:00+02:00,679903,0
2786,Jordán,2026-08-01T00:00:00+02:00,666776,0
2786,Jordán,2026-08-02T00:00:00+02:00,655088,0
2786,Jordán,2026-08-03T00:00:00+02:00,643293,0
2786,Jordán,2026-08-04T00:00:00+02:00,631304,0
2786,Jordán,2026-08-05T00:00:00+02:00,619866,0
2786,Jordán,2026-08-06T00:00:00+02:00,608390,0
2786,Jordán,2026-08-07T00:00:00+02:00,597471,0
2786,Jordán,2026-08-08T00:00:00+02:00,587472,0
2786,Jordán,2026-08-09T00:00:00+02:00,578889,0
2786,Jordán,2026-08-10T00:00:00+02:00,570869,0
2786,Jordán,2026-08-11T00:00:00+02:00,562079,0
2796,Lucas Núñez,2026-06-29T00:00:00+02:00,500000,0
2796,Lucas Núñez,2026-06-30T00:00:00+02:00,500000,0
2796,Lucas Núñez,2026-07-01T00:00:00+02:00,500000,0
2796,Lucas Núñez,2026-07-02T00:00:00+02:00,500000,0
2796,Lucas Núñez,2026-07-03T00:00:00+02:00,500237,0
2796,Lucas Núñez,2026-07-04T00:00:00+02:00,500817,0
2796,Lucas Núñez,2026-07-05T00:00:00+02:00,501311,0
2797,Hugo Lopez,2026-06-29T00:00:00+02:00,500000,0
2797,Hugo Lopez,2026-06-30T00:00:00+02:00,500000,0
2797,Hugo Lopez,2026-07-01T00:00:00+02:00,500000,0
2797,Hugo Lopez,2026-07-02T00:00:00+02:00,500000,0
2797,Hugo Lopez,2026-07-03T00:00:00+02:00,500237,0
2797,Hugo Lopez,2026-07-04T00:00:00+02:00,484343,0
2797,Hugo Lopez,2026-07-05T00:00:00+02:00,484821,0
2799,Amrabat,2026-06-29T00:00:00+02:00,20000000,0
2799,Amrabat,2026-06-30T00:00:00+02:00,20000000,0
2799,Amrabat,2026-07-01T00:00:00+02:00,20000000,0
2799,Amrabat,2026-07-02T00:00:00+02:00,20000000,0
2799,Amrabat,2026-07-03T00:00:00+02:00,20009499,0
2799,Amrabat,2026-07-04T00:00:00+02:00,20032719,0
2799,Amrabat,2026-07-05T00:00:00+02:00,20052510,0
2802,Lucas Beltrán,2026-06-29T00:00:00+02:00,9000000,0
2802,Lucas Beltrán,2026-06-30T00:00:00+02:00,9000000,0
2802,Lucas Beltrán,2026-07-01T00:00:00+02:00,9000000,0
2802,Lucas Beltrán,2026-07-02T00:00:00+02:00,9000000,0
2802,Lucas Beltrán,2026-07-03T00:00:00+02:00,9004274,0
2802,Lucas Beltrán,2026-07-04T00:00:00+02:00,9014723,0
2802,Lucas Beltrán,2026-07-05T00:00:00+02:00,9023629,0
2810,Taufik Seidu,2026-06-29T00:00:00+02:00,600000,0
2810,Taufik Seidu,2026-06-30T00:00:00+02:00,600000,0
2810,Taufik Seidu,2026-07-01T00:00:00+02:00,600000,0
2810,Taufik Seidu,2026-07-02T00:00:00+02:00,600000,0
2810,Taufik Seidu,2026-07-03T00:00:00+02:00,600285,0
2810,Taufik Seidu,2026-07-04T00:00:00+02:00,600981,0
2810,Taufik Seidu,2026-07-05T00:00:00+02:00,601574,0
2812,Javi Serrano,2026-06-29T00:00:00+02:00,700000,0
2812,Javi Serrano,2026-06-30T00:00:00+02:00,700000,0
2812,Javi Serrano,2026-07-01T00:00:00+02:00,700000,0
2812,Javi Serrano,2026-07-02T00:00:00+02:00,700000,0
2812,Javi Serrano,2026-07-03T00:00:00+02:00,700332,0
2812,Javi Serrano,2026-07-04T00:00:00+02:00,701144,0
2812,Javi Serrano,2026-07-05T00:00:00+02:00,677197,0
2812,Javi Serrano,2026-07-06T00:00:00+02:00,678033,0
2812,Javi Serrano,2026-07-07T00:00:00+02:00,677998,0
2812,Javi Serrano,2026-07-08T00:00:00+02:00,661730,0
2812,Javi Serrano,2026-07-09T00:00:00+02:00,644073,0
2812,Javi Serrano,2026-07-10T00:00:00+02:00,628873,0
2812,Javi Serrano,2026-07-11T00:00:00+02:00,614696,0
2812,Javi Serrano,2026-07-12T00:00:00+02:00,602221,0
2812,Javi Serrano,2026-07-13T00:00:00+02:00,591062,0
2812,Javi Serrano,2026-07-14T00:00:00+02:00,580180,0
2812,Javi Serrano,2026-07-15T00:00:00+02:00,570299,0
2812,Javi Serrano,2026-07-16T00:00:00+02:00,562121,0
2812,Javi Serrano,2026-07-17T00:00:00+02:00,554569,0
2812,Javi Serrano,2026-07-18T00:00:00+02:00,547673,0
2812,Javi Serrano,2026-07-19T00:00:00+02:00,541298,0
2812,Javi Serrano,2026-07-20T00:00:00+02:00,535889,0
2812,Javi Serrano,2026-07-21T00:00:00+02:00,532213,0
2812,Javi Serrano,2026-07-22T00:00:00+02:00,524219,0
2812,Javi Serrano,2026-07-23T00:00:00+02:00,518097,0
2812,Javi Serrano,2026-07-24T00:00:00+02:00,511270,0
2812,Javi Serrano,2026-07-25T00:00:00+02:00,506370,0
2812,Javi Serrano,2026-07-26T00:00:00+02:00,502286,0
2812,Javi Serrano,2026-07-27T00:00:00+02:00,497974,0
2812,Javi Serrano,2026-07-28T00:00:00+02:00,493953,0
2812,Javi Serrano,2026-07-29T00:00:00+02:00,487889,0
2812,Javi Serrano,2026-07-30T00:00:00+02:00,482790,0
2812,Javi Serrano,2026-07-31T00:00:00+02:00,477443,0
2812,Javi Serrano,2026-08-01T00:00:00+02:00,472414,0
2812,Javi Serrano,2026-08-02T00:00:00+02:00,468500,0
2812,Javi Serrano,2026-08-03T00:00:00+02:00,464169,0
2812,Javi Serrano,2026-08-04T00:00:00+02:00,459345,0
2812,Javi Serrano,2026-08-05T00:00:00+02:00,454785,0
2812,Javi Serrano,2026-08-06T00:00:00+02:00,449913,0
2812,Javi Serrano,2026-08-07T00:00:00+02:00,445334,0
2812,Javi Serrano,2026-08-08T00:00:00+02:00,441420,0
2812,Javi Serrano,2026-08-09T00:00:00+02:00,438680,0
2812,Javi Serrano,2026-08-10T00:00:00+02:00,436269,0
2812,Javi Serrano,2026-08-11T00:00:00+02:00,432863,0
2812,Javi Serrano,2026-08-12T00:00:00+02:00,429199,0
2815,Adam B.,2026-06-29T00:00:00+02:00,700000,0
2815,Adam B.,2026-06-30T00:00:00+02:00,700000,0
2815,Adam B.,2026-07-01T00:00:00+02:00,700000,0
2815,Adam B.,2026-07-02T00:00:00+02:00,700000,0
2815,Adam B.,2026-07-03T00:00:00+02:00,700332,0
2815,Adam B.,2026-07-04T00:00:00+02:00,701144,0
2815,Adam B.,2026-07-05T00:00:00+02:00,701836,0
2816,A. Martinez,2026-06-29T00:00:00+02:00,600000,0
2816,A. Martinez,2026-06-30T00:00:00+02:00,600000,0
2816,A. Martinez,2026-07-01T00:00:00+02:00,600000,0
2816,A. Martinez,2026-07-02T00:00:00+02:00,600000,0
2816,A. Martinez,2026-07-03T00:00:00+02:00,600285,0
2816,A. Martinez,2026-07-04T00:00:00+02:00,600981,0
2816,A. Martinez,2026-07-05T00:00:00+02:00,601574,0
2830,Pedroarena,2026-06-29T00:00:00+02:00,600000,0
2830,Pedroarena,2026-06-30T00:00:00+02:00,600000,0
2830,Pedroarena,2026-07-01T00:00:00+02:00,600000,0
2830,Pedroarena,2026-07-02T00:00:00+02:00,600000,0
2830,Pedroarena,2026-07-03T00:00:00+02:00,600285,0
2830,Pedroarena,2026-07-04T00:00:00+02:00,600981,0
2830,Pedroarena,2026-07-05T00:00:00+02:00,601574,0
2840,Barry,2026-06-29T00:00:00+02:00,600000,0
2840,Barry,2026-06-30T00:00:00+02:00,600000,0
2840,Barry,2026-07-01T00:00:00+02:00,600000,0
2840,Barry,2026-07-02T00:00:00+02:00,600000,0
2840,Barry,2026-07-03T00:00:00+02:00,600285,0
2840,Barry,2026-07-04T00:00:00+02:00,600981,0
2840,Barry,2026-07-05T00:00:00+02:00,601574,0
2842,Juan Hernández,2026-06-29T00:00:00+02:00,600000,0
2842,Juan Hernández,2026-06-30T00:00:00+02:00,600000,0
2842,Juan Hernández,2026-07-01T00:00:00+02:00,600000,0
2842,Juan Hernández,2026-07-02T00:00:00+02:00,600000,0
2842,Juan Hernández,2026-07-03T00:00:00+02:00,600285,0
2842,Juan Hernández,2026-07-04T00:00:00+02:00,600981,0
2842,Juan Hernández,2026-07-05T00:00:00+02:00,581040,0
2845,Selton,2026-06-29T00:00:00+02:00,600000,0
2845,Selton,2026-06-30T00:00:00+02:00,600000,0
2845,Selton,2026-07-01T00:00:00+02:00,600000,0
2845,Selton,2026-07-02T00:00:00+02:00,600000,0
2845,Selton,2026-07-03T00:00:00+02:00,600285,0
2845,Selton,2026-07-04T00:00:00+02:00,600981,0
2845,Selton,2026-07-05T00:00:00+02:00,601574,0
2850,H. González,2026-06-29T00:00:00+02:00,1500000,0
2850,H. González,2026-06-30T00:00:00+02:00,1500000,0
2850,H. González,2026-07-01T00:00:00+02:00,1500000,0
2850,H. González,2026-07-02T00:00:00+02:00,1500000,0
2850,H. González,2026-07-03T00:00:00+02:00,1500712,0
2850,H. González,2026-07-04T00:00:00+02:00,1502453,0
2850,H. González,2026-07-05T00:00:00+02:00,1503937,0
2850,H. González,2026-08-14T00:00:00+02:00,1455595,0
2850,H. González,2026-08-15T00:00:00+02:00,1410343,0
2850,H. González,2026-08-16T00:00:00+02:00,1378212,0
2859,Roson,2026-06-29T00:00:00+02:00,600000,0
2859,Roson,2026-06-30T00:00:00+02:00,600000,0
2859,Roson,2026-07-01T00:00:00+02:00,600000,0
2859,Roson,2026-07-02T00:00:00+02:00,600000,0
2859,Roson,2026-07-03T00:00:00+02:00,600285,0
2859,Roson,2026-07-04T00:00:00+02:00,600981,0
2859,Roson,2026-07-05T00:00:00+02:00,601574,0
2862,Alex Marchal,2026-06-29T00:00:00+02:00,600000,0
2862,Alex Marchal,2026-06-30T00:00:00+02:00,600000,0
2862,Alex Marchal,2026-07-01T00:00:00+02:00,600000,0
2862,Alex Marchal,2026-07-02T00:00:00+02:00,600000,0
2862,Alex Marchal,2026-07-03T00:00:00+02:00,600285,0
2862,Alex Marchal,2026-07-04T00:00:00+02:00,600981,0
2862,Alex Marchal,2026-07-05T00:00:00+02:00,601574,0
2868,Carlos Macià,2026-06-29T00:00:00+02:00,800000,0
2868,Carlos Macià,2026-06-30T00:00:00+02:00,800000,0
2868,Carlos Macià,2026-07-01T00:00:00+02:00,800000,0
2868,Carlos Macià,2026-07-02T00:00:00+02:00,800000,0
2868,Carlos Macià,2026-07-03T00:00:00+02:00,800380,0
2868,Carlos Macià,2026-07-04T00:00:00+02:00,801308,0
2868,Carlos Macià,2026-07-05T00:00:00+02:00,802099,0
2871,Jon Garcia,2026-06-29T00:00:00+02:00,700000,0
2871,Jon Garcia,2026-06-30T00:00:00+02:00,700000,0
2871,Jon Garcia,2026-07-01T00:00:00+02:00,700000,0
2871,Jon Garcia,2026-07-02T00:00:00+02:00,700000,0
2871,Jon Garcia,2026-07-03T00:00:00+02:00,700332,0
2871,Jon Garcia,2026-07-04T00:00:00+02:00,701144,0
2871,Jon Garcia,2026-07-05T00:00:00+02:00,701836,0
2878,Eder García,2026-06-29T00:00:00+02:00,600000,0
2878,Eder García,2026-06-30T00:00:00+02:00,600000,0
2878,Eder García,2026-07-01T00:00:00+02:00,600000,0
2878,Eder García,2026-07-02T00:00:00+02:00,600000,0
2878,Eder García,2026-07-03T00:00:00+02:00,600285,0
2878,Eder García,2026-07-04T00:00:00+02:00,600981,0
2878,Eder García,2026-07-05T00:00:00+02:00,601574,0
2884,A. Arcos,2026-06-29T00:00:00+02:00,600000,0
2884,A. Arcos,2026-06-30T00:00:00+02:00,600000,0
2884,A. Arcos,2026-07-01T00:00:00+02:00,600000,0
2884,A. Arcos,2026-07-02T00:00:00+02:00,600000,0
2884,A. Arcos,2026-07-03T00:00:00+02:00,600285,0
2884,A. Arcos,2026-07-04T00:00:00+02:00,600981,0
2884,A. Arcos,2026-07-05T00:00:00+02:00,601574,0
2886,Izei,2026-06-29T00:00:00+02:00,600000,0
2886,Izei,2026-06-30T00:00:00+02:00,600000,0
2886,Izei,2026-07-01T00:00:00+02:00,600000,0
2886,Izei,2026-07-02T00:00:00+02:00,600000,0
2886,Izei,2026-07-03T00:00:00+02:00,580047,0
2886,Izei,2026-07-04T00:00:00+02:00,580720,0
2886,Izei,2026-07-05T00:00:00+02:00,581293,0
2886,Izei,2026-07-06T00:00:00+02:00,582010,0
2888,Cestero,2026-06-29T00:00:00+02:00,600000,0
2888,Cestero,2026-06-30T00:00:00+02:00,600000,0
2888,Cestero,2026-07-01T00:00:00+02:00,600000,0
2888,Cestero,2026-07-02T00:00:00+02:00,600000,0
2888,Cestero,2026-07-03T00:00:00+02:00,600285,0
2888,Cestero,2026-07-04T00:00:00+02:00,600981,0
2888,Cestero,2026-07-05T00:00:00+02:00,601574,0
2891,Solozabal,2026-06-29T00:00:00+02:00,600000,0
2891,Solozabal,2026-06-30T00:00:00+02:00,600000,0
2891,Solozabal,2026-07-01T00:00:00+02:00,600000,0
2891,Solozabal,2026-07-02T00:00:00+02:00,600000,0
2891,Solozabal,2026-07-03T00:00:00+02:00,600285,0
2891,Solozabal,2026-07-04T00:00:00+02:00,600981,0
2891,Solozabal,2026-07-05T00:00:00+02:00,601574,0
2893,Ferri,2026-06-29T00:00:00+02:00,600000,0
2893,Ferri,2026-06-30T00:00:00+02:00,600000,0
2893,Ferri,2026-07-01T00:00:00+02:00,600000,0
2893,Ferri,2026-07-02T00:00:00+02:00,600000,0
2893,Ferri,2026-07-03T00:00:00+02:00,600285,0
2893,Ferri,2026-07-04T00:00:00+02:00,600981,0
2893,Ferri,2026-07-05T00:00:00+02:00,601574,0
2899,Astiazaran,2026-06-29T00:00:00+02:00,600000,0
2899,Astiazaran,2026-06-30T00:00:00+02:00,600000,0
2899,Astiazaran,2026-07-01T00:00:00+02:00,600000,0
2899,Astiazaran,2026-07-02T00:00:00+02:00,600000,0
2899,Astiazaran,2026-07-03T00:00:00+02:00,600285,0
2899,Astiazaran,2026-07-04T00:00:00+02:00,600981,0
2899,Astiazaran,2026-07-05T00:00:00+02:00,601574,0
2900,Aguirre,2026-06-29T00:00:00+02:00,600000,0
2900,Aguirre,2026-06-30T00:00:00+02:00,600000,0
2900,Aguirre,2026-07-01T00:00:00+02:00,600000,0
2900,Aguirre,2026-07-02T00:00:00+02:00,600000,0
2900,Aguirre,2026-07-03T00:00:00+02:00,600285,0
2900,Aguirre,2026-07-04T00:00:00+02:00,600981,0
2900,Aguirre,2026-07-05T00:00:00+02:00,601574,0
2902,Diatta,2026-06-29T00:00:00+02:00,600000,0
2902,Diatta,2026-06-30T00:00:00+02:00,600000,0
2902,Diatta,2026-07-01T00:00:00+02:00,600000,0
2902,Diatta,2026-07-02T00:00:00+02:00,600000,0
2902,Diatta,2026-07-03T00:00:00+02:00,600285,0
2902,Diatta,2026-07-04T00:00:00+02:00,580389,0
2902,Diatta,2026-07-05T00:00:00+02:00,580962,0
2902,Diatta,2026-08-14T00:00:00+02:00,569539,0
2902,Diatta,2026-08-15T00:00:00+02:00,559729,0
2902,Diatta,2026-08-16T00:00:00+02:00,552258,0
2903,J. Gaitán,2026-06-29T00:00:00+02:00,600000,0
2903,J. Gaitán,2026-06-30T00:00:00+02:00,600000,0
2903,J. Gaitán,2026-07-01T00:00:00+02:00,600000,0
2903,J. Gaitán,2026-07-02T00:00:00+02:00,600000,0
2903,J. Gaitán,2026-07-03T00:00:00+02:00,600285,0
2903,J. Gaitán,2026-07-04T00:00:00+02:00,600981,0
2903,J. Gaitán,2026-07-05T00:00:00+02:00,601574,0
2905,K. Tunde,2026-06-29T00:00:00+02:00,8500000,0
2905,K. Tunde,2026-06-30T00:00:00+02:00,8500000,0
2905,K. Tunde,2026-07-01T00:00:00+02:00,8500000,0
2905,K. Tunde,2026-07-02T00:00:00+02:00,8500000,0
2905,K. Tunde,2026-07-03T00:00:00+02:00,8504037,0
2905,K. Tunde,2026-07-04T00:00:00+02:00,8513905,0
2905,K. Tunde,2026-07-05T00:00:00+02:00,8522316,0
2907,Manuel Ángel,2026-06-29T00:00:00+02:00,700000,0
2907,Manuel Ángel,2026-06-30T00:00:00+02:00,700000,0
2907,Manuel Ángel,2026-07-01T00:00:00+02:00,700000,0
2907,Manuel Ángel,2026-07-02T00:00:00+02:00,700000,0
2907,Manuel Ángel,2026-07-03T00:00:00+02:00,700332,0
2907,Manuel Ángel,2026-07-04T00:00:00+02:00,701144,0
2907,Manuel Ángel,2026-07-05T00:00:00+02:00,701836,0
2908,Palacios,2026-06-29T00:00:00+02:00,800000,0
2908,Palacios,2026-06-30T00:00:00+02:00,800000,0
2908,Palacios,2026-07-01T00:00:00+02:00,800000,0
2908,Palacios,2026-07-02T00:00:00+02:00,800000,0
2908,Palacios,2026-07-03T00:00:00+02:00,800380,0
2908,Palacios,2026-07-04T00:00:00+02:00,801308,0
2908,Palacios,2026-07-05T00:00:00+02:00,802099,0
2911,Raghouber,2026-06-29T00:00:00+02:00,2400000,0
2911,Raghouber,2026-06-30T00:00:00+02:00,2400000,0
2911,Raghouber,2026-07-01T00:00:00+02:00,2400000,0
2911,Raghouber,2026-07-02T00:00:00+02:00,2400000,0
2911,Raghouber,2026-07-03T00:00:00+02:00,2401139,0
2911,Raghouber,2026-07-04T00:00:00+02:00,2403925,0
2911,Raghouber,2026-07-05T00:00:00+02:00,2406299,0
2913,Burcio,2026-06-29T00:00:00+02:00,600000,0
2913,Burcio,2026-06-30T00:00:00+02:00,600000,0
2913,Burcio,2026-07-01T00:00:00+02:00,600000,0
2913,Burcio,2026-07-02T00:00:00+02:00,600000,0
2913,Burcio,2026-07-03T00:00:00+02:00,600285,0
2913,Burcio,2026-07-04T00:00:00+02:00,600981,0
2913,Burcio,2026-07-05T00:00:00+02:00,601574,0
2915,Álex Sánchez,2026-06-29T00:00:00+02:00,600000,0
2915,Álex Sánchez,2026-06-30T00:00:00+02:00,600000,0
2915,Álex Sánchez,2026-07-01T00:00:00+02:00,600000,0
2915,Álex Sánchez,2026-07-02T00:00:00+02:00,600000,0
2915,Álex Sánchez,2026-07-03T00:00:00+02:00,600285,0
2915,Álex Sánchez,2026-07-04T00:00:00+02:00,600981,0
2915,Álex Sánchez,2026-07-05T00:00:00+02:00,601574,0
2917,Meso,2026-06-29T00:00:00+02:00,700000,0
2917,Meso,2026-06-30T00:00:00+02:00,700000,0
2917,Meso,2026-07-01T00:00:00+02:00,700000,0
2917,Meso,2026-07-02T00:00:00+02:00,700000,0
2917,Meso,2026-07-03T00:00:00+02:00,700332,0
2917,Meso,2026-07-04T00:00:00+02:00,701144,0
2917,Meso,2026-07-05T00:00:00+02:00,701836,0
2918,Pol Fortuny,2026-06-29T00:00:00+02:00,600000,0
2918,Pol Fortuny,2026-06-30T00:00:00+02:00,600000,0
2918,Pol Fortuny,2026-07-01T00:00:00+02:00,600000,0
2918,Pol Fortuny,2026-07-02T00:00:00+02:00,600000,0
2918,Pol Fortuny,2026-07-03T00:00:00+02:00,600285,0
2918,Pol Fortuny,2026-07-04T00:00:00+02:00,600981,0
2918,Pol Fortuny,2026-07-05T00:00:00+02:00,601574,0
2919,Mestanza,2026-06-29T00:00:00+02:00,600000,0
2919,Mestanza,2026-06-30T00:00:00+02:00,600000,0
2919,Mestanza,2026-07-01T00:00:00+02:00,600000,0
2919,Mestanza,2026-07-02T00:00:00+02:00,600000,0
2919,Mestanza,2026-07-03T00:00:00+02:00,600285,0
2919,Mestanza,2026-07-04T00:00:00+02:00,600981,0
2919,Mestanza,2026-07-05T00:00:00+02:00,601574,0
2920,A. Riquelme,2026-06-29T00:00:00+02:00,600000,0
2920,A. Riquelme,2026-06-30T00:00:00+02:00,600000,0
2920,A. Riquelme,2026-07-01T00:00:00+02:00,600000,0
2920,A. Riquelme,2026-07-02T00:00:00+02:00,600000,0
2920,A. Riquelme,2026-07-03T00:00:00+02:00,600285,0
2920,A. Riquelme,2026-07-04T00:00:00+02:00,600981,0
2920,A. Riquelme,2026-07-05T00:00:00+02:00,601574,0
2929,Fer López,2026-06-29T00:00:00+02:00,15000000,0
2929,Fer López,2026-06-30T00:00:00+02:00,15000000,0
2929,Fer López,2026-07-01T00:00:00+02:00,15000000,0
2929,Fer López,2026-07-02T00:00:00+02:00,15000000,0
2929,Fer López,2026-07-03T00:00:00+02:00,15007124,0
2929,Fer López,2026-07-04T00:00:00+02:00,15024539,0
2929,Fer López,2026-07-05T00:00:00+02:00,15039382,0
2939,G. Villar,2026-06-29T00:00:00+02:00,7000000,0
2939,G. Villar,2026-06-30T00:00:00+02:00,7000000,0
2939,G. Villar,2026-07-01T00:00:00+02:00,7000000,0
2939,G. Villar,2026-07-02T00:00:00+02:00,7000000,0
2939,G. Villar,2026-07-03T00:00:00+02:00,7003324,0
2939,G. Villar,2026-07-04T00:00:00+02:00,7011451,0
2939,G. Villar,2026-07-05T00:00:00+02:00,7018377,0
2940,Fidalgo,2026-06-29T00:00:00+02:00,5000000,0
2940,Fidalgo,2026-06-30T00:00:00+02:00,5000000,0
2940,Fidalgo,2026-07-01T00:00:00+02:00,5000000,0
2940,Fidalgo,2026-07-02T00:00:00+02:00,5000000,0
2940,Fidalgo,2026-07-03T00:00:00+02:00,5002374,0
2940,Fidalgo,2026-07-04T00:00:00+02:00,5008179,0
2940,Fidalgo,2026-07-05T00:00:00+02:00,5013126,0
2940,Fidalgo,2026-07-06T00:00:00+02:00,5019315,0
2940,Fidalgo,2026-07-07T00:00:00+02:00,5019055,0
2940,Fidalgo,2026-07-08T00:00:00+02:00,4941713,0
2940,Fidalgo,2026-07-09T00:00:00+02:00,4964035,0
2940,Fidalgo,2026-07-10T00:00:00+02:00,4907347,0
2940,Fidalgo,2026-07-11T00:00:00+02:00,4837555,0
2940,Fidalgo,2026-07-12T00:00:00+02:00,4750244,0
2940,Fidalgo,2026-07-13T00:00:00+02:00,4658873,0
2940,Fidalgo,2026-07-14T00:00:00+02:00,4554507,0
2940,Fidalgo,2026-07-15T00:00:00+02:00,4480373,0
2940,Fidalgo,2026-07-16T00:00:00+02:00,4396822,0
2940,Fidalgo,2026-07-17T00:00:00+02:00,4307065,0
2940,Fidalgo,2026-07-18T00:00:00+02:00,4228101,0
2940,Fidalgo,2026-07-19T00:00:00+02:00,4146808,0
2940,Fidalgo,2026-07-20T00:00:00+02:00,4082283,0
2940,Fidalgo,2026-07-21T00:00:00+02:00,4012506,0
2940,Fidalgo,2026-07-22T00:00:00+02:00,3932036,0
2940,Fidalgo,2026-07-23T00:00:00+02:00,3871568,0
2940,Fidalgo,2026-07-24T00:00:00+02:00,3797373,0
2940,Fidalgo,2026-07-25T00:00:00+02:00,3746464,0
2940,Fidalgo,2026-07-26T00:00:00+02:00,3678911,0
2940,Fidalgo,2026-07-27T00:00:00+02:00,3618033,0
2940,Fidalgo,2026-07-28T00:00:00+02:00,3569426,0
2940,Fidalgo,2026-07-29T00:00:00+02:00,3504749,0
2940,Fidalgo,2026-07-30T00:00:00+02:00,3443194,0
2940,Fidalgo,2026-07-31T00:00:00+02:00,3393170,0
2940,Fidalgo,2026-08-01T00:00:00+02:00,3345630,0
2940,Fidalgo,2026-08-02T00:00:00+02:00,3290227,0
2940,Fidalgo,2026-08-03T00:00:00+02:00,3231337,0
2940,Fidalgo,2026-08-04T00:00:00+02:00,3181449,0
2940,Fidalgo,2026-08-05T00:00:00+02:00,3120707,0
2940,Fidalgo,2026-08-06T00:00:00+02:00,3064567,0
2940,Fidalgo,2026-08-07T00:00:00+02:00,3005920,0
2940,Fidalgo,2026-08-08T00:00:00+02:00,2957273,0
2940,Fidalgo,2026-08-09T00:00:00+02:00,2912511,0
2940,Fidalgo,2026-08-10T00:00:00+02:00,2865103,0
2940,Fidalgo,2026-08-11T00:00:00+02:00,2823759,0
2940,Fidalgo,2026-08-12T00:00:00+02:00,2781296,0
2940,Fidalgo,2026-08-13T00:00:00+02:00,2734980,0
2940,Fidalgo,2026-08-14T00:00:00+02:00,2693754,0
2940,Fidalgo,2026-08-15T00:00:00+02:00,2679848,0
2940,Fidalgo,2026-08-16T00:00:00+02:00,2649407,0
2944,Obed Vargas,2026-06-29T00:00:00+02:00,2100000,0
2944,Obed Vargas,2026-06-30T00:00:00+02:00,2100000,0
2944,Obed Vargas,2026-07-01T00:00:00+02:00,2100000,0
2944,Obed Vargas,2026-07-02T00:00:00+02:00,2100000,0
2944,Obed Vargas,2026-07-03T00:00:00+02:00,2100997,0
2944,Obed Vargas,2026-07-04T00:00:00+02:00,2103435,0
2944,Obed Vargas,2026-07-05T00:00:00+02:00,2105513,0
2944,Obed Vargas,2026-07-06T00:00:00+02:00,2108112,0
2944,Obed Vargas,2026-07-07T00:00:00+02:00,2108003,0
2944,Obed Vargas,2026-07-08T00:00:00+02:00,2056855,0
2944,Obed Vargas,2026-07-09T00:00:00+02:00,2016971,0
2944,Obed Vargas,2026-07-10T00:00:00+02:00,1971059,0
2944,Obed Vargas,2026-07-11T00:00:00+02:00,1920915,0
2944,Obed Vargas,2026-07-12T00:00:00+02:00,1869281,0
2944,Obed Vargas,2026-07-13T00:00:00+02:00,1819782,0
2944,Obed Vargas,2026-07-14T00:00:00+02:00,1772057,0
2944,Obed Vargas,2026-07-15T00:00:00+02:00,1720676,0
2944,Obed Vargas,2026-07-16T00:00:00+02:00,1679874,0
2944,Obed Vargas,2026-07-17T00:00:00+02:00,1640293,0
2944,Obed Vargas,2026-07-18T00:00:00+02:00,1603029,0
2944,Obed Vargas,2026-07-19T00:00:00+02:00,1562942,0
2944,Obed Vargas,2026-07-20T00:00:00+02:00,1525887,0
2944,Obed Vargas,2026-07-21T00:00:00+02:00,1489567,0
2944,Obed Vargas,2026-07-22T00:00:00+02:00,1449545,0
2944,Obed Vargas,2026-07-23T00:00:00+02:00,1412097,0
2944,Obed Vargas,2026-07-24T00:00:00+02:00,1377181,0
2944,Obed Vargas,2026-07-25T00:00:00+02:00,1339846,0
2944,Obed Vargas,2026-07-26T00:00:00+02:00,1307603,0
2944,Obed Vargas,2026-07-27T00:00:00+02:00,1274066,0
2944,Obed Vargas,2026-07-28T00:00:00+02:00,1243774,0
2944,Obed Vargas,2026-07-29T00:00:00+02:00,1212290,0
2944,Obed Vargas,2026-07-30T00:00:00+02:00,1182482,0
2944,Obed Vargas,2026-07-31T00:00:00+02:00,1152213,0
2944,Obed Vargas,2026-08-01T00:00:00+02:00,1127224,0
2944,Obed Vargas,2026-08-02T00:00:00+02:00,1102150,0
2944,Obed Vargas,2026-08-03T00:00:00+02:00,1076304,0
2944,Obed Vargas,2026-08-04T00:00:00+02:00,1049550,0
2944,Obed Vargas,2026-08-05T00:00:00+02:00,1024311,0
2944,Obed Vargas,2026-08-06T00:00:00+02:00,999141,0
2944,Obed Vargas,2026-08-07T00:00:00+02:00,974102,0
2944,Obed Vargas,2026-08-08T00:00:00+02:00,966378,0
2944,Obed Vargas,2026-08-09T00:00:00+02:00,946070,0
2944,Obed Vargas,2026-08-10T00:00:00+02:00,924399,0
2944,Obed Vargas,2026-08-11T00:00:00+02:00,905077,0
2944,Obed Vargas,2026-08-12T00:00:00+02:00,886066,0
2944,Obed Vargas,2026-08-13T00:00:00+02:00,866041,0
2944,Obed Vargas,2026-08-14T00:00:00+02:00,849561,0
2944,Obed Vargas,2026-08-15T00:00:00+02:00,834773,0
2944,Obed Vargas,2026-08-16T00:00:00+02:00,822703,0
2945,Vecino,2026-06-29T00:00:00+02:00,6000000,0
2945,Vecino,2026-06-30T00:00:00+02:00,6000000,0
2945,Vecino,2026-07-01T00:00:00+02:00,6000000,0
2945,Vecino,2026-07-02T00:00:00+02:00,6000000,0
2945,Vecino,2026-07-03T00:00:00+02:00,6002849,0
2945,Vecino,2026-07-04T00:00:00+02:00,6009815,0
2945,Vecino,2026-07-05T00:00:00+02:00,6015752,0
2945,Vecino,2026-07-06T00:00:00+02:00,6023179,0
2945,Vecino,2026-07-07T00:00:00+02:00,6022867,0
2945,Vecino,2026-07-08T00:00:00+02:00,5933356,0
2945,Vecino,2026-07-09T00:00:00+02:00,5764053,0
2945,Vecino,2026-07-10T00:00:00+02:00,5572080,0
2945,Vecino,2026-07-11T00:00:00+02:00,5409785,0
2945,Vecino,2026-07-12T00:00:00+02:00,5265157,0
2945,Vecino,2026-07-13T00:00:00+02:00,5098286,0
2945,Vecino,2026-07-14T00:00:00+02:00,4942072,0
2945,Vecino,2026-07-15T00:00:00+02:00,4792790,0
2945,Vecino,2026-07-16T00:00:00+02:00,4655188,0
2945,Vecino,2026-07-17T00:00:00+02:00,4525210,0
2945,Vecino,2026-07-18T00:00:00+02:00,4398424,0
2945,Vecino,2026-07-19T00:00:00+02:00,4286227,0
2945,Vecino,2026-07-20T00:00:00+02:00,4159932,0
2945,Vecino,2026-07-21T00:00:00+02:00,4043358,0
2945,Vecino,2026-07-22T00:00:00+02:00,3923864,0
2945,Vecino,2026-07-23T00:00:00+02:00,3807045,0
2945,Vecino,2026-07-24T00:00:00+02:00,3700401,0
2945,Vecino,2026-07-25T00:00:00+02:00,3597333,0
2945,Vecino,2026-07-26T00:00:00+02:00,3501169,0
2945,Vecino,2026-07-27T00:00:00+02:00,3406043,0
2945,Vecino,2026-07-28T00:00:00+02:00,3309756,0
2945,Vecino,2026-07-29T00:00:00+02:00,3214042,0
2945,Vecino,2026-07-30T00:00:00+02:00,3121295,0
2945,Vecino,2026-07-31T00:00:00+02:00,3033610,0
2945,Vecino,2026-08-01T00:00:00+02:00,2949044,0
2945,Vecino,2026-08-02T00:00:00+02:00,2871270,0
2945,Vecino,2026-08-03T00:00:00+02:00,2792280,0
2945,Vecino,2026-08-04T00:00:00+02:00,2713053,0
2945,Vecino,2026-08-05T00:00:00+02:00,2637323,0
2945,Vecino,2026-08-06T00:00:00+02:00,2564889,0
2945,Vecino,2026-08-07T00:00:00+02:00,2494971,0
2945,Vecino,2026-08-08T00:00:00+02:00,2428972,0
2945,Vecino,2026-08-09T00:00:00+02:00,2363642,0
2945,Vecino,2026-08-10T00:00:00+02:00,2302410,0
2945,Vecino,2026-08-11T00:00:00+02:00,2245616,0
2945,Vecino,2026-08-12T00:00:00+02:00,2186749,0
2945,Vecino,2026-08-13T00:00:00+02:00,2129495,0
2945,Vecino,2026-08-14T00:00:00+02:00,2078590,0
2945,Vecino,2026-08-15T00:00:00+02:00,2034352,0
2945,Vecino,2026-08-16T00:00:00+02:00,1986837,0
2954,Antañón,2026-06-29T00:00:00+02:00,600000,0
2954,Antañón,2026-06-30T00:00:00+02:00,600000,0
2954,Antañón,2026-07-01T00:00:00+02:00,600000,0
2954,Antañón,2026-07-02T00:00:00+02:00,600000,0
2954,Antañón,2026-07-03T00:00:00+02:00,600285,0
2954,Antañón,2026-07-04T00:00:00+02:00,600981,0
2954,Antañón,2026-07-05T00:00:00+02:00,581040,0
2955,Ochieng,2026-06-29T00:00:00+02:00,700000,0
2955,Ochieng,2026-06-30T00:00:00+02:00,700000,0
2955,Ochieng,2026-07-01T00:00:00+02:00,700000,0
2955,Ochieng,2026-07-02T00:00:00+02:00,700000,0
2955,Ochieng,2026-07-03T00:00:00+02:00,700332,0
2955,Ochieng,2026-07-04T00:00:00+02:00,701144,0
2955,Ochieng,2026-07-05T00:00:00+02:00,701836,0
2958,Morcillo,2026-06-29T00:00:00+02:00,700000,0
2958,Morcillo,2026-06-30T00:00:00+02:00,700000,0
2958,Morcillo,2026-07-01T00:00:00+02:00,700000,0
2958,Morcillo,2026-07-02T00:00:00+02:00,700000,0
2958,Morcillo,2026-07-03T00:00:00+02:00,700332,0
2958,Morcillo,2026-07-04T00:00:00+02:00,701144,0
2958,Morcillo,2026-07-05T00:00:00+02:00,701836,0
2964,Gragera,2026-06-29T00:00:00+02:00,1500000,0
2964,Gragera,2026-06-30T00:00:00+02:00,1500000,0
2964,Gragera,2026-07-01T00:00:00+02:00,1500000,0
2964,Gragera,2026-07-02T00:00:00+02:00,1500000,0
2964,Gragera,2026-07-03T00:00:00+02:00,1500712,0
2964,Gragera,2026-07-04T00:00:00+02:00,1502453,0
2964,Gragera,2026-07-05T00:00:00+02:00,1503937,0
2964,Gragera,2026-07-22T00:00:00+02:00,1457075,0
2964,Gragera,2026-07-23T00:00:00+02:00,1413639,0
2964,Gragera,2026-07-24T00:00:00+02:00,1370990,0
2964,Gragera,2026-07-25T00:00:00+02:00,1336462,0
2964,Gragera,2026-07-26T00:00:00+02:00,1300316,0
2964,Gragera,2026-07-27T00:00:00+02:00,1265519,0
2964,Gragera,2026-07-28T00:00:00+02:00,1230797,0
2964,Gragera,2026-07-29T00:00:00+02:00,1195313,0
2967,Mané,2026-06-29T00:00:00+02:00,700000,0
2967,Mané,2026-06-30T00:00:00+02:00,700000,0
2967,Mané,2026-07-01T00:00:00+02:00,700000,0
2967,Mané,2026-07-02T00:00:00+02:00,700000,0
2967,Mané,2026-07-03T00:00:00+02:00,700332,0
2967,Mané,2026-07-04T00:00:00+02:00,701144,0
2967,Mané,2026-07-05T00:00:00+02:00,677197,0
2969,Fabi,2026-06-29T00:00:00+02:00,700000,0
2969,Fabi,2026-06-30T00:00:00+02:00,700000,0
2969,Fabi,2026-07-01T00:00:00+02:00,700000,0
2969,Fabi,2026-07-02T00:00:00+02:00,700000,0
2969,Fabi,2026-07-03T00:00:00+02:00,700332,0
2969,Fabi,2026-07-04T00:00:00+02:00,701144,0
2969,Fabi,2026-07-05T00:00:00+02:00,701836,0
2970,Nájera,2026-06-29T00:00:00+02:00,600000,0
2970,Nájera,2026-06-30T00:00:00+02:00,600000,0
2970,Nájera,2026-07-01T00:00:00+02:00,600000,0
2970,Nájera,2026-07-02T00:00:00+02:00,600000,0
2970,Nájera,2026-07-03T00:00:00+02:00,600285,0
2970,Nájera,2026-07-04T00:00:00+02:00,580389,0
2970,Nájera,2026-07-05T00:00:00+02:00,580962,0
2974,Noé,2026-06-29T00:00:00+02:00,700000,0
2974,Noé,2026-06-30T00:00:00+02:00,700000,0
2974,Noé,2026-07-01T00:00:00+02:00,700000,0
2974,Noé,2026-07-02T00:00:00+02:00,700000,0
2974,Noé,2026-07-03T00:00:00+02:00,700332,0
2974,Noé,2026-07-04T00:00:00+02:00,701144,0
2974,Noé,2026-07-05T00:00:00+02:00,701836,0
2977,Riki,2026-06-29T00:00:00+02:00,1500000,0
2977,Riki,2026-06-30T00:00:00+02:00,1500000,0
2977,Riki,2026-07-01T00:00:00+02:00,1500000,0
2977,Riki,2026-07-02T00:00:00+02:00,1500000,0
2977,Riki,2026-07-03T00:00:00+02:00,1500712,0
2977,Riki,2026-07-04T00:00:00+02:00,1502453,0
2977,Riki,2026-07-05T00:00:00+02:00,1503937,0
2977,Riki,2026-07-31T00:00:00+02:00,1457744,0
2977,Riki,2026-08-01T00:00:00+02:00,1413503,0
2977,Riki,2026-08-02T00:00:00+02:00,1382862,0
2977,Riki,2026-08-03T00:00:00+02:00,1349035,0
2977,Riki,2026-08-04T00:00:00+02:00,1317250,0
2977,Riki,2026-08-05T00:00:00+02:00,1284284,0
2977,Riki,2026-08-06T00:00:00+02:00,1251748,0
2977,Riki,2026-08-07T00:00:00+02:00,1219741,0
2977,Riki,2026-08-08T00:00:00+02:00,1190803,0
2977,Riki,2026-08-09T00:00:00+02:00,1165426,0
2977,Riki,2026-08-10T00:00:00+02:00,1137858,0
2977,Riki,2026-08-11T00:00:00+02:00,1113130,0
2977,Riki,2026-08-12T00:00:00+02:00,1088706,0
2977,Riki,2026-08-13T00:00:00+02:00,1062497,0
2977,Riki,2026-08-14T00:00:00+02:00,1040098,0
2977,Riki,2026-08-15T00:00:00+02:00,1022488,0
2977,Riki,2026-08-16T00:00:00+02:00,1002760,0
2981,Enrique,2026-06-29T00:00:00+02:00,600000,0
2981,Enrique,2026-06-30T00:00:00+02:00,600000,0
2981,Enrique,2026-07-01T00:00:00+02:00,600000,0
2981,Enrique,2026-07-02T00:00:00+02:00,600000,0
2981,Enrique,2026-07-03T00:00:00+02:00,600285,0
2981,Enrique,2026-07-04T00:00:00+02:00,600981,0
2981,Enrique,2026-07-05T00:00:00+02:00,581040,0
2984,Rubén López,2026-06-29T00:00:00+02:00,500000,0
2984,Rubén López,2026-06-30T00:00:00+02:00,500000,0
2984,Rubén López,2026-07-01T00:00:00+02:00,500000,0
2984,Rubén López,2026-07-02T00:00:00+02:00,500000,0
2984,Rubén López,2026-07-03T00:00:00+02:00,500237,0
2984,Rubén López,2026-07-04T00:00:00+02:00,500817,0
2984,Rubén López,2026-07-05T00:00:00+02:00,501311,0
2991,D. Villares,2026-06-29T00:00:00+02:00,6000000,0
2991,D. Villares,2026-06-30T00:00:00+02:00,6000000,0
2991,D. Villares,2026-07-01T00:00:00+02:00,6000000,0
2991,D. Villares,2026-07-02T00:00:00+02:00,6000000,0
2991,D. Villares,2026-07-03T00:00:00+02:00,6002849,0
2991,D. Villares,2026-07-04T00:00:00+02:00,6009815,0
2991,D. Villares,2026-07-05T00:00:00+02:00,6015752,0
2991,D. Villares,2026-07-06T00:00:00+02:00,6023179,0
2991,D. Villares,2026-07-07T00:00:00+02:00,6022867,0
2991,D. Villares,2026-07-08T00:00:00+02:00,5968512,0
2991,D. Villares,2026-07-09T00:00:00+02:00,5859986,0
2991,D. Villares,2026-07-10T00:00:00+02:00,5743581,0
2991,D. Villares,2026-07-11T00:00:00+02:00,5636207,0
2991,D. Villares,2026-07-12T00:00:00+02:00,5497851,0
2991,D. Villares,2026-07-13T00:00:00+02:00,5374355,0
2991,D. Villares,2026-07-14T00:00:00+02:00,5229968,0
2991,D. Villares,2026-07-15T00:00:00+02:00,5093385,0
2991,D. Villares,2026-07-16T00:00:00+02:00,4981430,0
2991,D. Villares,2026-07-17T00:00:00+02:00,4858836,0
2991,D. Villares,2026-07-18T00:00:00+02:00,4740451,0
2991,D. Villares,2026-07-19T00:00:00+02:00,4615001,0
2991,D. Villares,2026-07-20T00:00:00+02:00,4505373,0
2991,D. Villares,2026-07-21T00:00:00+02:00,4398409,0
2991,D. Villares,2026-07-22T00:00:00+02:00,4282897,0
2991,D. Villares,2026-07-23T00:00:00+02:00,4174183,0
2991,D. Villares,2026-07-24T00:00:00+02:00,4077548,0
2991,D. Villares,2026-07-25T00:00:00+02:00,3974669,0
2991,D. Villares,2026-07-26T00:00:00+02:00,3876653,0
2991,D. Villares,2026-07-27T00:00:00+02:00,3785634,0
2991,D. Villares,2026-07-28T00:00:00+02:00,3694005,0
2991,D. Villares,2026-07-29T00:00:00+02:00,3603775,0
2991,D. Villares,2026-07-30T00:00:00+02:00,3520563,0
2991,D. Villares,2026-07-31T00:00:00+02:00,3434893,0
2991,D. Villares,2026-08-01T00:00:00+02:00,3352635,0
2991,D. Villares,2026-08-02T00:00:00+02:00,3275417,0
2991,D. Villares,2026-08-03T00:00:00+02:00,3201227,0
2991,D. Villares,2026-08-04T00:00:00+02:00,3124849,0
2991,D. Villares,2026-08-05T00:00:00+02:00,3053279,0
2991,D. Villares,2026-08-06T00:00:00+02:00,2983354,0
2991,D. Villares,2026-08-07T00:00:00+02:00,2915531,0
2991,D. Villares,2026-08-08T00:00:00+02:00,2850255,0
2991,D. Villares,2026-08-09T00:00:00+02:00,2788016,0
2991,D. Villares,2026-08-10T00:00:00+02:00,2732925,0
2991,D. Villares,2026-08-11T00:00:00+02:00,2676369,0
2991,D. Villares,2026-08-12T00:00:00+02:00,2621484,0
2991,D. Villares,2026-08-13T00:00:00+02:00,2566619,0
2991,D. Villares,2026-08-14T00:00:00+02:00,2530438,0
2991,D. Villares,2026-08-15T00:00:00+02:00,2517042,0
2991,D. Villares,2026-08-16T00:00:00+02:00,2490703,0
2992,Jose Angel,2026-06-29T00:00:00+02:00,3000000,0
2992,Jose Angel,2026-06-30T00:00:00+02:00,3000000,0
2992,Jose Angel,2026-07-01T00:00:00+02:00,3000000,0
2992,Jose Angel,2026-07-02T00:00:00+02:00,3000000,0
2992,Jose Angel,2026-07-03T00:00:00+02:00,3001424,0
2992,Jose Angel,2026-07-04T00:00:00+02:00,3004907,0
2992,Jose Angel,2026-07-05T00:00:00+02:00,3007875,0
2992,Jose Angel,2026-07-06T00:00:00+02:00,3011588,0
2992,Jose Angel,2026-07-07T00:00:00+02:00,3011432,0
2992,Jose Angel,2026-07-08T00:00:00+02:00,2956569,0
2992,Jose Angel,2026-07-09T00:00:00+02:00,2889896,0
2992,Jose Angel,2026-07-10T00:00:00+02:00,2797264,0
2992,Jose Angel,2026-07-11T00:00:00+02:00,2714431,0
2992,Jose Angel,2026-07-12T00:00:00+02:00,2634008,0
2992,Jose Angel,2026-07-13T00:00:00+02:00,2558816,0
2992,Jose Angel,2026-07-14T00:00:00+02:00,2485952,0
2992,Jose Angel,2026-07-15T00:00:00+02:00,2410508,0
2992,Jose Angel,2026-07-16T00:00:00+02:00,2337492,0
2992,Jose Angel,2026-07-17T00:00:00+02:00,2268890,0
2992,Jose Angel,2026-07-18T00:00:00+02:00,2206534,0
2992,Jose Angel,2026-07-19T00:00:00+02:00,2142869,0
2992,Jose Angel,2026-07-20T00:00:00+02:00,2081708,0
2992,Jose Angel,2026-07-21T00:00:00+02:00,2027200,0
2992,Jose Angel,2026-07-22T00:00:00+02:00,1965640,0
2992,Jose Angel,2026-07-23T00:00:00+02:00,1906116,0
2992,Jose Angel,2026-07-24T00:00:00+02:00,1848988,0
2992,Jose Angel,2026-07-25T00:00:00+02:00,1797888,0
2992,Jose Angel,2026-07-26T00:00:00+02:00,1746632,0
2992,Jose Angel,2026-07-27T00:00:00+02:00,1699809,0
2992,Jose Angel,2026-07-28T00:00:00+02:00,1653859,0
2992,Jose Angel,2026-07-29T00:00:00+02:00,1608002,0
2992,Jose Angel,2026-07-30T00:00:00+02:00,1563899,0
2992,Jose Angel,2026-07-31T00:00:00+02:00,1521669,0
2992,Jose Angel,2026-08-01T00:00:00+02:00,1480072,0
2992,Jose Angel,2026-08-02T00:00:00+02:00,1438702,0
2992,Jose Angel,2026-08-03T00:00:00+02:00,1397437,0
2992,Jose Angel,2026-08-04T00:00:00+02:00,1358683,0
2992,Jose Angel,2026-08-05T00:00:00+02:00,1321464,0
2992,Jose Angel,2026-08-06T00:00:00+02:00,1283807,0
2992,Jose Angel,2026-08-07T00:00:00+02:00,1249583,0
2992,Jose Angel,2026-08-08T00:00:00+02:00,1218100,0
2992,Jose Angel,2026-08-09T00:00:00+02:00,1188386,0
2992,Jose Angel,2026-08-10T00:00:00+02:00,1157287,0
2992,Jose Angel,2026-08-11T00:00:00+02:00,1129324,0
2992,Jose Angel,2026-08-12T00:00:00+02:00,1101941,0
2992,Jose Angel,2026-08-13T00:00:00+02:00,1073422,0
2992,Jose Angel,2026-08-14T00:00:00+02:00,1047356,0
2992,Jose Angel,2026-08-15T00:00:00+02:00,1025392,0
2992,Jose Angel,2026-08-16T00:00:00+02:00,1003320,0
2993,Diego Gómez,2026-06-29T00:00:00+02:00,700000,0
2993,Diego Gómez,2026-06-30T00:00:00+02:00,700000,0
2993,Diego Gómez,2026-07-01T00:00:00+02:00,700000,0
2993,Diego Gómez,2026-07-02T00:00:00+02:00,700000,0
2993,Diego Gómez,2026-07-03T00:00:00+02:00,700332,0
2993,Diego Gómez,2026-07-04T00:00:00+02:00,701144,0
2993,Diego Gómez,2026-07-05T00:00:00+02:00,701836,0
2994,Mella,2026-06-29T00:00:00+02:00,4000000,0
2994,Mella,2026-06-30T00:00:00+02:00,4000000,0
2994,Mella,2026-07-01T00:00:00+02:00,4000000,0
2994,Mella,2026-07-02T00:00:00+02:00,4000000,0
2994,Mella,2026-07-03T00:00:00+02:00,4001899,0
2994,Mella,2026-07-04T00:00:00+02:00,4006543,0
2994,Mella,2026-07-05T00:00:00+02:00,4010501,0
2994,Mella,2026-07-06T00:00:00+02:00,4015452,0
2994,Mella,2026-07-07T00:00:00+02:00,4015244,0
2994,Mella,2026-07-08T00:00:00+02:00,3982325,0
2994,Mella,2026-07-09T00:00:00+02:00,4042720,0
2994,Mella,2026-07-10T00:00:00+02:00,4162944,0
2994,Mella,2026-07-11T00:00:00+02:00,4253430,0
2994,Mella,2026-07-12T00:00:00+02:00,4292161,0
2994,Mella,2026-07-13T00:00:00+02:00,4349671,0
2994,Mella,2026-07-14T00:00:00+02:00,4375244,0
2994,Mella,2026-07-15T00:00:00+02:00,4435477,0
2994,Mella,2026-07-16T00:00:00+02:00,4453817,0
2994,Mella,2026-07-17T00:00:00+02:00,4396811,0
2994,Mella,2026-07-18T00:00:00+02:00,4327073,0
2994,Mella,2026-07-19T00:00:00+02:00,4252467,0
2994,Mella,2026-07-20T00:00:00+02:00,4185648,0
2994,Mella,2026-07-21T00:00:00+02:00,4111016,0
2994,Mella,2026-07-22T00:00:00+02:00,4031496,0
2994,Mella,2026-07-23T00:00:00+02:00,3958935,0
2994,Mella,2026-07-24T00:00:00+02:00,3884455,0
2994,Mella,2026-07-25T00:00:00+02:00,3833600,0
2994,Mella,2026-07-26T00:00:00+02:00,3791932,0
2994,Mella,2026-07-27T00:00:00+02:00,3727209,0
2994,Mella,2026-07-28T00:00:00+02:00,3672191,0
2994,Mella,2026-07-29T00:00:00+02:00,3605694,0
2994,Mella,2026-07-30T00:00:00+02:00,3555410,0
2994,Mella,2026-07-31T00:00:00+02:00,3492106,0
2994,Mella,2026-08-01T00:00:00+02:00,3453349,0
2994,Mella,2026-08-02T00:00:00+02:00,3429846,0
2994,Mella,2026-08-03T00:00:00+02:00,3395801,0
2994,Mella,2026-08-04T00:00:00+02:00,3370194,0
2994,Mella,2026-08-05T00:00:00+02:00,3330382,0
2994,Mella,2026-08-06T00:00:00+02:00,3289181,0
2994,Mella,2026-08-07T00:00:00+02:00,3253235,0
2994,Mella,2026-08-08T00:00:00+02:00,3218300,0
2994,Mella,2026-08-09T00:00:00+02:00,3179749,0
2994,Mella,2026-08-10T00:00:00+02:00,3170014,0
2994,Mella,2026-08-11T00:00:00+02:00,3182613,0
2994,Mella,2026-08-12T00:00:00+02:00,3212905,0
2994,Mella,2026-08-13T00:00:00+02:00,3246633,0
2994,Mella,2026-08-14T00:00:00+02:00,3292683,0
2994,Mella,2026-08-15T00:00:00+02:00,3335238,0
2994,Mella,2026-08-16T00:00:00+02:00,3387499,0
2995,Mario Soriano,2026-06-29T00:00:00+02:00,15000000,0
2995,Mario Soriano,2026-06-30T00:00:00+02:00,15000000,0
2995,Mario Soriano,2026-07-01T00:00:00+02:00,15000000,0
2995,Mario Soriano,2026-07-02T00:00:00+02:00,15000000,0
2995,Mario Soriano,2026-07-03T00:00:00+02:00,15007124,0
2995,Mario Soriano,2026-07-04T00:00:00+02:00,15024539,0
2995,Mario Soriano,2026-07-05T00:00:00+02:00,15039382,0
2995,Mario Soriano,2026-07-06T00:00:00+02:00,15057950,0
2995,Mario Soriano,2026-07-07T00:00:00+02:00,15057172,0
2995,Mario Soriano,2026-07-08T00:00:00+02:00,15210661,0
2995,Mario Soriano,2026-07-09T00:00:00+02:00,15425480,0
2995,Mario Soriano,2026-07-10T00:00:00+02:00,15555155,0
2995,Mario Soriano,2026-07-11T00:00:00+02:00,15608821,0
2995,Mario Soriano,2026-07-12T00:00:00+02:00,15759303,0
2995,Mario Soriano,2026-07-13T00:00:00+02:00,15928418,0
2995,Mario Soriano,2026-07-14T00:00:00+02:00,16043101,0
2995,Mario Soriano,2026-07-15T00:00:00+02:00,16212272,0
2995,Mario Soriano,2026-07-16T00:00:00+02:00,16459097,0
2995,Mario Soriano,2026-07-17T00:00:00+02:00,16679426,0
2995,Mario Soriano,2026-07-18T00:00:00+02:00,17010248,0
2995,Mario Soriano,2026-07-19T00:00:00+02:00,17314533,0
2995,Mario Soriano,2026-07-20T00:00:00+02:00,17525618,0
2995,Mario Soriano,2026-07-21T00:00:00+02:00,17757602,0
2995,Mario Soriano,2026-07-22T00:00:00+02:00,17852864,0
2995,Mario Soriano,2026-07-23T00:00:00+02:00,18048919,0
2995,Mario Soriano,2026-07-24T00:00:00+02:00,18174960,0
2995,Mario Soriano,2026-07-25T00:00:00+02:00,18523583,0
2995,Mario Soriano,2026-07-26T00:00:00+02:00,18921347,0
2995,Mario Soriano,2026-07-27T00:00:00+02:00,19237259,0
2995,Mario Soriano,2026-07-28T00:00:00+02:00,19637610,0
2995,Mario Soriano,2026-07-29T00:00:00+02:00,19924574,0
2995,Mario Soriano,2026-07-30T00:00:00+02:00,20308411,0
2995,Mario Soriano,2026-07-31T00:00:00+02:00,20565892,0
2995,Mario Soriano,2026-08-01T00:00:00+02:00,20858562,0
2995,Mario Soriano,2026-08-02T00:00:00+02:00,21256797,0
2995,Mario Soriano,2026-08-03T00:00:00+02:00,21727324,0
2995,Mario Soriano,2026-08-04T00:00:00+02:00,22154696,0
2995,Mario Soriano,2026-08-05T00:00:00+02:00,22535133,0
2995,Mario Soriano,2026-08-06T00:00:00+02:00,22807578,0
2995,Mario Soriano,2026-08-07T00:00:00+02:00,23120325,0
2995,Mario Soriano,2026-08-08T00:00:00+02:00,23473813,0
2995,Mario Soriano,2026-08-09T00:00:00+02:00,23829510,0
2995,Mario Soriano,2026-08-10T00:00:00+02:00,24211070,0
2995,Mario Soriano,2026-08-11T00:00:00+02:00,24557385,0
2995,Mario Soriano,2026-08-12T00:00:00+02:00,24997007,0
2995,Mario Soriano,2026-08-13T00:00:00+02:00,25310462,0
2995,Mario Soriano,2026-08-14T00:00:00+02:00,25757652,0
2995,Mario Soriano,2026-08-15T00:00:00+02:00,26115419,0
2995,Mario Soriano,2026-08-16T00:00:00+02:00,26476382,0
2998,Patiño,2026-06-29T00:00:00+02:00,1100000,0
2998,Patiño,2026-06-30T00:00:00+02:00,1100000,0
2998,Patiño,2026-07-01T00:00:00+02:00,1100000,0
2998,Patiño,2026-07-02T00:00:00+02:00,1100000,0
2998,Patiño,2026-07-03T00:00:00+02:00,1100522,0
2998,Patiño,2026-07-04T00:00:00+02:00,1101799,0
2998,Patiño,2026-07-05T00:00:00+02:00,1102887,0
2998,Patiño,2026-07-06T00:00:00+02:00,1104248,0
2998,Patiño,2026-07-07T00:00:00+02:00,1104190,0
2998,Patiño,2026-07-08T00:00:00+02:00,1076852,0
2998,Patiño,2026-07-09T00:00:00+02:00,1045929,0
2998,Patiño,2026-07-10T00:00:00+02:00,1022941,0
2998,Patiño,2026-07-11T00:00:00+02:00,995940,0
2998,Patiño,2026-07-12T00:00:00+02:00,968215,0
2998,Patiño,2026-07-13T00:00:00+02:00,943857,0
2998,Patiño,2026-07-14T00:00:00+02:00,918863,0
2998,Patiño,2026-07-15T00:00:00+02:00,895434,0
2998,Patiño,2026-07-16T00:00:00+02:00,874250,0
2998,Patiño,2026-07-17T00:00:00+02:00,854213,0
2998,Patiño,2026-07-18T00:00:00+02:00,836614,0
2998,Patiño,2026-07-19T00:00:00+02:00,818682,0
2998,Patiño,2026-07-20T00:00:00+02:00,802178,0
2998,Patiño,2026-07-21T00:00:00+02:00,787850,0
2998,Patiño,2026-07-22T00:00:00+02:00,769631,0
2998,Patiño,2026-07-23T00:00:00+02:00,753693,0
2998,Patiño,2026-07-24T00:00:00+02:00,737442,0
2998,Patiño,2026-07-25T00:00:00+02:00,723495,0
2998,Patiño,2026-07-26T00:00:00+02:00,710726,0
2998,Patiño,2026-07-27T00:00:00+02:00,698076,0
2998,Patiño,2026-07-28T00:00:00+02:00,686051,0
2998,Patiño,2026-07-29T00:00:00+02:00,672303,0
2998,Patiño,2026-07-30T00:00:00+02:00,659827,0
2998,Patiño,2026-07-31T00:00:00+02:00,647399,0
2998,Patiño,2026-08-01T00:00:00+02:00,635572,0
2998,Patiño,2026-08-02T00:00:00+02:00,625132,0
2998,Patiño,2026-08-03T00:00:00+02:00,614535,0
2998,Patiño,2026-08-04T00:00:00+02:00,603696,0
2998,Patiño,2026-08-05T00:00:00+02:00,593362,0
2998,Patiño,2026-08-06T00:00:00+02:00,582947,0
2998,Patiño,2026-08-07T00:00:00+02:00,573046,0
2998,Patiño,2026-08-08T00:00:00+02:00,564024,0
2998,Patiño,2026-08-09T00:00:00+02:00,559265,0
2998,Patiño,2026-08-10T00:00:00+02:00,552030,0
2998,Patiño,2026-08-11T00:00:00+02:00,543994,0
2998,Patiño,2026-08-12T00:00:00+02:00,535885,0
2998,Patiño,2026-08-13T00:00:00+02:00,530043,0
2998,Patiño,2026-08-14T00:00:00+02:00,520657,0
2998,Patiño,2026-08-15T00:00:00+02:00,513106,0
2998,Patiño,2026-08-16T00:00:00+02:00,507500,0
3003,Aldasoro,2026-06-29T00:00:00+02:00,900000,0
3003,Aldasoro,2026-06-30T00:00:00+02:00,900000,0
3003,Aldasoro,2026-07-01T00:00:00+02:00,900000,0
3003,Aldasoro,2026-07-02T00:00:00+02:00,900000,0
3003,Aldasoro,2026-07-03T00:00:00+02:00,900427,0
3003,Aldasoro,2026-07-04T00:00:00+02:00,901471,0
3003,Aldasoro,2026-07-05T00:00:00+02:00,902361,0
3003,Aldasoro,2026-07-06T00:00:00+02:00,903475,0
3003,Aldasoro,2026-07-07T00:00:00+02:00,903428,0
3003,Aldasoro,2026-07-08T00:00:00+02:00,878143,0
3003,Aldasoro,2026-07-09T00:00:00+02:00,855361,0
3003,Aldasoro,2026-07-10T00:00:00+02:00,831709,0
3003,Aldasoro,2026-07-11T00:00:00+02:00,809419,0
3003,Aldasoro,2026-07-12T00:00:00+02:00,789155,0
3003,Aldasoro,2026-07-13T00:00:00+02:00,770518,0
3003,Aldasoro,2026-07-14T00:00:00+02:00,752458,0
3003,Aldasoro,2026-07-15T00:00:00+02:00,735686,0
3003,Aldasoro,2026-07-16T00:00:00+02:00,720892,0
3003,Aldasoro,2026-07-17T00:00:00+02:00,706990,0
3003,Aldasoro,2026-07-18T00:00:00+02:00,693997,0
3003,Aldasoro,2026-07-19T00:00:00+02:00,681769,0
3003,Aldasoro,2026-07-20T00:00:00+02:00,670741,0
3003,Aldasoro,2026-07-21T00:00:00+02:00,661671,0
3003,Aldasoro,2026-07-22T00:00:00+02:00,648499,0
3003,Aldasoro,2026-07-23T00:00:00+02:00,637406,0
3003,Aldasoro,2026-07-24T00:00:00+02:00,625806,0
3003,Aldasoro,2026-07-25T00:00:00+02:00,616324,0
3003,Aldasoro,2026-07-26T00:00:00+02:00,607842,0
3012,Maguette,2026-06-29T00:00:00+02:00,7000000,0
3012,Maguette,2026-06-30T00:00:00+02:00,7000000,0
3012,Maguette,2026-07-01T00:00:00+02:00,7000000,0
3012,Maguette,2026-07-02T00:00:00+02:00,7000000,0
3012,Maguette,2026-07-03T00:00:00+02:00,7003324,0
3012,Maguette,2026-07-04T00:00:00+02:00,7011451,0
3012,Maguette,2026-07-05T00:00:00+02:00,7018377,0
3012,Maguette,2026-07-06T00:00:00+02:00,7027042,0
3012,Maguette,2026-07-07T00:00:00+02:00,7026679,0
3012,Maguette,2026-07-08T00:00:00+02:00,7034507,0
3012,Maguette,2026-07-09T00:00:00+02:00,7199343,0
3012,Maguette,2026-07-10T00:00:00+02:00,7204899,0
3012,Maguette,2026-07-11T00:00:00+02:00,7147740,0
3012,Maguette,2026-07-12T00:00:00+02:00,7003398,0
3012,Maguette,2026-07-13T00:00:00+02:00,6820164,0
3012,Maguette,2026-07-14T00:00:00+02:00,6655444,0
3012,Maguette,2026-07-15T00:00:00+02:00,6507601,0
3012,Maguette,2026-07-16T00:00:00+02:00,6373681,0
3012,Maguette,2026-07-17T00:00:00+02:00,6218643,0
3012,Maguette,2026-07-18T00:00:00+02:00,6072809,0
3012,Maguette,2026-07-19T00:00:00+02:00,5958036,0
3012,Maguette,2026-07-20T00:00:00+02:00,5844596,0
3012,Maguette,2026-07-21T00:00:00+02:00,5698251,0
3012,Maguette,2026-07-22T00:00:00+02:00,5583015,0
3012,Maguette,2026-07-23T00:00:00+02:00,5482304,0
3012,Maguette,2026-07-24T00:00:00+02:00,5368778,0
3012,Maguette,2026-07-25T00:00:00+02:00,5275332,0
3012,Maguette,2026-07-26T00:00:00+02:00,5195759,0
3012,Maguette,2026-07-27T00:00:00+02:00,5106703,0
3012,Maguette,2026-07-28T00:00:00+02:00,5030553,0
3012,Maguette,2026-07-29T00:00:00+02:00,4939349,0
3012,Maguette,2026-07-30T00:00:00+02:00,4877781,0
3012,Maguette,2026-07-31T00:00:00+02:00,4820900,0
3012,Maguette,2026-08-01T00:00:00+02:00,4743866,0
3012,Maguette,2026-08-02T00:00:00+02:00,4693808,0
3012,Maguette,2026-08-03T00:00:00+02:00,4633881,0
3012,Maguette,2026-08-04T00:00:00+02:00,4577839,0
3012,Maguette,2026-08-05T00:00:00+02:00,4518040,0
3012,Maguette,2026-08-06T00:00:00+02:00,4451287,0
3012,Maguette,2026-08-07T00:00:00+02:00,4392892,0
3012,Maguette,2026-08-08T00:00:00+02:00,4345447,0
3012,Maguette,2026-08-09T00:00:00+02:00,4299337,0
3012,Maguette,2026-08-10T00:00:00+02:00,4257423,0
3012,Maguette,2026-08-11T00:00:00+02:00,4242913,0
3012,Maguette,2026-08-12T00:00:00+02:00,4214071,0
3012,Maguette,2026-08-13T00:00:00+02:00,4181653,0
3012,Maguette,2026-08-14T00:00:00+02:00,4142967,0
3012,Maguette,2026-08-15T00:00:00+02:00,4117405,0
3012,Maguette,2026-08-16T00:00:00+02:00,4088223,0
3014,Diego Fuentes,2026-06-29T00:00:00+02:00,900000,0
3014,Diego Fuentes,2026-06-30T00:00:00+02:00,900000,0
3014,Diego Fuentes,2026-07-01T00:00:00+02:00,900000,0
3014,Diego Fuentes,2026-07-02T00:00:00+02:00,900000,0
3014,Diego Fuentes,2026-07-03T00:00:00+02:00,900427,0
3014,Diego Fuentes,2026-07-04T00:00:00+02:00,901471,0
3014,Diego Fuentes,2026-07-05T00:00:00+02:00,902361,0
3015,A. Vallecillo,2026-06-29T00:00:00+02:00,700000,0
3015,A. Vallecillo,2026-06-30T00:00:00+02:00,700000,0
3015,A. Vallecillo,2026-07-01T00:00:00+02:00,700000,0
3015,A. Vallecillo,2026-07-02T00:00:00+02:00,700000,0
3015,A. Vallecillo,2026-07-03T00:00:00+02:00,700332,0
3015,A. Vallecillo,2026-07-04T00:00:00+02:00,701144,0
3015,A. Vallecillo,2026-07-05T00:00:00+02:00,677197,0
3024,Sergio,2026-06-29T00:00:00+02:00,700000,0
3024,Sergio,2026-06-30T00:00:00+02:00,700000,0
3024,Sergio,2026-07-01T00:00:00+02:00,700000,0
3024,Sergio,2026-07-02T00:00:00+02:00,700000,0
3024,Sergio,2026-07-03T00:00:00+02:00,700332,0
3024,Sergio,2026-07-04T00:00:00+02:00,701144,0
3024,Sergio,2026-07-05T00:00:00+02:00,701836,0
3028,G. Puerta,2026-06-29T00:00:00+02:00,10000000,0
3028,G. Puerta,2026-06-30T00:00:00+02:00,10000000,0
3028,G. Puerta,2026-07-01T00:00:00+02:00,10000000,0
3028,G. Puerta,2026-07-02T00:00:00+02:00,10000000,0
3028,G. Puerta,2026-07-03T00:00:00+02:00,10004749,0
3028,G. Puerta,2026-07-04T00:00:00+02:00,10016359,0
3028,G. Puerta,2026-07-05T00:00:00+02:00,10026254,0
3028,G. Puerta,2026-07-06T00:00:00+02:00,10038632,0
3028,G. Puerta,2026-07-07T00:00:00+02:00,10038113,0
3028,G. Puerta,2026-07-08T00:00:00+02:00,10693532,0
3028,G. Puerta,2026-07-09T00:00:00+02:00,10931266,0
3028,G. Puerta,2026-07-10T00:00:00+02:00,11069790,0
3028,G. Puerta,2026-07-11T00:00:00+02:00,11009752,0
3028,G. Puerta,2026-07-12T00:00:00+02:00,10861174,0
3028,G. Puerta,2026-07-13T00:00:00+02:00,10733081,0
3028,G. Puerta,2026-07-14T00:00:00+02:00,10545772,0
3028,G. Puerta,2026-07-15T00:00:00+02:00,10343008,0
3028,G. Puerta,2026-07-16T00:00:00+02:00,10192045,0
3028,G. Puerta,2026-07-17T00:00:00+02:00,9999331,0
3028,G. Puerta,2026-07-18T00:00:00+02:00,9831854,0
3028,G. Puerta,2026-07-19T00:00:00+02:00,9724246,0
3028,G. Puerta,2026-07-20T00:00:00+02:00,9616057,0
3028,G. Puerta,2026-07-21T00:00:00+02:00,9506179,0
3028,G. Puerta,2026-07-22T00:00:00+02:00,9360376,0
3028,G. Puerta,2026-07-23T00:00:00+02:00,9351403,0
3028,G. Puerta,2026-07-24T00:00:00+02:00,9297269,0
3028,G. Puerta,2026-07-25T00:00:00+02:00,9241907,0
3028,G. Puerta,2026-07-26T00:00:00+02:00,9247688,0
3028,G. Puerta,2026-07-27T00:00:00+02:00,9219613,0
3028,G. Puerta,2026-07-28T00:00:00+02:00,9318516,0
3028,G. Puerta,2026-07-29T00:00:00+02:00,9354703,0
3028,G. Puerta,2026-07-30T00:00:00+02:00,9553423,0
3028,G. Puerta,2026-07-31T00:00:00+02:00,9689455,0
3028,G. Puerta,2026-08-01T00:00:00+02:00,9885730,0
3028,G. Puerta,2026-08-02T00:00:00+02:00,10109618,0
3028,G. Puerta,2026-08-03T00:00:00+02:00,10405481,0
3028,G. Puerta,2026-08-04T00:00:00+02:00,10682329,0
3028,G. Puerta,2026-08-05T00:00:00+02:00,10821441,0
3028,G. Puerta,2026-08-06T00:00:00+02:00,10925005,0
3028,G. Puerta,2026-08-07T00:00:00+02:00,11122758,0
3028,G. Puerta,2026-08-08T00:00:00+02:00,11250887,0
3028,G. Puerta,2026-08-09T00:00:00+02:00,11420385,0
3028,G. Puerta,2026-08-10T00:00:00+02:00,11597456,0
3028,G. Puerta,2026-08-11T00:00:00+02:00,11833766,0
3028,G. Puerta,2026-08-12T00:00:00+02:00,12184033,0
3028,G. Puerta,2026-08-13T00:00:00+02:00,12321297,0
3028,G. Puerta,2026-08-14T00:00:00+02:00,12518420,0
3028,G. Puerta,2026-08-15T00:00:00+02:00,12639842,0
3028,G. Puerta,2026-08-16T00:00:00+02:00,12808655,0
3032,Izan,2026-06-29T00:00:00+02:00,700000,0
3032,Izan,2026-06-30T00:00:00+02:00,700000,0
3032,Izan,2026-07-01T00:00:00+02:00,700000,0
3032,Izan,2026-07-02T00:00:00+02:00,700000,0
3032,Izan,2026-07-03T00:00:00+02:00,700332,0
3032,Izan,2026-07-04T00:00:00+02:00,701144,0
3032,Izan,2026-07-05T00:00:00+02:00,701836,0
3033,M. Solorzano,2026-06-29T00:00:00+02:00,600000,0
3033,M. Solorzano,2026-06-30T00:00:00+02:00,600000,0
3033,M. Solorzano,2026-07-01T00:00:00+02:00,600000,0
3033,M. Solorzano,2026-07-02T00:00:00+02:00,600000,0
3033,M. Solorzano,2026-07-03T00:00:00+02:00,600285,0
3033,M. Solorzano,2026-07-04T00:00:00+02:00,600981,0
3033,M. Solorzano,2026-07-05T00:00:00+02:00,601574,0
3035,Izan M.,2026-06-29T00:00:00+02:00,10000000,0
3035,Izan M.,2026-06-30T00:00:00+02:00,10000000,0
3035,Izan M.,2026-07-01T00:00:00+02:00,10000000,0
3035,Izan M.,2026-07-02T00:00:00+02:00,10000000,0
3035,Izan M.,2026-07-03T00:00:00+02:00,10004749,0
3035,Izan M.,2026-07-04T00:00:00+02:00,10016359,0
3035,Izan M.,2026-07-05T00:00:00+02:00,10026254,0
3035,Izan M.,2026-07-06T00:00:00+02:00,10038632,0
3035,Izan M.,2026-07-07T00:00:00+02:00,10038113,0
3035,Izan M.,2026-07-08T00:00:00+02:00,10037035,0
3035,Izan M.,2026-07-09T00:00:00+02:00,10149047,0
3035,Izan M.,2026-07-10T00:00:00+02:00,10164880,0
3035,Izan M.,2026-07-11T00:00:00+02:00,10138922,0
3035,Izan M.,2026-07-12T00:00:00+02:00,9962991,0
3035,Izan M.,2026-07-13T00:00:00+02:00,9781833,0
3035,Izan M.,2026-07-14T00:00:00+02:00,9569762,0
3035,Izan M.,2026-07-15T00:00:00+02:00,9394803,0
3035,Izan M.,2026-07-16T00:00:00+02:00,9210607,0
3035,Izan M.,2026-07-17T00:00:00+02:00,9046962,0
3035,Izan M.,2026-07-18T00:00:00+02:00,8882487,0
3035,Izan M.,2026-07-19T00:00:00+02:00,8729259,0
3035,Izan M.,2026-07-20T00:00:00+02:00,8607662,0
3035,Izan M.,2026-07-21T00:00:00+02:00,8433314,0
3035,Izan M.,2026-07-22T00:00:00+02:00,8287825,0
3035,Izan M.,2026-07-23T00:00:00+02:00,8178181,0
3035,Izan M.,2026-07-24T00:00:00+02:00,8061638,0
3035,Izan M.,2026-07-25T00:00:00+02:00,7971596,0
3035,Izan M.,2026-07-26T00:00:00+02:00,7872417,0
3035,Izan M.,2026-07-27T00:00:00+02:00,7758854,0
3035,Izan M.,2026-07-28T00:00:00+02:00,7704016,0
3035,Izan M.,2026-07-29T00:00:00+02:00,7571969,0
3035,Izan M.,2026-07-30T00:00:00+02:00,7471460,0
3035,Izan M.,2026-07-31T00:00:00+02:00,7393977,0
3035,Izan M.,2026-08-01T00:00:00+02:00,7309994,0
3035,Izan M.,2026-08-02T00:00:00+02:00,7213322,0
3035,Izan M.,2026-08-03T00:00:00+02:00,7161333,0
3035,Izan M.,2026-08-04T00:00:00+02:00,7072204,0
3035,Izan M.,2026-08-05T00:00:00+02:00,6994872,0
3035,Izan M.,2026-08-06T00:00:00+02:00,6910206,0
3035,Izan M.,2026-08-07T00:00:00+02:00,6843975,0
3035,Izan M.,2026-08-08T00:00:00+02:00,6765603,0
3035,Izan M.,2026-08-09T00:00:00+02:00,6718728,0
3035,Izan M.,2026-08-10T00:00:00+02:00,6669344,0
3035,Izan M.,2026-08-11T00:00:00+02:00,6617684,0
3035,Izan M.,2026-08-12T00:00:00+02:00,6557577,0
3035,Izan M.,2026-08-13T00:00:00+02:00,6486581,0
3035,Izan M.,2026-08-14T00:00:00+02:00,6431960,0
3035,Izan M.,2026-08-15T00:00:00+02:00,6395177,0
3035,Izan M.,2026-08-16T00:00:00+02:00,6331579,0
3036,Dani Lorenzo,2026-06-29T00:00:00+02:00,11000000,0
3036,Dani Lorenzo,2026-06-30T00:00:00+02:00,11000000,0
3036,Dani Lorenzo,2026-07-01T00:00:00+02:00,11000000,0
3036,Dani Lorenzo,2026-07-02T00:00:00+02:00,11000000,0
3036,Dani Lorenzo,2026-07-03T00:00:00+02:00,11005224,0
3036,Dani Lorenzo,2026-07-04T00:00:00+02:00,11017995,0
3036,Dani Lorenzo,2026-07-05T00:00:00+02:00,11028880,0
3036,Dani Lorenzo,2026-07-06T00:00:00+02:00,11042496,0
3036,Dani Lorenzo,2026-07-07T00:00:00+02:00,11041925,0
3036,Dani Lorenzo,2026-07-08T00:00:00+02:00,10887241,0
3036,Dani Lorenzo,2026-07-09T00:00:00+02:00,10875723,0
3036,Dani Lorenzo,2026-07-10T00:00:00+02:00,10716101,0
3036,Dani Lorenzo,2026-07-11T00:00:00+02:00,10565316,0
3036,Dani Lorenzo,2026-07-12T00:00:00+02:00,10368092,0
3036,Dani Lorenzo,2026-07-13T00:00:00+02:00,10186303,0
3036,Dani Lorenzo,2026-07-14T00:00:00+02:00,9964814,0
3036,Dani Lorenzo,2026-07-15T00:00:00+02:00,9782162,0
3036,Dani Lorenzo,2026-07-16T00:00:00+02:00,9589290,0
3036,Dani Lorenzo,2026-07-17T00:00:00+02:00,9426429,0
3036,Dani Lorenzo,2026-07-18T00:00:00+02:00,9316011,0
3036,Dani Lorenzo,2026-07-19T00:00:00+02:00,9161723,0
3036,Dani Lorenzo,2026-07-20T00:00:00+02:00,9043760,0
3036,Dani Lorenzo,2026-07-21T00:00:00+02:00,8877397,0
3036,Dani Lorenzo,2026-07-22T00:00:00+02:00,8765162,0
3036,Dani Lorenzo,2026-07-23T00:00:00+02:00,8617662,0
3036,Dani Lorenzo,2026-07-24T00:00:00+02:00,8534745,0
3036,Dani Lorenzo,2026-07-25T00:00:00+02:00,8542458,0
3036,Dani Lorenzo,2026-07-26T00:00:00+02:00,8515080,0
3036,Dani Lorenzo,2026-07-27T00:00:00+02:00,8485985,0
3036,Dani Lorenzo,2026-07-28T00:00:00+02:00,8448361,0
3036,Dani Lorenzo,2026-07-29T00:00:00+02:00,8413275,0
3036,Dani Lorenzo,2026-07-30T00:00:00+02:00,8359328,0
3036,Dani Lorenzo,2026-07-31T00:00:00+02:00,8334231,0
3036,Dani Lorenzo,2026-08-01T00:00:00+02:00,8350901,0
3036,Dani Lorenzo,2026-08-02T00:00:00+02:00,8392974,0
3036,Dani Lorenzo,2026-08-03T00:00:00+02:00,8499562,0
3036,Dani Lorenzo,2026-08-04T00:00:00+02:00,8592705,0
3036,Dani Lorenzo,2026-08-05T00:00:00+02:00,8754080,0
3036,Dani Lorenzo,2026-08-06T00:00:00+02:00,8914418,0
3036,Dani Lorenzo,2026-08-07T00:00:00+02:00,9019204,0
3036,Dani Lorenzo,2026-08-08T00:00:00+02:00,9156546,0
3036,Dani Lorenzo,2026-08-09T00:00:00+02:00,9284638,0
3036,Dani Lorenzo,2026-08-10T00:00:00+02:00,9354977,0
3036,Dani Lorenzo,2026-08-11T00:00:00+02:00,9427551,0
3036,Dani Lorenzo,2026-08-12T00:00:00+02:00,9512543,0
3036,Dani Lorenzo,2026-08-13T00:00:00+02:00,9549143,0
3036,Dani Lorenzo,2026-08-14T00:00:00+02:00,9636181,0
3036,Dani Lorenzo,2026-08-15T00:00:00+02:00,9691137,0
3036,Dani Lorenzo,2026-08-16T00:00:00+02:00,9716466,0
3038,Rafa R.,2026-06-29T00:00:00+02:00,6500000,0
3038,Rafa R.,2026-06-30T00:00:00+02:00,6500000,0
3038,Rafa R.,2026-07-01T00:00:00+02:00,6500000,0
3038,Rafa R.,2026-07-02T00:00:00+02:00,6500000,0
3038,Rafa R.,2026-07-03T00:00:00+02:00,6503087,0
3038,Rafa R.,2026-07-04T00:00:00+02:00,6510633,0
3038,Rafa R.,2026-07-05T00:00:00+02:00,6263550,0
3044,Dotor,2026-06-29T00:00:00+02:00,4000000,0
3044,Dotor,2026-06-30T00:00:00+02:00,4000000,0
3044,Dotor,2026-07-01T00:00:00+02:00,4000000,0
3044,Dotor,2026-07-02T00:00:00+02:00,4000000,0
3044,Dotor,2026-07-03T00:00:00+02:00,4001899,0
3044,Dotor,2026-07-04T00:00:00+02:00,4006543,0
3044,Dotor,2026-07-05T00:00:00+02:00,4010501,0
3044,Dotor,2026-08-13T00:00:00+02:00,3875227,0
3044,Dotor,2026-08-14T00:00:00+02:00,3743177,0
3044,Dotor,2026-08-15T00:00:00+02:00,3647240,0
3044,Dotor,2026-08-16T00:00:00+02:00,3548785,0
3046,Aaron Ochoa,2026-06-29T00:00:00+02:00,3500000,0
3046,Aaron Ochoa,2026-06-30T00:00:00+02:00,3500000,0
3046,Aaron Ochoa,2026-07-01T00:00:00+02:00,3500000,0
3046,Aaron Ochoa,2026-07-02T00:00:00+02:00,3500000,0
3046,Aaron Ochoa,2026-07-03T00:00:00+02:00,3501662,0
3046,Aaron Ochoa,2026-07-04T00:00:00+02:00,3505725,0
3046,Aaron Ochoa,2026-07-05T00:00:00+02:00,3509188,0
3048,Ramon,2026-06-29T00:00:00+02:00,2000000,0
3048,Ramon,2026-06-30T00:00:00+02:00,2000000,0
3048,Ramon,2026-07-01T00:00:00+02:00,2000000,0
3048,Ramon,2026-07-02T00:00:00+02:00,2000000,0
3048,Ramon,2026-07-03T00:00:00+02:00,2000949,0
3048,Ramon,2026-07-04T00:00:00+02:00,2003271,0
3048,Ramon,2026-07-05T00:00:00+02:00,2005250,0
3048,Ramon,2026-07-06T00:00:00+02:00,2007725,0
3048,Ramon,2026-07-07T00:00:00+02:00,2007621,0
3048,Ramon,2026-07-08T00:00:00+02:00,1949370,0
3048,Ramon,2026-07-09T00:00:00+02:00,1903260,0
3048,Ramon,2026-07-10T00:00:00+02:00,1847437,0
3048,Ramon,2026-07-11T00:00:00+02:00,1796938,0
3048,Ramon,2026-07-12T00:00:00+02:00,1747506,0
3048,Ramon,2026-07-13T00:00:00+02:00,1698289,0
3048,Ramon,2026-07-14T00:00:00+02:00,1648592,0
3048,Ramon,2026-07-15T00:00:00+02:00,1604507,0
3048,Ramon,2026-07-16T00:00:00+02:00,1564275,0
3048,Ramon,2026-07-17T00:00:00+02:00,1525395,0
3048,Ramon,2026-07-18T00:00:00+02:00,1486439,0
3048,Ramon,2026-07-19T00:00:00+02:00,1452192,0
3048,Ramon,2026-07-20T00:00:00+02:00,1414268,0
3048,Ramon,2026-07-21T00:00:00+02:00,1378947,0
3048,Ramon,2026-07-22T00:00:00+02:00,1340078,0
3048,Ramon,2026-07-23T00:00:00+02:00,1305779,0
3048,Ramon,2026-07-24T00:00:00+02:00,1279487,0
3048,Ramon,2026-07-25T00:00:00+02:00,1257286,0
3048,Ramon,2026-07-26T00:00:00+02:00,1232921,0
3048,Ramon,2026-07-27T00:00:00+02:00,1209475,0
3048,Ramon,2026-07-28T00:00:00+02:00,1186868,0
3048,Ramon,2026-07-29T00:00:00+02:00,1160166,0
3048,Ramon,2026-07-30T00:00:00+02:00,1132900,0
3048,Ramon,2026-07-31T00:00:00+02:00,1105598,0
3048,Ramon,2026-08-01T00:00:00+02:00,1081293,0
3048,Ramon,2026-08-02T00:00:00+02:00,1058528,0
3048,Ramon,2026-08-03T00:00:00+02:00,1034461,0
3048,Ramon,2026-08-04T00:00:00+02:00,1010462,0
3048,Ramon,2026-08-05T00:00:00+02:00,987910,0
3048,Ramon,2026-08-06T00:00:00+02:00,963570,0
3048,Ramon,2026-08-07T00:00:00+02:00,941076,0
3048,Ramon,2026-08-08T00:00:00+02:00,919567,0
3048,Ramon,2026-08-09T00:00:00+02:00,900381,0
3048,Ramon,2026-08-10T00:00:00+02:00,881574,0
3048,Ramon,2026-08-11T00:00:00+02:00,864146,0
3048,Ramon,2026-08-12T00:00:00+02:00,855651,0
3048,Ramon,2026-08-13T00:00:00+02:00,845298,0
3048,Ramon,2026-08-14T00:00:00+02:00,836097,0
3048,Ramon,2026-08-15T00:00:00+02:00,832761,0
3048,Ramon,2026-08-16T00:00:00+02:00,820236,0
3052,Darko,2026-06-29T00:00:00+02:00,1000000,0
3052,Darko,2026-06-30T00:00:00+02:00,1000000,0
3052,Darko,2026-07-01T00:00:00+02:00,1000000,0
3052,Darko,2026-07-02T00:00:00+02:00,1000000,0
3052,Darko,2026-07-03T00:00:00+02:00,1000475,0
3052,Darko,2026-07-04T00:00:00+02:00,1001636,0
3052,Darko,2026-07-05T00:00:00+02:00,1002625,0
3056,Juanpe,2026-06-29T00:00:00+02:00,600000,0
3056,Juanpe,2026-06-30T00:00:00+02:00,600000,0
3056,Juanpe,2026-07-01T00:00:00+02:00,600000,0
3056,Juanpe,2026-07-02T00:00:00+02:00,600000,0
3056,Juanpe,2026-07-03T00:00:00+02:00,580047,0
3056,Juanpe,2026-07-04T00:00:00+02:00,580720,0
3056,Juanpe,2026-07-05T00:00:00+02:00,581293,0
3060,Luismi,2026-06-29T00:00:00+02:00,400000,0
3060,Luismi,2026-06-30T00:00:00+02:00,400000,0
3060,Luismi,2026-07-01T00:00:00+02:00,400000,0
3060,Luismi,2026-07-02T00:00:00+02:00,400000,0
3060,Luismi,2026-07-03T00:00:00+02:00,400190,0
3060,Luismi,2026-07-04T00:00:00+02:00,400654,0
3060,Luismi,2026-07-05T00:00:00+02:00,401049,0
3069,Blanco,2026-07-14T00:00:00+02:00,21752217,0
3069,Blanco,2026-07-15T00:00:00+02:00,21027067,0
3069,Blanco,2026-07-16T00:00:00+02:00,20789719,0
3069,Blanco,2026-07-17T00:00:00+02:00,20511088,0
3069,Blanco,2026-07-18T00:00:00+02:00,20245468,0
3069,Blanco,2026-07-19T00:00:00+02:00,19942074,0
3069,Blanco,2026-07-20T00:00:00+02:00,19662754,0
3069,Blanco,2026-07-21T00:00:00+02:00,19401466,0
3069,Blanco,2026-07-22T00:00:00+02:00,19027064,0
3069,Blanco,2026-07-23T00:00:00+02:00,18687231,0
3069,Blanco,2026-07-24T00:00:00+02:00,18386192,0
3069,Blanco,2026-07-25T00:00:00+02:00,18174004,0
3069,Blanco,2026-07-26T00:00:00+02:00,17961505,0
3069,Blanco,2026-07-27T00:00:00+02:00,17702173,0
3069,Blanco,2026-07-28T00:00:00+02:00,17473107,0
3069,Blanco,2026-07-29T00:00:00+02:00,17190985,0
3069,Blanco,2026-07-30T00:00:00+02:00,16970357,0
3069,Blanco,2026-07-31T00:00:00+02:00,16739686,0
3069,Blanco,2026-08-01T00:00:00+02:00,16579252,0
3069,Blanco,2026-08-02T00:00:00+02:00,16408469,0
3069,Blanco,2026-08-03T00:00:00+02:00,16219259,0
3069,Blanco,2026-08-04T00:00:00+02:00,16029411,0
3069,Blanco,2026-08-05T00:00:00+02:00,15841462,0
3069,Blanco,2026-08-06T00:00:00+02:00,15693649,0
3069,Blanco,2026-08-07T00:00:00+02:00,15526200,0
3069,Blanco,2026-08-08T00:00:00+02:00,15390260,0
3069,Blanco,2026-08-09T00:00:00+02:00,15267196,0
3069,Blanco,2026-08-10T00:00:00+02:00,15170074,0
3069,Blanco,2026-08-11T00:00:00+02:00,15077566,0
3069,Blanco,2026-08-12T00:00:00+02:00,15046279,0
3069,Blanco,2026-08-13T00:00:00+02:00,14962138,0
3069,Blanco,2026-08-14T00:00:00+02:00,14928255,0
3069,Blanco,2026-08-15T00:00:00+02:00,14947676,0
3069,Blanco,2026-08-16T00:00:00+02:00,14970656,0
3072,Larrubia,2026-07-15T00:00:00+02:00,28424851,0
3072,Larrubia,2026-07-16T00:00:00+02:00,27495844,0
3072,Larrubia,2026-07-17T00:00:00+02:00,27593051,0
3072,Larrubia,2026-07-18T00:00:00+02:00,28125732,0
3072,Larrubia,2026-07-19T00:00:00+02:00,28789690,0
3072,Larrubia,2026-07-20T00:00:00+02:00,29761969,0
3072,Larrubia,2026-07-21T00:00:00+02:00,30817280,0
3072,Larrubia,2026-07-22T00:00:00+02:00,31555332,0
3072,Larrubia,2026-07-23T00:00:00+02:00,32668810,0
3072,Larrubia,2026-07-24T00:00:00+02:00,33665212,0
3072,Larrubia,2026-07-25T00:00:00+02:00,34883113,0
3072,Larrubia,2026-07-26T00:00:00+02:00,36076967,0
3072,Larrubia,2026-07-27T00:00:00+02:00,37503427,0
3072,Larrubia,2026-07-28T00:00:00+02:00,38842860,0
3072,Larrubia,2026-07-29T00:00:00+02:00,40091387,0
3072,Larrubia,2026-07-30T00:00:00+02:00,41819028,0
3072,Larrubia,2026-07-31T00:00:00+02:00,42954896,0
3072,Larrubia,2026-08-01T00:00:00+02:00,44575573,0
3072,Larrubia,2026-08-02T00:00:00+02:00,45954379,0
3072,Larrubia,2026-08-03T00:00:00+02:00,47265082,0
3072,Larrubia,2026-08-04T00:00:00+02:00,48722723,0
3072,Larrubia,2026-08-05T00:00:00+02:00,49942763,0
3072,Larrubia,2026-08-06T00:00:00+02:00,51209822,0
3072,Larrubia,2026-08-07T00:00:00+02:00,52382898,0
3072,Larrubia,2026-08-08T00:00:00+02:00,53691232,0
3072,Larrubia,2026-08-09T00:00:00+02:00,54556825,0
3072,Larrubia,2026-08-10T00:00:00+02:00,55397796,0
3072,Larrubia,2026-08-11T00:00:00+02:00,55939962,0
3072,Larrubia,2026-08-12T00:00:00+02:00,56322951,0
3072,Larrubia,2026-08-13T00:00:00+02:00,56063734,0
3072,Larrubia,2026-08-14T00:00:00+02:00,55389159,0
3072,Larrubia,2026-08-15T00:00:00+02:00,54400014,0
3072,Larrubia,2026-08-16T00:00:00+02:00,53552819,0
3074,Germán V.,2026-07-15T00:00:00+02:00,30000000,0
3074,Germán V.,2026-07-16T00:00:00+02:00,29019512,0
3074,Germán V.,2026-07-17T00:00:00+02:00,28460390,0
3074,Germán V.,2026-07-18T00:00:00+02:00,28392057,0
3074,Germán V.,2026-07-19T00:00:00+02:00,28266999,0
3074,Germán V.,2026-07-20T00:00:00+02:00,28151336,0
3074,Germán V.,2026-07-21T00:00:00+02:00,28100009,0
3074,Germán V.,2026-07-22T00:00:00+02:00,27745550,0
3074,Germán V.,2026-07-23T00:00:00+02:00,27500876,0
3074,Germán V.,2026-07-24T00:00:00+02:00,27256691,0
3074,Germán V.,2026-07-25T00:00:00+02:00,27017797,0
3074,Germán V.,2026-07-26T00:00:00+02:00,26820959,0
3074,Germán V.,2026-07-27T00:00:00+02:00,26530340,0
3074,Germán V.,2026-07-28T00:00:00+02:00,26289141,0
3074,Germán V.,2026-07-29T00:00:00+02:00,25967276,0
3074,Germán V.,2026-07-30T00:00:00+02:00,25684155,0
3074,Germán V.,2026-07-31T00:00:00+02:00,25398002,0
3074,Germán V.,2026-08-01T00:00:00+02:00,25135277,0
3074,Germán V.,2026-08-02T00:00:00+02:00,24902715,0
3074,Germán V.,2026-08-03T00:00:00+02:00,24658297,0
3074,Germán V.,2026-08-04T00:00:00+02:00,24511677,0
3074,Germán V.,2026-08-05T00:00:00+02:00,24373418,0
3074,Germán V.,2026-08-06T00:00:00+02:00,24193917,0
3074,Germán V.,2026-08-07T00:00:00+02:00,23967476,0
3074,Germán V.,2026-08-08T00:00:00+02:00,23830886,0
3074,Germán V.,2026-08-09T00:00:00+02:00,23705315,0
3074,Germán V.,2026-08-10T00:00:00+02:00,23608513,0
3074,Germán V.,2026-08-11T00:00:00+02:00,23557965,0
3074,Germán V.,2026-08-12T00:00:00+02:00,23433756,0
3074,Germán V.,2026-08-13T00:00:00+02:00,23326299,0
3074,Germán V.,2026-08-14T00:00:00+02:00,23247130,0
3074,Germán V.,2026-08-15T00:00:00+02:00,23271212,0
3074,Germán V.,2026-08-16T00:00:00+02:00,23302377,0
3075,Javi Guerra,2026-07-16T00:00:00+02:00,30000000,0
3075,Javi Guerra,2026-07-17T00:00:00+02:00,29024006,0
3075,Javi Guerra,2026-07-18T00:00:00+02:00,28469627,0
3075,Javi Guerra,2026-07-19T00:00:00+02:00,28302790,0
3075,Javi Guerra,2026-07-20T00:00:00+02:00,28156885,0
3075,Javi Guerra,2026-07-21T00:00:00+02:00,28014374,0
3075,Javi Guerra,2026-07-22T00:00:00+02:00,27623523,0
3075,Javi Guerra,2026-07-23T00:00:00+02:00,27285999,0
3075,Javi Guerra,2026-07-24T00:00:00+02:00,26990372,0
3075,Javi Guerra,2026-07-25T00:00:00+02:00,26844582,0
3075,Javi Guerra,2026-07-26T00:00:00+02:00,26741415,0
3075,Javi Guerra,2026-07-27T00:00:00+02:00,26611991,0
3075,Javi Guerra,2026-07-28T00:00:00+02:00,26469827,0
3075,Javi Guerra,2026-07-29T00:00:00+02:00,26137376,0
3075,Javi Guerra,2026-07-30T00:00:00+02:00,25810407,0
3075,Javi Guerra,2026-07-31T00:00:00+02:00,25495429,0
3075,Javi Guerra,2026-08-01T00:00:00+02:00,25304928,0
3075,Javi Guerra,2026-08-02T00:00:00+02:00,25175760,0
3075,Javi Guerra,2026-08-03T00:00:00+02:00,24985507,0
3075,Javi Guerra,2026-08-04T00:00:00+02:00,24812216,0
3075,Javi Guerra,2026-08-05T00:00:00+02:00,24653590,0
3075,Javi Guerra,2026-08-06T00:00:00+02:00,24427838,0
3075,Javi Guerra,2026-08-07T00:00:00+02:00,24315530,0
3075,Javi Guerra,2026-08-08T00:00:00+02:00,24215638,0
3075,Javi Guerra,2026-08-09T00:00:00+02:00,24119208,0
3075,Javi Guerra,2026-08-10T00:00:00+02:00,24014228,0
3075,Javi Guerra,2026-08-11T00:00:00+02:00,23933649,0
3075,Javi Guerra,2026-08-12T00:00:00+02:00,23905344,0
3075,Javi Guerra,2026-08-13T00:00:00+02:00,23861700,0
3075,Javi Guerra,2026-08-14T00:00:00+02:00,23874355,0
3075,Javi Guerra,2026-08-15T00:00:00+02:00,24015274,0
3075,Javi Guerra,2026-08-16T00:00:00+02:00,24183434,0
3077,Edu Expósito,2026-07-17T00:00:00+02:00,35000000,0
3077,Edu Expósito,2026-07-18T00:00:00+02:00,33867531,0
3077,Edu Expósito,2026-07-19T00:00:00+02:00,33379464,0
3077,Edu Expósito,2026-07-20T00:00:00+02:00,32951379,0
3077,Edu Expósito,2026-07-21T00:00:00+02:00,32553113,0
3077,Edu Expósito,2026-07-22T00:00:00+02:00,31964739,0
3077,Edu Expósito,2026-07-23T00:00:00+02:00,31504280,0
3077,Edu Expósito,2026-07-24T00:00:00+02:00,31058184,0
3077,Edu Expósito,2026-07-25T00:00:00+02:00,30612976,0
3077,Edu Expósito,2026-07-26T00:00:00+02:00,30233012,0
3077,Edu Expósito,2026-07-27T00:00:00+02:00,29795180,0
3077,Edu Expósito,2026-07-28T00:00:00+02:00,29463976,0
3077,Edu Expósito,2026-07-29T00:00:00+02:00,29102490,0
3077,Edu Expósito,2026-07-30T00:00:00+02:00,28869789,0
3077,Edu Expósito,2026-07-31T00:00:00+02:00,28509149,0
3077,Edu Expósito,2026-08-01T00:00:00+02:00,28141680,0
3077,Edu Expósito,2026-08-02T00:00:00+02:00,27844014,0
3077,Edu Expósito,2026-08-03T00:00:00+02:00,27560571,0
3077,Edu Expósito,2026-08-04T00:00:00+02:00,27360187,0
3077,Edu Expósito,2026-08-05T00:00:00+02:00,27143472,0
3077,Edu Expósito,2026-08-06T00:00:00+02:00,26965512,0
3077,Edu Expósito,2026-08-07T00:00:00+02:00,26829285,0
3077,Edu Expósito,2026-08-08T00:00:00+02:00,26783208,0
3077,Edu Expósito,2026-08-09T00:00:00+02:00,26809447,0
3077,Edu Expósito,2026-08-10T00:00:00+02:00,26993981,0
3077,Edu Expósito,2026-08-11T00:00:00+02:00,27383463,0
3077,Edu Expósito,2026-08-12T00:00:00+02:00,27857784,0
3077,Edu Expósito,2026-08-13T00:00:00+02:00,28240301,0
3077,Edu Expósito,2026-08-14T00:00:00+02:00,28669705,0
3077,Edu Expósito,2026-08-15T00:00:00+02:00,29077401,0
3077,Edu Expósito,2026-08-16T00:00:00+02:00,29422533,0
3086,Moleiro,2026-07-21T00:00:00+02:00,67000000,0
3086,Moleiro,2026-07-22T00:00:00+02:00,64765397,0
3086,Moleiro,2026-07-23T00:00:00+02:00,63913434,0
3086,Moleiro,2026-07-24T00:00:00+02:00,63080402,0
3086,Moleiro,2026-07-25T00:00:00+02:00,62417215,0
3086,Moleiro,2026-07-26T00:00:00+02:00,61590139,0
3086,Moleiro,2026-07-27T00:00:00+02:00,60746783,0
3086,Moleiro,2026-07-28T00:00:00+02:00,60002130,0
3086,Moleiro,2026-07-29T00:00:00+02:00,59087778,0
3086,Moleiro,2026-07-30T00:00:00+02:00,58342067,0
3086,Moleiro,2026-07-31T00:00:00+02:00,57775001,0
3086,Moleiro,2026-08-01T00:00:00+02:00,57421749,0
3086,Moleiro,2026-08-02T00:00:00+02:00,57113378,0
3086,Moleiro,2026-08-03T00:00:00+02:00,56927162,0
3086,Moleiro,2026-08-04T00:00:00+02:00,56829469,0
3086,Moleiro,2026-08-05T00:00:00+02:00,56859840,0
3086,Moleiro,2026-08-06T00:00:00+02:00,57196057,0
3086,Moleiro,2026-08-07T00:00:00+02:00,58094840,0
3086,Moleiro,2026-08-08T00:00:00+02:00,59395168,0
3086,Moleiro,2026-08-09T00:00:00+02:00,60807485,0
3086,Moleiro,2026-08-10T00:00:00+02:00,62302917,0
3086,Moleiro,2026-08-11T00:00:00+02:00,63842453,0
3086,Moleiro,2026-08-12T00:00:00+02:00,65054635,0
3086,Moleiro,2026-08-13T00:00:00+02:00,65885435,0
3086,Moleiro,2026-08-14T00:00:00+02:00,66601058,0
3086,Moleiro,2026-08-15T00:00:00+02:00,67114242,0
3086,Moleiro,2026-08-16T00:00:00+02:00,67400520,0
3090,Isco,2026-07-22T00:00:00+02:00,87436369,0
3090,Isco,2026-07-23T00:00:00+02:00,84588027,0
3090,Isco,2026-07-24T00:00:00+02:00,82729704,0
3090,Isco,2026-07-25T00:00:00+02:00,80715375,0
3090,Isco,2026-07-26T00:00:00+02:00,78538268,0
3090,Isco,2026-07-27T00:00:00+02:00,76398770,0
3090,Isco,2026-07-28T00:00:00+02:00,74266154,0
3090,Isco,2026-07-29T00:00:00+02:00,72111447,0
3090,Isco,2026-07-30T00:00:00+02:00,70032637,0
3090,Isco,2026-07-31T00:00:00+02:00,67992407,0
3090,Isco,2026-08-01T00:00:00+02:00,66125701,0
3090,Isco,2026-08-02T00:00:00+02:00,64547523,0
3090,Isco,2026-08-03T00:00:00+02:00,63406452,0
3090,Isco,2026-08-04T00:00:00+02:00,62338717,0
3090,Isco,2026-08-05T00:00:00+02:00,61168521,0
3090,Isco,2026-08-06T00:00:00+02:00,60189343,0
3090,Isco,2026-08-07T00:00:00+02:00,59291953,0
3090,Isco,2026-08-08T00:00:00+02:00,58618106,0
3090,Isco,2026-08-09T00:00:00+02:00,58057417,0
3090,Isco,2026-08-10T00:00:00+02:00,57538506,0
3090,Isco,2026-08-11T00:00:00+02:00,57066183,0
3090,Isco,2026-08-12T00:00:00+02:00,56665486,0
3090,Isco,2026-08-13T00:00:00+02:00,56063713,0
3090,Isco,2026-08-14T00:00:00+02:00,55578107,0
3090,Isco,2026-08-15T00:00:00+02:00,55169530,0
3090,Isco,2026-08-16T00:00:00+02:00,54899202,0
3092,Olmo,2026-07-22T00:00:00+02:00,93010437,0
3092,Olmo,2026-07-23T00:00:00+02:00,89980513,0
3092,Olmo,2026-07-24T00:00:00+02:00,88286882,0
3092,Olmo,2026-07-25T00:00:00+02:00,86964929,0
3092,Olmo,2026-07-26T00:00:00+02:00,85800171,0
3092,Olmo,2026-07-27T00:00:00+02:00,84336447,0
3092,Olmo,2026-07-28T00:00:00+02:00,82887381,0
3092,Olmo,2026-07-29T00:00:00+02:00,81292620,0
3092,Olmo,2026-07-30T00:00:00+02:00,79905698,0
3092,Olmo,2026-07-31T00:00:00+02:00,78438010,0
3092,Olmo,2026-08-01T00:00:00+02:00,77069894,0
3092,Olmo,2026-08-02T00:00:00+02:00,75965119,0
3092,Olmo,2026-08-03T00:00:00+02:00,74641507,0
3092,Olmo,2026-08-04T00:00:00+02:00,73437230,0
3092,Olmo,2026-08-05T00:00:00+02:00,72138074,0
3092,Olmo,2026-08-06T00:00:00+02:00,70756866,0
3092,Olmo,2026-08-07T00:00:00+02:00,69398285,0
3092,Olmo,2026-08-08T00:00:00+02:00,68451161,0
3092,Olmo,2026-08-09T00:00:00+02:00,67652155,0
3092,Olmo,2026-08-10T00:00:00+02:00,66836129,0
3092,Olmo,2026-08-11T00:00:00+02:00,66107571,0
3092,Olmo,2026-08-12T00:00:00+02:00,65251133,0
3092,Olmo,2026-08-13T00:00:00+02:00,64395497,0
3092,Olmo,2026-08-14T00:00:00+02:00,63515814,0
3092,Olmo,2026-08-15T00:00:00+02:00,62894896,0
3092,Olmo,2026-08-16T00:00:00+02:00,62376614,0
3099,Fornals,2026-07-23T00:00:00+02:00,89600000,0
3099,Fornals,2026-07-24T00:00:00+02:00,86638590,0
3099,Fornals,2026-07-25T00:00:00+02:00,84659527,0
3099,Fornals,2026-07-26T00:00:00+02:00,82655794,0
3099,Fornals,2026-07-27T00:00:00+02:00,80594553,0
3099,Fornals,2026-07-28T00:00:00+02:00,78585657,0
3099,Fornals,2026-07-29T00:00:00+02:00,76494352,0
3099,Fornals,2026-07-30T00:00:00+02:00,74626418,0
3099,Fornals,2026-07-31T00:00:00+02:00,72805394,0
3099,Fornals,2026-08-01T00:00:00+02:00,71157995,0
3099,Fornals,2026-08-02T00:00:00+02:00,69588408,0
3099,Fornals,2026-08-03T00:00:00+02:00,68100678,0
3099,Fornals,2026-08-04T00:00:00+02:00,66748655,0
3099,Fornals,2026-08-05T00:00:00+02:00,65493552,0
3099,Fornals,2026-08-06T00:00:00+02:00,64271891,0
3099,Fornals,2026-08-07T00:00:00+02:00,63249213,0
3099,Fornals,2026-08-08T00:00:00+02:00,62404966,0
3099,Fornals,2026-08-09T00:00:00+02:00,61615253,0
3099,Fornals,2026-08-10T00:00:00+02:00,60822156,0
3099,Fornals,2026-08-11T00:00:00+02:00,60136841,0
3099,Fornals,2026-08-12T00:00:00+02:00,59494647,0
3099,Fornals,2026-08-13T00:00:00+02:00,58769728,0
3099,Fornals,2026-08-14T00:00:00+02:00,58220110,0
3099,Fornals,2026-08-15T00:00:00+02:00,57927383,0
3099,Fornals,2026-08-16T00:00:00+02:00,57625840,0
3100,Pedri,2026-07-23T00:00:00+02:00,110000000,0
3100,Pedri,2026-07-24T00:00:00+02:00,106364341,0
3100,Pedri,2026-07-25T00:00:00+02:00,105476810,0
3100,Pedri,2026-07-26T00:00:00+02:00,104667708,0
3100,Pedri,2026-07-27T00:00:00+02:00,103707956,0
3100,Pedri,2026-07-28T00:00:00+02:00,102785966,0
3100,Pedri,2026-07-29T00:00:00+02:00,101517980,0
3100,Pedri,2026-07-30T00:00:00+02:00,100176733,0
3100,Pedri,2026-07-31T00:00:00+02:00,98881597,0
3100,Pedri,2026-08-01T00:00:00+02:00,97918878,0
3100,Pedri,2026-08-02T00:00:00+02:00,96977067,0
3100,Pedri,2026-08-03T00:00:00+02:00,96076629,0
3100,Pedri,2026-08-04T00:00:00+02:00,95137524,0
3100,Pedri,2026-08-05T00:00:00+02:00,94218096,0
3100,Pedri,2026-08-06T00:00:00+02:00,93048164,0
3100,Pedri,2026-08-07T00:00:00+02:00,92115602,0
3100,Pedri,2026-08-08T00:00:00+02:00,91323618,0
3100,Pedri,2026-08-09T00:00:00+02:00,90701113,0
3100,Pedri,2026-08-10T00:00:00+02:00,90186557,0
3100,Pedri,2026-08-11T00:00:00+02:00,89478794,0
3100,Pedri,2026-08-12T00:00:00+02:00,88818261,0
3100,Pedri,2026-08-13T00:00:00+02:00,88257793,0
3100,Pedri,2026-08-14T00:00:00+02:00,87993608,0
3100,Pedri,2026-08-15T00:00:00+02:00,88276911,0
3100,Pedri,2026-08-16T00:00:00+02:00,88567616,0
3101,Bellingham,2026-07-23T00:00:00+02:00,110000000,0
3101,Bellingham,2026-07-24T00:00:00+02:00,106364341,0
3101,Bellingham,2026-07-25T00:00:00+02:00,105295110,0
3101,Bellingham,2026-07-26T00:00:00+02:00,104596042,0
3101,Bellingham,2026-07-27T00:00:00+02:00,103613643,0
3101,Bellingham,2026-07-28T00:00:00+02:00,102665173,0
3101,Bellingham,2026-07-29T00:00:00+02:00,101376241,0
3101,Bellingham,2026-07-30T00:00:00+02:00,100271707,0
3101,Bellingham,2026-07-31T00:00:00+02:00,98962198,0
3101,Bellingham,2026-08-01T00:00:00+02:00,98052217,0
3101,Bellingham,2026-08-02T00:00:00+02:00,97292099,0
3101,Bellingham,2026-08-03T00:00:00+02:00,96407927,0
3101,Bellingham,2026-08-04T00:00:00+02:00,95562645,0
3101,Bellingham,2026-08-05T00:00:00+02:00,94679226,0
3101,Bellingham,2026-08-06T00:00:00+02:00,93801777,0
3101,Bellingham,2026-08-07T00:00:00+02:00,92992222,0
3101,Bellingham,2026-08-08T00:00:00+02:00,92231283,0
3101,Bellingham,2026-08-09T00:00:00+02:00,91778792,0
3101,Bellingham,2026-08-10T00:00:00+02:00,91183348,0
3101,Bellingham,2026-08-11T00:00:00+02:00,90596807,0
3101,Bellingham,2026-08-12T00:00:00+02:00,89811185,0
3101,Bellingham,2026-08-13T00:00:00+02:00,88946589,0
3101,Bellingham,2026-08-14T00:00:00+02:00,88445816,0
3101,Bellingham,2026-08-15T00:00:00+02:00,88600680,0
3101,Bellingham,2026-08-16T00:00:00+02:00,88904293,0
3114,Hjulmand,2026-07-31T00:00:00+02:00,36288484,0
3114,Hjulmand,2026-08-01T00:00:00+02:00,35093399,0
3114,Hjulmand,2026-08-02T00:00:00+02:00,34570411,0
3114,Hjulmand,2026-08-03T00:00:00+02:00,34251581,0
3114,Hjulmand,2026-08-04T00:00:00+02:00,34022740,0
3114,Hjulmand,2026-08-05T00:00:00+02:00,33758449,0
3114,Hjulmand,2026-08-06T00:00:00+02:00,33461377,0
3114,Hjulmand,2026-08-07T00:00:00+02:00,33229371,0
3114,Hjulmand,2026-08-08T00:00:00+02:00,33193432,0
3114,Hjulmand,2026-08-09T00:00:00+02:00,33231873,0
3114,Hjulmand,2026-08-10T00:00:00+02:00,33433073,0
3114,Hjulmand,2026-08-11T00:00:00+02:00,33932518,0
3114,Hjulmand,2026-08-12T00:00:00+02:00,34580802,0
3114,Hjulmand,2026-08-13T00:00:00+02:00,35128742,0
3114,Hjulmand,2026-08-14T00:00:00+02:00,35842660,0
3114,Hjulmand,2026-08-15T00:00:00+02:00,36247742,0
3114,Hjulmand,2026-08-16T00:00:00+02:00,36575212,0
3116,Bernardo Silva,2026-08-03T00:00:00+02:00,39968102,0
3116,Bernardo Silva,2026-08-04T00:00:00+02:00,38644023,0
3116,Bernardo Silva,2026-08-05T00:00:00+02:00,38947091,0
3116,Bernardo Silva,2026-08-06T00:00:00+02:00,39808690,0
3116,Bernardo Silva,2026-08-07T00:00:00+02:00,41021157,0
3116,Bernardo Silva,2026-08-08T00:00:00+02:00,42695953,0
3116,Bernardo Silva,2026-08-09T00:00:00+02:00,44401859,0
3116,Bernardo Silva,2026-08-10T00:00:00+02:00,46105845,0
3116,Bernardo Silva,2026-08-11T00:00:00+02:00,47971362,0
3116,Bernardo Silva,2026-08-12T00:00:00+02:00,49596623,0
3116,Bernardo Silva,2026-08-13T00:00:00+02:00,50951490,0
3116,Bernardo Silva,2026-08-14T00:00:00+02:00,52425963,0
3116,Bernardo Silva,2026-08-15T00:00:00+02:00,53669837,0
3116,Bernardo Silva,2026-08-16T00:00:00+02:00,54626441,0
3119,Amatucci,2026-08-06T00:00:00+02:00,12571740,0
3119,Amatucci,2026-08-07T00:00:00+02:00,12153437,0
3119,Amatucci,2026-08-08T00:00:00+02:00,12051258,0
3119,Amatucci,2026-08-09T00:00:00+02:00,12010475,0
3119,Amatucci,2026-08-10T00:00:00+02:00,11985557,0
3119,Amatucci,2026-08-11T00:00:00+02:00,12044119,0
3119,Amatucci,2026-08-12T00:00:00+02:00,12167399,0
3119,Amatucci,2026-08-13T00:00:00+02:00,12298952,0
3119,Amatucci,2026-08-14T00:00:00+02:00,12513288,0
3119,Amatucci,2026-08-15T00:00:00+02:00,12835554,0
3119,Amatucci,2026-08-16T00:00:00+02:00,13028381,0
3121,Dieng,2026-08-06T00:00:00+02:00,5684613,0
3121,Dieng,2026-08-07T00:00:00+02:00,5495365,0
3121,Dieng,2026-08-08T00:00:00+02:00,5400234,0
3121,Dieng,2026-08-09T00:00:00+02:00,5314594,0
3121,Dieng,2026-08-10T00:00:00+02:00,5216586,0
3121,Dieng,2026-08-11T00:00:00+02:00,5104580,0
3121,Dieng,2026-08-12T00:00:00+02:00,5007317,0
3121,Dieng,2026-08-13T00:00:00+02:00,4902368,0
3121,Dieng,2026-08-14T00:00:00+02:00,4800577,0
3121,Dieng,2026-08-15T00:00:00+02:00,4698599,0
3121,Dieng,2026-08-16T00:00:00+02:00,4596041,0
3125,Canales,2026-08-07T00:00:00+02:00,19148073,0
3125,Canales,2026-08-08T00:00:00+02:00,18515784,0
3125,Canales,2026-08-09T00:00:00+02:00,18770675,0
3125,Canales,2026-08-10T00:00:00+02:00,19400649,0
3125,Canales,2026-08-11T00:00:00+02:00,20187339,0
3125,Canales,2026-08-12T00:00:00+02:00,21062228,0
3125,Canales,2026-08-13T00:00:00+02:00,21747369,0
3125,Canales,2026-08-14T00:00:00+02:00,22571676,0
3125,Canales,2026-08-15T00:00:00+02:00,23158447,0
3125,Canales,2026-08-16T00:00:00+02:00,23589445,0
3127,Moscardo,2026-08-07T00:00:00+02:00,11500000,0
3127,Moscardo,2026-08-08T00:00:00+02:00,11119925,0
3127,Moscardo,2026-08-09T00:00:00+02:00,10855088,0
3127,Moscardo,2026-08-10T00:00:00+02:00,10609746,0
3127,Moscardo,2026-08-11T00:00:00+02:00,10365739,0
3127,Moscardo,2026-08-12T00:00:00+02:00,10125798,0
3127,Moscardo,2026-08-13T00:00:00+02:00,9884379,0
3127,Moscardo,2026-08-14T00:00:00+02:00,9644430,0
3127,Moscardo,2026-08-15T00:00:00+02:00,9450770,0
3127,Moscardo,2026-08-16T00:00:00+02:00,9249675,0
3128,Guido Rodríguez,2026-08-07T00:00:00+02:00,28500000,0
3128,Guido Rodríguez,2026-08-08T00:00:00+02:00,27558075,0
3128,Guido Rodríguez,2026-08-09T00:00:00+02:00,27106409,0
3128,Guido Rodríguez,2026-08-10T00:00:00+02:00,26805910,0
3128,Guido Rodríguez,2026-08-11T00:00:00+02:00,26535773,0
3128,Guido Rodríguez,2026-08-12T00:00:00+02:00,26301419,0
3128,Guido Rodríguez,2026-08-13T00:00:00+02:00,26055758,0
3128,Guido Rodríguez,2026-08-14T00:00:00+02:00,25866431,0
3128,Guido Rodríguez,2026-08-15T00:00:00+02:00,25736116,0
3128,Guido Rodríguez,2026-08-16T00:00:00+02:00,25562022,0
3133,Orel Mangala,2026-08-13T00:00:00+02:00,11396716,0
3133,Orel Mangala,2026-08-14T00:00:00+02:00,11008575,0
3133,Orel Mangala,2026-08-15T00:00:00+02:00,10919384,0
3133,Orel Mangala,2026-08-16T00:00:00+02:00,10834354,0
3135,Andres Garcia,2026-08-13T00:00:00+02:00,9225913,0
3135,Andres Garcia,2026-08-14T00:00:00+02:00,8911534,0
3135,Andres Garcia,2026-08-15T00:00:00+02:00,8942502,0
3135,Andres Garcia,2026-08-16T00:00:00+02:00,8961060,0
3136,Neyou,2026-08-13T00:00:00+02:00,3256204,0
3136,Neyou,2026-08-14T00:00:00+02:00,3145194,0
3136,Neyou,2026-08-15T00:00:00+02:00,3093734,0
3136,Neyou,2026-08-16T00:00:00+02:00,3034256,0
3140,Juan Cruz,2026-08-13T00:00:00+02:00,16281023,0
3140,Juan Cruz,2026-08-14T00:00:00+02:00,15725973,0
3140,Juan Cruz,2026-08-15T00:00:00+02:00,15652260,0
3140,Juan Cruz,2026-08-16T00:00:00+02:00,15569632,0
3144,Mikel Rodriguez,2026-08-13T00:00:00+02:00,868321,0
3144,Mikel Rodriguez,2026-08-14T00:00:00+02:00,845404,0
3144,Mikel Rodriguez,2026-08-15T00:00:00+02:00,834395,0
3144,Mikel Rodriguez,2026-08-16T00:00:00+02:00,820959,0
3148,Asp Jensen,2026-08-14T00:00:00+02:00,6684617,0
3148,Asp Jensen,2026-08-15T00:00:00+02:00,6460588,0
3148,Asp Jensen,2026-08-16T00:00:00+02:00,6348019,0
3151,Buonanotte,2026-08-14T00:00:00+02:00,7331515,0
3151,Buonanotte,2026-08-15T00:00:00+02:00,7085805,0
3151,Buonanotte,2026-08-16T00:00:00+02:00,6949833,0
91,Iñaki Williams,2026-06-29T00:00:00+02:00,21800000,0
91,Iñaki Williams,2026-06-30T00:00:00+02:00,21800000,0
91,Iñaki Williams,2026-07-01T00:00:00+02:00,21800000,0
91,Iñaki Williams,2026-07-02T00:00:00+02:00,21800000,0
91,Iñaki Williams,2026-07-03T00:00:00+02:00,21810354,0
91,Iñaki Williams,2026-07-04T00:00:00+02:00,21835664,0
91,Iñaki Williams,2026-07-05T00:00:00+02:00,21857236,0
91,Iñaki Williams,2026-07-06T00:00:00+02:00,21884222,0
91,Iñaki Williams,2026-07-07T00:00:00+02:00,21883091,0
91,Iñaki Williams,2026-07-08T00:00:00+02:00,21539231,0
91,Iñaki Williams,2026-07-09T00:00:00+02:00,21544451,0
91,Iñaki Williams,2026-07-10T00:00:00+02:00,21768236,0
91,Iñaki Williams,2026-07-11T00:00:00+02:00,21874957,0
91,Iñaki Williams,2026-07-12T00:00:00+02:00,21970150,0
91,Iñaki Williams,2026-07-13T00:00:00+02:00,22138176,0
91,Iñaki Williams,2026-07-14T00:00:00+02:00,22234044,0
91,Iñaki Williams,2026-07-15T00:00:00+02:00,22515860,0
91,Iñaki Williams,2026-07-16T00:00:00+02:00,22642189,0
91,Iñaki Williams,2026-07-17T00:00:00+02:00,22918256,0
91,Iñaki Williams,2026-07-18T00:00:00+02:00,23238960,0
91,Iñaki Williams,2026-07-19T00:00:00+02:00,23572917,0
91,Iñaki Williams,2026-07-20T00:00:00+02:00,23868802,0
91,Iñaki Williams,2026-07-21T00:00:00+02:00,24128692,0
91,Iñaki Williams,2026-07-22T00:00:00+02:00,24161031,0
91,Iñaki Williams,2026-07-23T00:00:00+02:00,24693923,0
91,Iñaki Williams,2026-07-24T00:00:00+02:00,25157754,0
91,Iñaki Williams,2026-07-25T00:00:00+02:00,25608633,0
91,Iñaki Williams,2026-07-26T00:00:00+02:00,26221616,0
91,Iñaki Williams,2026-07-27T00:00:00+02:00,26651386,0
91,Iñaki Williams,2026-07-28T00:00:00+02:00,27194927,0
91,Iñaki Williams,2026-07-29T00:00:00+02:00,27636637,0
91,Iñaki Williams,2026-07-30T00:00:00+02:00,28306396,0
91,Iñaki Williams,2026-07-31T00:00:00+02:00,28629514,0
91,Iñaki Williams,2026-08-01T00:00:00+02:00,29047660,0
91,Iñaki Williams,2026-08-02T00:00:00+02:00,29368013,0
91,Iñaki Williams,2026-08-03T00:00:00+02:00,29683242,0
91,Iñaki Williams,2026-08-04T00:00:00+02:00,29954002,0
91,Iñaki Williams,2026-08-05T00:00:00+02:00,30142327,0
91,Iñaki Williams,2026-08-06T00:00:00+02:00,30191225,0
91,Iñaki Williams,2026-08-07T00:00:00+02:00,30028752,0
91,Iñaki Williams,2026-08-08T00:00:00+02:00,29709436,0
91,Iñaki Williams,2026-08-09T00:00:00+02:00,29342424,0
91,Iñaki Williams,2026-08-10T00:00:00+02:00,28938564,0
91,Iñaki Williams,2026-08-11T00:00:00+02:00,28532548,0
91,Iñaki Williams,2026-08-12T00:00:00+02:00,28212056,0
91,Iñaki Williams,2026-08-13T00:00:00+02:00,27853779,0
91,Iñaki Williams,2026-08-14T00:00:00+02:00,27612615,0
91,Iñaki Williams,2026-08-15T00:00:00+02:00,27468602,0
91,Iñaki Williams,2026-08-16T00:00:00+02:00,27360660,0
356,Gerard,2026-06-29T00:00:00+02:00,40000000,0
356,Gerard,2026-06-30T00:00:00+02:00,40000000,0
356,Gerard,2026-07-01T00:00:00+02:00,40000000,0
356,Gerard,2026-07-02T00:00:00+02:00,40000000,0
356,Gerard,2026-07-03T00:00:00+02:00,40018999,0
356,Gerard,2026-07-04T00:00:00+02:00,40065439,0
356,Gerard,2026-07-05T00:00:00+02:00,40105021,0
356,Gerard,2026-07-06T00:00:00+02:00,40154536,0
356,Gerard,2026-07-07T00:00:00+02:00,40152462,0
356,Gerard,2026-07-08T00:00:00+02:00,39750155,0
356,Gerard,2026-07-09T00:00:00+02:00,39653595,0
356,Gerard,2026-07-10T00:00:00+02:00,39469984,0
356,Gerard,2026-07-11T00:00:00+02:00,39130534,0
356,Gerard,2026-07-12T00:00:00+02:00,38884499,0
356,Gerard,2026-07-13T00:00:00+02:00,38466825,0
356,Gerard,2026-07-14T00:00:00+02:00,37871794,0
356,Gerard,2026-07-15T00:00:00+02:00,37488285,0
356,Gerard,2026-07-16T00:00:00+02:00,37181456,0
356,Gerard,2026-07-17T00:00:00+02:00,36857004,0
356,Gerard,2026-07-18T00:00:00+02:00,36385941,0
356,Gerard,2026-07-19T00:00:00+02:00,35934439,0
356,Gerard,2026-07-20T00:00:00+02:00,35482185,0
356,Gerard,2026-07-21T00:00:00+02:00,35102909,0
356,Gerard,2026-07-22T00:00:00+02:00,34361294,0
356,Gerard,2026-07-23T00:00:00+02:00,33944604,0
356,Gerard,2026-07-24T00:00:00+02:00,33447344,0
356,Gerard,2026-07-25T00:00:00+02:00,33058784,0
356,Gerard,2026-07-26T00:00:00+02:00,32689007,0
356,Gerard,2026-07-27T00:00:00+02:00,32292523,0
356,Gerard,2026-07-28T00:00:00+02:00,31997630,0
356,Gerard,2026-07-29T00:00:00+02:00,31599575,0
356,Gerard,2026-07-30T00:00:00+02:00,31221164,0
356,Gerard,2026-07-31T00:00:00+02:00,30893163,0
356,Gerard,2026-08-01T00:00:00+02:00,30524964,0
356,Gerard,2026-08-02T00:00:00+02:00,30228973,0
356,Gerard,2026-08-03T00:00:00+02:00,29906004,0
356,Gerard,2026-08-04T00:00:00+02:00,29733543,0
356,Gerard,2026-08-05T00:00:00+02:00,29595585,0
356,Gerard,2026-08-06T00:00:00+02:00,29384057,0
356,Gerard,2026-08-07T00:00:00+02:00,29209666,0
356,Gerard,2026-08-08T00:00:00+02:00,29114959,0
356,Gerard,2026-08-09T00:00:00+02:00,29054020,0
356,Gerard,2026-08-10T00:00:00+02:00,28914641,0
356,Gerard,2026-08-11T00:00:00+02:00,28647254,0
356,Gerard,2026-08-12T00:00:00+02:00,28411698,0
356,Gerard,2026-08-13T00:00:00+02:00,28148614,0
356,Gerard,2026-08-14T00:00:00+02:00,27950576,0
356,Gerard,2026-08-15T00:00:00+02:00,27913814,0
356,Gerard,2026-08-16T00:00:00+02:00,27943029,0
886,De Frutos,2026-06-29T00:00:00+02:00,25000000,0
886,De Frutos,2026-06-30T00:00:00+02:00,25000000,0
886,De Frutos,2026-07-01T00:00:00+02:00,25000000,0
886,De Frutos,2026-07-02T00:00:00+02:00,25000000,0
886,De Frutos,2026-07-03T00:00:00+02:00,25011874,0
886,De Frutos,2026-07-04T00:00:00+02:00,25040899,0
886,De Frutos,2026-07-05T00:00:00+02:00,25065638,0
886,De Frutos,2026-07-06T00:00:00+02:00,25096585,0
886,De Frutos,2026-07-07T00:00:00+02:00,25095288,0
886,De Frutos,2026-07-08T00:00:00+02:00,25461328,0
886,De Frutos,2026-07-09T00:00:00+02:00,25582404,0
886,De Frutos,2026-07-10T00:00:00+02:00,25705125,0
886,De Frutos,2026-07-11T00:00:00+02:00,25952628,0
886,De Frutos,2026-07-12T00:00:00+02:00,26582428,0
886,De Frutos,2026-07-13T00:00:00+02:00,27133917,0
886,De Frutos,2026-07-14T00:00:00+02:00,28190883,0
886,De Frutos,2026-07-15T00:00:00+02:00,29227573,0
886,De Frutos,2026-07-16T00:00:00+02:00,29876918,0
886,De Frutos,2026-07-17T00:00:00+02:00,30872223,0
886,De Frutos,2026-07-18T00:00:00+02:00,31681448,0
886,De Frutos,2026-07-19T00:00:00+02:00,32687086,0
886,De Frutos,2026-07-20T00:00:00+02:00,33431171,0
886,De Frutos,2026-07-21T00:00:00+02:00,34542726,0
886,De Frutos,2026-07-22T00:00:00+02:00,34944215,0
886,De Frutos,2026-07-23T00:00:00+02:00,35917290,0
886,De Frutos,2026-07-24T00:00:00+02:00,36703377,0
886,De Frutos,2026-07-25T00:00:00+02:00,37830934,0
886,De Frutos,2026-07-26T00:00:00+02:00,38901632,0
886,De Frutos,2026-07-27T00:00:00+02:00,39731978,0
886,De Frutos,2026-07-28T00:00:00+02:00,40756251,0
886,De Frutos,2026-07-29T00:00:00+02:00,41501439,0
886,De Frutos,2026-07-30T00:00:00+02:00,42555090,0
886,De Frutos,2026-07-31T00:00:00+02:00,43265828,0
886,De Frutos,2026-08-01T00:00:00+02:00,44189007,0
886,De Frutos,2026-08-02T00:00:00+02:00,45229687,0
886,De Frutos,2026-08-03T00:00:00+02:00,46039650,0
886,De Frutos,2026-08-04T00:00:00+02:00,46893865,0
886,De Frutos,2026-08-05T00:00:00+02:00,47686869,0
886,De Frutos,2026-08-06T00:00:00+02:00,48289479,0
886,De Frutos,2026-08-07T00:00:00+02:00,48747303,0
886,De Frutos,2026-08-08T00:00:00+02:00,49241255,0
886,De Frutos,2026-08-09T00:00:00+02:00,49496567,0
886,De Frutos,2026-08-10T00:00:00+02:00,49523730,0
886,De Frutos,2026-08-11T00:00:00+02:00,49277266,0
886,De Frutos,2026-08-12T00:00:00+02:00,48581943,0
886,De Frutos,2026-08-13T00:00:00+02:00,47699572,0
886,De Frutos,2026-08-14T00:00:00+02:00,46920244,0
886,De Frutos,2026-08-15T00:00:00+02:00,46383578,0
886,De Frutos,2026-08-16T00:00:00+02:00,45879388,0
927,Berenguer,2026-06-29T00:00:00+02:00,9300000,0
927,Berenguer,2026-06-30T00:00:00+02:00,9300000,0
927,Berenguer,2026-07-01T00:00:00+02:00,9300000,0
927,Berenguer,2026-07-02T00:00:00+02:00,9300000,0
927,Berenguer,2026-07-03T00:00:00+02:00,9304417,0
927,Berenguer,2026-07-04T00:00:00+02:00,9315214,0
927,Berenguer,2026-07-05T00:00:00+02:00,9324416,0
927,Berenguer,2026-07-06T00:00:00+02:00,9335928,0
927,Berenguer,2026-07-07T00:00:00+02:00,9335445,0
927,Berenguer,2026-07-08T00:00:00+02:00,10107887,0
927,Berenguer,2026-07-09T00:00:00+02:00,10806741,0
927,Berenguer,2026-07-10T00:00:00+02:00,11609055,0
927,Berenguer,2026-07-11T00:00:00+02:00,11957957,0
927,Berenguer,2026-07-12T00:00:00+02:00,12075395,0
927,Berenguer,2026-07-13T00:00:00+02:00,12144569,0
927,Berenguer,2026-07-14T00:00:00+02:00,12124761,0
927,Berenguer,2026-07-15T00:00:00+02:00,12163091,0
927,Berenguer,2026-07-16T00:00:00+02:00,12103779,0
927,Berenguer,2026-07-17T00:00:00+02:00,12056085,0
927,Berenguer,2026-07-18T00:00:00+02:00,11995439,0
927,Berenguer,2026-07-19T00:00:00+02:00,11937637,0
927,Berenguer,2026-07-20T00:00:00+02:00,11823419,0
927,Berenguer,2026-07-21T00:00:00+02:00,11730434,0
927,Berenguer,2026-07-22T00:00:00+02:00,11609296,0
927,Berenguer,2026-07-23T00:00:00+02:00,11501968,0
927,Berenguer,2026-07-24T00:00:00+02:00,11419794,0
927,Berenguer,2026-07-25T00:00:00+02:00,11318184,0
927,Berenguer,2026-07-26T00:00:00+02:00,11254170,0
927,Berenguer,2026-07-27T00:00:00+02:00,11099734,0
927,Berenguer,2026-07-28T00:00:00+02:00,11000606,0
927,Berenguer,2026-07-29T00:00:00+02:00,10825524,0
927,Berenguer,2026-07-30T00:00:00+02:00,10711234,0
927,Berenguer,2026-07-31T00:00:00+02:00,10569983,0
927,Berenguer,2026-08-01T00:00:00+02:00,10449529,0
927,Berenguer,2026-08-02T00:00:00+02:00,10322184,0
927,Berenguer,2026-08-03T00:00:00+02:00,10202515,0
927,Berenguer,2026-08-04T00:00:00+02:00,10093322,0
927,Berenguer,2026-08-05T00:00:00+02:00,9987185,0
927,Berenguer,2026-08-06T00:00:00+02:00,9845439,0
927,Berenguer,2026-08-07T00:00:00+02:00,9692763,0
927,Berenguer,2026-08-08T00:00:00+02:00,9577166,0
927,Berenguer,2026-08-09T00:00:00+02:00,9501410,0
927,Berenguer,2026-08-10T00:00:00+02:00,9432183,0
927,Berenguer,2026-08-11T00:00:00+02:00,9304968,0
927,Berenguer,2026-08-12T00:00:00+02:00,9212613,0
927,Berenguer,2026-08-13T00:00:00+02:00,9086198,0
927,Berenguer,2026-08-14T00:00:00+02:00,9022665,0
927,Berenguer,2026-08-15T00:00:00+02:00,8972250,0
927,Berenguer,2026-08-16T00:00:00+02:00,8930593,0
1191,Hugo Duro,2026-06-29T00:00:00+02:00,12000000,0
1191,Hugo Duro,2026-06-30T00:00:00+02:00,12000000,0
1191,Hugo Duro,2026-07-01T00:00:00+02:00,12000000,0
1191,Hugo Duro,2026-07-02T00:00:00+02:00,12000000,0
1191,Hugo Duro,2026-07-03T00:00:00+02:00,12005699,0
1191,Hugo Duro,2026-07-04T00:00:00+02:00,12019631,0
1191,Hugo Duro,2026-07-05T00:00:00+02:00,12031505,0
1191,Hugo Duro,2026-07-06T00:00:00+02:00,12046359,0
1191,Hugo Duro,2026-07-07T00:00:00+02:00,12045736,0
1191,Hugo Duro,2026-07-08T00:00:00+02:00,11983412,0
1191,Hugo Duro,2026-07-09T00:00:00+02:00,12058781,0
1191,Hugo Duro,2026-07-10T00:00:00+02:00,12208382,0
1191,Hugo Duro,2026-07-11T00:00:00+02:00,12257118,0
1191,Hugo Duro,2026-07-12T00:00:00+02:00,12227442,0
1191,Hugo Duro,2026-07-13T00:00:00+02:00,12101009,0
1191,Hugo Duro,2026-07-14T00:00:00+02:00,11924616,0
1191,Hugo Duro,2026-07-15T00:00:00+02:00,11769874,0
1191,Hugo Duro,2026-07-16T00:00:00+02:00,11570632,0
1191,Hugo Duro,2026-07-17T00:00:00+02:00,11448651,0
1191,Hugo Duro,2026-07-18T00:00:00+02:00,11303406,0
1191,Hugo Duro,2026-07-19T00:00:00+02:00,11130339,0
1191,Hugo Duro,2026-07-20T00:00:00+02:00,10954835,0
1191,Hugo Duro,2026-07-21T00:00:00+02:00,10815528,0
1191,Hugo Duro,2026-07-22T00:00:00+02:00,10616140,0
1191,Hugo Duro,2026-07-23T00:00:00+02:00,10562415,0
1191,Hugo Duro,2026-07-24T00:00:00+02:00,10415871,0
1191,Hugo Duro,2026-07-25T00:00:00+02:00,10302324,0
1191,Hugo Duro,2026-07-26T00:00:00+02:00,10182379,0
1191,Hugo Duro,2026-07-27T00:00:00+02:00,10068791,0
1191,Hugo Duro,2026-07-28T00:00:00+02:00,9926688,0
1191,Hugo Duro,2026-07-29T00:00:00+02:00,9767385,0
1191,Hugo Duro,2026-07-30T00:00:00+02:00,9728914,0
1191,Hugo Duro,2026-07-31T00:00:00+02:00,9600177,0
1191,Hugo Duro,2026-08-01T00:00:00+02:00,9540378,0
1191,Hugo Duro,2026-08-02T00:00:00+02:00,9452400,0
1191,Hugo Duro,2026-08-03T00:00:00+02:00,9370976,0
1191,Hugo Duro,2026-08-04T00:00:00+02:00,9247684,0
1191,Hugo Duro,2026-08-05T00:00:00+02:00,9124100,0
1191,Hugo Duro,2026-08-06T00:00:00+02:00,9003465,0
1191,Hugo Duro,2026-08-07T00:00:00+02:00,8922621,0
1191,Hugo Duro,2026-08-08T00:00:00+02:00,8816248,0
1191,Hugo Duro,2026-08-09T00:00:00+02:00,8729274,0
1191,Hugo Duro,2026-08-10T00:00:00+02:00,8667876,0
1191,Hugo Duro,2026-08-11T00:00:00+02:00,8586172,0
1191,Hugo Duro,2026-08-12T00:00:00+02:00,8534503,0
1191,Hugo Duro,2026-08-13T00:00:00+02:00,8469158,0
1191,Hugo Duro,2026-08-14T00:00:00+02:00,8411254,0
1191,Hugo Duro,2026-08-15T00:00:00+02:00,8441154,0
1191,Hugo Duro,2026-08-16T00:00:00+02:00,8480116,0
1210,Giuliano,2026-06-29T00:00:00+02:00,35000000,0
1210,Giuliano,2026-06-30T00:00:00+02:00,35000000,0
1210,Giuliano,2026-07-01T00:00:00+02:00,35000000,0
1210,Giuliano,2026-07-02T00:00:00+02:00,35000000,0
1210,Giuliano,2026-07-03T00:00:00+02:00,33670831,0
1210,Giuliano,2026-07-04T00:00:00+02:00,33709904,0
1210,Giuliano,2026-07-05T00:00:00+02:00,33743207,0
1210,Giuliano,2026-07-06T00:00:00+02:00,33784868,0
1210,Giuliano,2026-07-07T00:00:00+02:00,33783123,0
1210,Giuliano,2026-07-08T00:00:00+02:00,33749835,0
1210,Giuliano,2026-07-09T00:00:00+02:00,34143778,0
1210,Giuliano,2026-07-10T00:00:00+02:00,34918215,0
1210,Giuliano,2026-07-11T00:00:00+02:00,35663738,0
1210,Giuliano,2026-07-12T00:00:00+02:00,37048284,0
1210,Giuliano,2026-07-13T00:00:00+02:00,37853441,0
1210,Giuliano,2026-07-14T00:00:00+02:00,39248508,0
1210,Giuliano,2026-07-15T00:00:00+02:00,40777606,0
1210,Giuliano,2026-07-16T00:00:00+02:00,42303519,0
1210,Giuliano,2026-07-17T00:00:00+02:00,43725809,0
1210,Giuliano,2026-07-18T00:00:00+02:00,44759159,0
1210,Giuliano,2026-07-19T00:00:00+02:00,46117887,0
1210,Giuliano,2026-07-20T00:00:00+02:00,47576378,0
1210,Giuliano,2026-07-21T00:00:00+02:00,48577381,0
1210,Giuliano,2026-07-22T00:00:00+02:00,49064078,0
1210,Giuliano,2026-07-23T00:00:00+02:00,49952332,0
1210,Giuliano,2026-07-24T00:00:00+02:00,50790084,0
1210,Giuliano,2026-07-25T00:00:00+02:00,51910843,0
1210,Giuliano,2026-07-26T00:00:00+02:00,52837604,0
1210,Giuliano,2026-07-27T00:00:00+02:00,53630137,0
1210,Giuliano,2026-07-28T00:00:00+02:00,54536888,0
1210,Giuliano,2026-07-29T00:00:00+02:00,54825777,0
1210,Giuliano,2026-07-30T00:00:00+02:00,55126167,0
1210,Giuliano,2026-07-31T00:00:00+02:00,55079714,0
1210,Giuliano,2026-08-01T00:00:00+02:00,54686761,0
1210,Giuliano,2026-08-02T00:00:00+02:00,53941039,0
1210,Giuliano,2026-08-03T00:00:00+02:00,53000964,0
1210,Giuliano,2026-08-04T00:00:00+02:00,51966991,0
1210,Giuliano,2026-08-05T00:00:00+02:00,50946319,0
1210,Giuliano,2026-08-06T00:00:00+02:00,49859177,0
1210,Giuliano,2026-08-07T00:00:00+02:00,48869279,0
1210,Giuliano,2026-08-08T00:00:00+02:00,48174448,0
1210,Giuliano,2026-08-09T00:00:00+02:00,47401774,0
1210,Giuliano,2026-08-10T00:00:00+02:00,46684520,0
1210,Giuliano,2026-08-11T00:00:00+02:00,45915068,0
1210,Giuliano,2026-08-12T00:00:00+02:00,45302686,0
1210,Giuliano,2026-08-13T00:00:00+02:00,44652300,0
1210,Giuliano,2026-08-14T00:00:00+02:00,44103765,0
1210,Giuliano,2026-08-15T00:00:00+02:00,43851570,0
1210,Giuliano,2026-08-16T00:00:00+02:00,43571509,0
1260,Diego López,2026-06-29T00:00:00+02:00,6000000,0
1260,Diego López,2026-06-30T00:00:00+02:00,6000000,0
1260,Diego López,2026-07-01T00:00:00+02:00,6000000,0
1260,Diego López,2026-07-02T00:00:00+02:00,6000000,0
1260,Diego López,2026-07-03T00:00:00+02:00,6002849,0
1260,Diego López,2026-07-04T00:00:00+02:00,6009815,0
1260,Diego López,2026-07-05T00:00:00+02:00,6015752,0
1260,Diego López,2026-07-06T00:00:00+02:00,6023179,0
1260,Diego López,2026-07-07T00:00:00+02:00,6022867,0
1260,Diego López,2026-07-08T00:00:00+02:00,6022371,0
1260,Diego López,2026-07-09T00:00:00+02:00,5967689,0
1260,Diego López,2026-07-10T00:00:00+02:00,5926498,0
1260,Diego López,2026-07-11T00:00:00+02:00,5843497,0
1260,Diego López,2026-07-12T00:00:00+02:00,5742973,0
1260,Diego López,2026-07-13T00:00:00+02:00,5636514,0
1260,Diego López,2026-07-14T00:00:00+02:00,5549294,0
1260,Diego López,2026-07-15T00:00:00+02:00,5430740,0
1260,Diego López,2026-07-16T00:00:00+02:00,5311938,0
1260,Diego López,2026-07-17T00:00:00+02:00,5156457,0
1260,Diego López,2026-07-18T00:00:00+02:00,5000981,0
1260,Diego López,2026-07-19T00:00:00+02:00,4853355,0
1260,Diego López,2026-07-20T00:00:00+02:00,4712714,0
1260,Diego López,2026-07-21T00:00:00+02:00,4581694,0
1260,Diego López,2026-07-22T00:00:00+02:00,4447140,0
1260,Diego López,2026-07-23T00:00:00+02:00,4312391,0
1260,Diego López,2026-07-24T00:00:00+02:00,4176366,0
1260,Diego López,2026-07-25T00:00:00+02:00,4056972,0
1260,Diego López,2026-07-26T00:00:00+02:00,3942784,0
1260,Diego López,2026-07-27T00:00:00+02:00,3828124,0
1260,Diego López,2026-07-28T00:00:00+02:00,3718447,0
1260,Diego López,2026-07-29T00:00:00+02:00,3607384,0
1260,Diego López,2026-07-30T00:00:00+02:00,3503427,0
1260,Diego López,2026-07-31T00:00:00+02:00,3398702,0
1260,Diego López,2026-08-01T00:00:00+02:00,3300012,0
1260,Diego López,2026-08-02T00:00:00+02:00,3199843,0
1260,Diego López,2026-08-03T00:00:00+02:00,3104526,0
1260,Diego López,2026-08-04T00:00:00+02:00,3011261,0
1260,Diego López,2026-08-05T00:00:00+02:00,2919222,0
1260,Diego López,2026-08-06T00:00:00+02:00,2827177,0
1260,Diego López,2026-08-07T00:00:00+02:00,2741388,0
1260,Diego López,2026-08-08T00:00:00+02:00,2660364,0
1260,Diego López,2026-08-09T00:00:00+02:00,2580299,0
1260,Diego López,2026-08-10T00:00:00+02:00,2502296,0
1260,Diego López,2026-08-11T00:00:00+02:00,2425775,0
1260,Diego López,2026-08-12T00:00:00+02:00,2351109,0
1260,Diego López,2026-08-13T00:00:00+02:00,2276067,0
1260,Diego López,2026-08-14T00:00:00+02:00,2204114,0
1260,Diego López,2026-08-15T00:00:00+02:00,2137398,0
1260,Diego López,2026-08-16T00:00:00+02:00,2075073,0
1484,Guruzeta,2026-06-29T00:00:00+02:00,13100000,0
1484,Guruzeta,2026-06-30T00:00:00+02:00,13100000,0
1484,Guruzeta,2026-07-01T00:00:00+02:00,13100000,0
1484,Guruzeta,2026-07-02T00:00:00+02:00,13100000,0
1484,Guruzeta,2026-07-03T00:00:00+02:00,13106222,0
1484,Guruzeta,2026-07-04T00:00:00+02:00,13121431,0
1484,Guruzeta,2026-07-05T00:00:00+02:00,13134394,0
1484,Guruzeta,2026-07-06T00:00:00+02:00,13150610,0
1484,Guruzeta,2026-07-07T00:00:00+02:00,13149930,0
1484,Guruzeta,2026-07-08T00:00:00+02:00,13416107,0
1484,Guruzeta,2026-07-09T00:00:00+02:00,13474626,0
1484,Guruzeta,2026-07-10T00:00:00+02:00,13549299,0
1484,Guruzeta,2026-07-11T00:00:00+02:00,13587160,0
1484,Guruzeta,2026-07-12T00:00:00+02:00,13552447,0
1484,Guruzeta,2026-07-13T00:00:00+02:00,13435997,0
1484,Guruzeta,2026-07-14T00:00:00+02:00,13253155,0
1484,Guruzeta,2026-07-15T00:00:00+02:00,13105594,0
1484,Guruzeta,2026-07-16T00:00:00+02:00,12938142,0
1484,Guruzeta,2026-07-17T00:00:00+02:00,12798459,0
1484,Guruzeta,2026-07-18T00:00:00+02:00,12655496,0
1484,Guruzeta,2026-07-19T00:00:00+02:00,12548178,0
1484,Guruzeta,2026-07-20T00:00:00+02:00,12452878,0
1484,Guruzeta,2026-07-21T00:00:00+02:00,12300032,0
1484,Guruzeta,2026-07-22T00:00:00+02:00,12138732,0
1484,Guruzeta,2026-07-23T00:00:00+02:00,12084716,0
1484,Guruzeta,2026-07-24T00:00:00+02:00,12030913,0
1484,Guruzeta,2026-07-25T00:00:00+02:00,11970875,0
1484,Guruzeta,2026-07-26T00:00:00+02:00,11933398,0
1484,Guruzeta,2026-07-27T00:00:00+02:00,11880300,0
1484,Guruzeta,2026-07-28T00:00:00+02:00,11825130,0
1484,Guruzeta,2026-07-29T00:00:00+02:00,11767456,0
1484,Guruzeta,2026-07-30T00:00:00+02:00,11773001,0
1484,Guruzeta,2026-07-31T00:00:00+02:00,11687774,0
1484,Guruzeta,2026-08-01T00:00:00+02:00,11679792,0
1484,Guruzeta,2026-08-02T00:00:00+02:00,11689945,0
1484,Guruzeta,2026-08-03T00:00:00+02:00,11763061,0
1484,Guruzeta,2026-08-04T00:00:00+02:00,11983754,0
1484,Guruzeta,2026-08-05T00:00:00+02:00,12132335,0
1484,Guruzeta,2026-08-06T00:00:00+02:00,12257273,0
1484,Guruzeta,2026-08-07T00:00:00+02:00,12396109,0
1484,Guruzeta,2026-08-08T00:00:00+02:00,12506534,0
1484,Guruzeta,2026-08-09T00:00:00+02:00,12668579,0
1484,Guruzeta,2026-08-10T00:00:00+02:00,12781696,0
1484,Guruzeta,2026-08-11T00:00:00+02:00,12999733,0
1484,Guruzeta,2026-08-12T00:00:00+02:00,13235273,0
1484,Guruzeta,2026-08-13T00:00:00+02:00,13356417,0
1484,Guruzeta,2026-08-14T00:00:00+02:00,13499758,0
1484,Guruzeta,2026-08-15T00:00:00+02:00,13609742,0
1484,Guruzeta,2026-08-16T00:00:00+02:00,13787783,0
1950,Jofre,2026-06-29T00:00:00+02:00,2800000,0
1950,Jofre,2026-06-30T00:00:00+02:00,2800000,0
1950,Jofre,2026-07-01T00:00:00+02:00,2800000,0
1950,Jofre,2026-07-02T00:00:00+02:00,2800000,0
1950,Jofre,2026-07-03T00:00:00+02:00,2801329,0
1950,Jofre,2026-07-04T00:00:00+02:00,2804579,0
1950,Jofre,2026-07-05T00:00:00+02:00,2807349,0
1950,Jofre,2026-07-06T00:00:00+02:00,2810815,0
1950,Jofre,2026-07-07T00:00:00+02:00,2810669,0
1950,Jofre,2026-07-08T00:00:00+02:00,2729592,0
1950,Jofre,2026-07-09T00:00:00+02:00,2660482,0
1950,Jofre,2026-07-10T00:00:00+02:00,2595106,0
1950,Jofre,2026-07-11T00:00:00+02:00,2520203,0
1950,Jofre,2026-07-12T00:00:00+02:00,2448225,0
1950,Jofre,2026-07-13T00:00:00+02:00,2380241,0
1950,Jofre,2026-07-14T00:00:00+02:00,2316770,0
1950,Jofre,2026-07-15T00:00:00+02:00,2251603,0
1950,Jofre,2026-07-16T00:00:00+02:00,2195802,0
1950,Jofre,2026-07-17T00:00:00+02:00,2138600,0
1950,Jofre,2026-07-18T00:00:00+02:00,2081554,0
1950,Jofre,2026-07-19T00:00:00+02:00,2028115,0
1950,Jofre,2026-07-20T00:00:00+02:00,1975055,0
1950,Jofre,2026-07-21T00:00:00+02:00,1925849,0
1950,Jofre,2026-07-22T00:00:00+02:00,1870991,0
1950,Jofre,2026-07-23T00:00:00+02:00,1820898,0
1950,Jofre,2026-07-24T00:00:00+02:00,1773779,0
1950,Jofre,2026-07-25T00:00:00+02:00,1730457,0
1950,Jofre,2026-07-26T00:00:00+02:00,1690538,0
1950,Jofre,2026-07-27T00:00:00+02:00,1648444,0
1950,Jofre,2026-07-28T00:00:00+02:00,1609445,0
1950,Jofre,2026-07-29T00:00:00+02:00,1567517,0
1950,Jofre,2026-07-30T00:00:00+02:00,1528437,0
1950,Jofre,2026-07-31T00:00:00+02:00,1493188,0
1950,Jofre,2026-08-01T00:00:00+02:00,1464723,0
1950,Jofre,2026-08-02T00:00:00+02:00,1436529,0
1950,Jofre,2026-08-03T00:00:00+02:00,1408931,0
1950,Jofre,2026-08-04T00:00:00+02:00,1378795,0
1950,Jofre,2026-08-05T00:00:00+02:00,1348790,0
1950,Jofre,2026-08-06T00:00:00+02:00,1318797,0
1950,Jofre,2026-08-07T00:00:00+02:00,1293387,0
1950,Jofre,2026-08-08T00:00:00+02:00,1265838,0
1950,Jofre,2026-08-09T00:00:00+02:00,1240329,0
1950,Jofre,2026-08-10T00:00:00+02:00,1216902,0
1950,Jofre,2026-08-11T00:00:00+02:00,1193294,0
1950,Jofre,2026-08-12T00:00:00+02:00,1172148,0
1950,Jofre,2026-08-13T00:00:00+02:00,1152583,0
1950,Jofre,2026-08-14T00:00:00+02:00,1134896,0
1950,Jofre,2026-08-15T00:00:00+02:00,1122347,0
1950,Jofre,2026-08-16T00:00:00+02:00,1109224,0
2217,Cucho,2026-06-29T00:00:00+02:00,40000000,0
2217,Cucho,2026-06-30T00:00:00+02:00,40000000,0
2217,Cucho,2026-07-01T00:00:00+02:00,40000000,0
2217,Cucho,2026-07-02T00:00:00+02:00,40000000,0
2217,Cucho,2026-07-03T00:00:00+02:00,40018999,0
2217,Cucho,2026-07-04T00:00:00+02:00,40065439,0
2217,Cucho,2026-07-05T00:00:00+02:00,40105021,0
2217,Cucho,2026-07-06T00:00:00+02:00,40154536,0
2217,Cucho,2026-07-07T00:00:00+02:00,40152462,0
2217,Cucho,2026-07-08T00:00:00+02:00,40196112,0
2217,Cucho,2026-07-09T00:00:00+02:00,40399714,0
2217,Cucho,2026-07-10T00:00:00+02:00,41280945,0
2217,Cucho,2026-07-11T00:00:00+02:00,42009555,0
2217,Cucho,2026-07-12T00:00:00+02:00,42821607,0
2217,Cucho,2026-07-13T00:00:00+02:00,43892629,0
2217,Cucho,2026-07-14T00:00:00+02:00,45165648,0
2217,Cucho,2026-07-15T00:00:00+02:00,45894146,0
2217,Cucho,2026-07-16T00:00:00+02:00,47211429,0
2217,Cucho,2026-07-17T00:00:00+02:00,48528226,0
2217,Cucho,2026-07-18T00:00:00+02:00,50107568,0
2217,Cucho,2026-07-19T00:00:00+02:00,50946858,0
2217,Cucho,2026-07-20T00:00:00+02:00,51703345,0
2217,Cucho,2026-07-21T00:00:00+02:00,52737390,0
2217,Cucho,2026-07-22T00:00:00+02:00,53006025,0
2217,Cucho,2026-07-23T00:00:00+02:00,53727048,0
2217,Cucho,2026-07-24T00:00:00+02:00,54028525,0
2217,Cucho,2026-07-25T00:00:00+02:00,54822366,0
2217,Cucho,2026-07-26T00:00:00+02:00,55339263,0
2217,Cucho,2026-07-27T00:00:00+02:00,55710561,0
2217,Cucho,2026-07-28T00:00:00+02:00,56114888,0
2217,Cucho,2026-07-29T00:00:00+02:00,56156811,0
2217,Cucho,2026-07-30T00:00:00+02:00,56191052,0
2217,Cucho,2026-07-31T00:00:00+02:00,55665189,0
2217,Cucho,2026-08-01T00:00:00+02:00,54965755,0
2217,Cucho,2026-08-02T00:00:00+02:00,54115447,0
2217,Cucho,2026-08-03T00:00:00+02:00,53161577,0
2217,Cucho,2026-08-04T00:00:00+02:00,52342620,0
2217,Cucho,2026-08-05T00:00:00+02:00,51427652,0
2217,Cucho,2026-08-06T00:00:00+02:00,50474143,0
2217,Cucho,2026-08-07T00:00:00+02:00,49554139,0
2217,Cucho,2026-08-08T00:00:00+02:00,48765737,0
2217,Cucho,2026-08-09T00:00:00+02:00,48050896,0
2217,Cucho,2026-08-10T00:00:00+02:00,47374020,0
2217,Cucho,2026-08-11T00:00:00+02:00,46677324,0
2217,Cucho,2026-08-12T00:00:00+02:00,46084956,0
2217,Cucho,2026-08-13T00:00:00+02:00,45436819,0
2217,Cucho,2026-08-14T00:00:00+02:00,44981465,0
2217,Cucho,2026-08-15T00:00:00+02:00,44665138,0
2217,Cucho,2026-08-16T00:00:00+02:00,44416290,0
2302,R. Brugué,2026-06-29T00:00:00+02:00,7000000,0
2302,R. Brugué,2026-06-30T00:00:00+02:00,7000000,0
2302,R. Brugué,2026-07-01T00:00:00+02:00,7000000,0
2302,R. Brugué,2026-07-02T00:00:00+02:00,7000000,0
2302,R. Brugué,2026-07-03T00:00:00+02:00,7003324,0
2302,R. Brugué,2026-07-04T00:00:00+02:00,7011451,0
2302,R. Brugué,2026-07-05T00:00:00+02:00,7018377,0
2302,R. Brugué,2026-07-06T00:00:00+02:00,6752111,0
2302,R. Brugué,2026-07-07T00:00:00+02:00,6751762,0
2302,R. Brugué,2026-07-08T00:00:00+02:00,6615041,0
2302,R. Brugué,2026-07-09T00:00:00+02:00,6463328,0
2302,R. Brugué,2026-07-10T00:00:00+02:00,6268211,0
2302,R. Brugué,2026-07-11T00:00:00+02:00,6103815,0
2302,R. Brugué,2026-07-12T00:00:00+02:00,5926004,0
2302,R. Brugué,2026-07-13T00:00:00+02:00,5760059,0
2302,R. Brugué,2026-07-14T00:00:00+02:00,5581672,0
2302,R. Brugué,2026-07-15T00:00:00+02:00,5421790,0
2302,R. Brugué,2026-07-16T00:00:00+02:00,5258147,0
2302,R. Brugué,2026-07-17T00:00:00+02:00,5117238,0
2302,R. Brugué,2026-07-18T00:00:00+02:00,4970824,0
2302,R. Brugué,2026-07-19T00:00:00+02:00,4828618,0
2302,R. Brugué,2026-07-20T00:00:00+02:00,4684946,0
2302,R. Brugué,2026-07-21T00:00:00+02:00,4550143,0
2302,R. Brugué,2026-07-22T00:00:00+02:00,4410147,0
2302,R. Brugué,2026-07-23T00:00:00+02:00,4279348,0
2302,R. Brugué,2026-07-24T00:00:00+02:00,4159798,0
2302,R. Brugué,2026-07-25T00:00:00+02:00,4051478,0
2302,R. Brugué,2026-07-26T00:00:00+02:00,3942858,0
2302,R. Brugué,2026-07-27T00:00:00+02:00,3835843,0
2302,R. Brugué,2026-07-28T00:00:00+02:00,3743441,0
2302,R. Brugué,2026-07-29T00:00:00+02:00,3636745,0
2302,R. Brugué,2026-07-30T00:00:00+02:00,3539818,0
2302,R. Brugué,2026-07-31T00:00:00+02:00,3439919,0
2302,R. Brugué,2026-08-01T00:00:00+02:00,3347336,0
2302,R. Brugué,2026-08-02T00:00:00+02:00,3264062,0
2302,R. Brugué,2026-08-03T00:00:00+02:00,3173908,0
2302,R. Brugué,2026-08-04T00:00:00+02:00,3087919,0
2302,R. Brugué,2026-08-05T00:00:00+02:00,3007280,0
2302,R. Brugué,2026-08-06T00:00:00+02:00,2927420,0
2302,R. Brugué,2026-08-07T00:00:00+02:00,2849855,0
2302,R. Brugué,2026-08-08T00:00:00+02:00,2776266,0
2302,R. Brugué,2026-08-09T00:00:00+02:00,2703822,0
2302,R. Brugué,2026-08-10T00:00:00+02:00,2636743,0
2302,R. Brugué,2026-08-11T00:00:00+02:00,2563289,0
2302,R. Brugué,2026-08-12T00:00:00+02:00,2484072,0
2302,R. Brugué,2026-08-13T00:00:00+02:00,2403786,0
2302,R. Brugué,2026-08-14T00:00:00+02:00,2326970,0
2302,R. Brugué,2026-08-15T00:00:00+02:00,2256037,0
2302,R. Brugué,2026-08-16T00:00:00+02:00,2190480,0
2303,I. Romero,2026-06-29T00:00:00+02:00,8500000,0
2303,I. Romero,2026-06-30T00:00:00+02:00,8500000,0
2303,I. Romero,2026-07-01T00:00:00+02:00,8500000,0
2303,I. Romero,2026-07-02T00:00:00+02:00,8500000,0
2303,I. Romero,2026-07-03T00:00:00+02:00,8504037,0
2303,I. Romero,2026-07-04T00:00:00+02:00,8513905,0
2303,I. Romero,2026-07-05T00:00:00+02:00,8522316,0
2303,I. Romero,2026-07-06T00:00:00+02:00,8198994,0
2303,I. Romero,2026-07-07T00:00:00+02:00,8198570,0
2303,I. Romero,2026-07-08T00:00:00+02:00,7983943,0
2303,I. Romero,2026-07-09T00:00:00+02:00,8248798,0
2303,I. Romero,2026-07-10T00:00:00+02:00,8211086,0
2303,I. Romero,2026-07-11T00:00:00+02:00,8206869,0
2303,I. Romero,2026-07-12T00:00:00+02:00,8165535,0
2303,I. Romero,2026-07-13T00:00:00+02:00,8150833,0
2303,I. Romero,2026-07-14T00:00:00+02:00,8066259,0
2303,I. Romero,2026-07-15T00:00:00+02:00,7951806,0
2303,I. Romero,2026-07-16T00:00:00+02:00,7871918,0
2303,I. Romero,2026-07-17T00:00:00+02:00,7911395,0
2303,I. Romero,2026-07-18T00:00:00+02:00,7871053,0
2303,I. Romero,2026-07-19T00:00:00+02:00,7790846,0
2303,I. Romero,2026-07-20T00:00:00+02:00,7741422,0
2303,I. Romero,2026-07-21T00:00:00+02:00,7670340,0
2303,I. Romero,2026-07-22T00:00:00+02:00,7585933,0
2303,I. Romero,2026-07-23T00:00:00+02:00,7549391,0
2303,I. Romero,2026-07-24T00:00:00+02:00,7443747,0
2303,I. Romero,2026-07-25T00:00:00+02:00,7420504,0
2303,I. Romero,2026-07-26T00:00:00+02:00,7367554,0
2303,I. Romero,2026-07-27T00:00:00+02:00,7300598,0
2303,I. Romero,2026-07-28T00:00:00+02:00,7235149,0
2303,I. Romero,2026-07-29T00:00:00+02:00,7164071,0
2303,I. Romero,2026-07-30T00:00:00+02:00,7143790,0
2303,I. Romero,2026-07-31T00:00:00+02:00,7112059,0
2303,I. Romero,2026-08-01T00:00:00+02:00,7073640,0
2303,I. Romero,2026-08-02T00:00:00+02:00,7027871,0
2303,I. Romero,2026-08-03T00:00:00+02:00,7019777,0
2303,I. Romero,2026-08-04T00:00:00+02:00,6989185,0
2303,I. Romero,2026-08-05T00:00:00+02:00,6946399,0
2303,I. Romero,2026-08-06T00:00:00+02:00,6910242,0
2303,I. Romero,2026-08-07T00:00:00+02:00,6878529,0
2303,I. Romero,2026-08-08T00:00:00+02:00,6848776,0
2303,I. Romero,2026-08-09T00:00:00+02:00,6832126,0
2303,I. Romero,2026-08-10T00:00:00+02:00,6830853,0
2303,I. Romero,2026-08-11T00:00:00+02:00,6863588,0
2303,I. Romero,2026-08-12T00:00:00+02:00,6961828,0
2303,I. Romero,2026-08-13T00:00:00+02:00,7058334,0
2303,I. Romero,2026-08-14T00:00:00+02:00,7152699,0
2303,I. Romero,2026-08-15T00:00:00+02:00,7267214,0
2303,I. Romero,2026-08-16T00:00:00+02:00,7364066,0
2319,Maroan,2026-06-29T00:00:00+02:00,700000,0
2319,Maroan,2026-06-30T00:00:00+02:00,700000,0
2319,Maroan,2026-07-01T00:00:00+02:00,700000,0
2319,Maroan,2026-07-02T00:00:00+02:00,700000,0
2319,Maroan,2026-07-03T00:00:00+02:00,700332,0
2319,Maroan,2026-07-04T00:00:00+02:00,701144,0
2319,Maroan,2026-07-05T00:00:00+02:00,701836,0
2319,Maroan,2026-07-06T00:00:00+02:00,702702,0
2319,Maroan,2026-07-07T00:00:00+02:00,702665,0
2319,Maroan,2026-07-08T00:00:00+02:00,685410,0
2319,Maroan,2026-07-09T00:00:00+02:00,668177,0
2319,Maroan,2026-07-10T00:00:00+02:00,652012,0
2319,Maroan,2026-07-11T00:00:00+02:00,636910,0
2319,Maroan,2026-07-12T00:00:00+02:00,623547,0
2319,Maroan,2026-07-13T00:00:00+02:00,611535,0
2319,Maroan,2026-07-14T00:00:00+02:00,599834,0
2319,Maroan,2026-07-15T00:00:00+02:00,589167,0
2319,Maroan,2026-07-16T00:00:00+02:00,580234,0
2319,Maroan,2026-07-17T00:00:00+02:00,571958,0
2319,Maroan,2026-07-18T00:00:00+02:00,564367,0
2319,Maroan,2026-07-19T00:00:00+02:00,563698,0
2319,Maroan,2026-07-20T00:00:00+02:00,557393,0
2319,Maroan,2026-07-21T00:00:00+02:00,552857,0
2319,Maroan,2026-07-22T00:00:00+02:00,544038,0
2319,Maroan,2026-07-23T00:00:00+02:00,537124,0
2319,Maroan,2026-07-24T00:00:00+02:00,529536,0
2319,Maroan,2026-07-25T00:00:00+02:00,523905,0
2319,Maroan,2026-07-26T00:00:00+02:00,519120,0
2319,Maroan,2026-07-27T00:00:00+02:00,514134,0
2319,Maroan,2026-07-28T00:00:00+02:00,509467,0
2319,Maroan,2026-07-29T00:00:00+02:00,502782,0
2319,Maroan,2026-07-30T00:00:00+02:00,497087,0
2319,Maroan,2026-07-31T00:00:00+02:00,491168,0
2319,Maroan,2026-08-01T00:00:00+02:00,485590,0
2319,Maroan,2026-08-02T00:00:00+02:00,481149,0
2319,Maroan,2026-08-03T00:00:00+02:00,476312,0
2319,Maroan,2026-08-04T00:00:00+02:00,471002,0
2319,Maroan,2026-08-05T00:00:00+02:00,465976,0
2319,Maroan,2026-08-06T00:00:00+02:00,460656,0
2319,Maroan,2026-08-07T00:00:00+02:00,455647,0
2319,Maroan,2026-08-08T00:00:00+02:00,451321,0
2319,Maroan,2026-08-09T00:00:00+02:00,448184,0
2319,Maroan,2026-08-10T00:00:00+02:00,445392,0
2319,Maroan,2026-08-11T00:00:00+02:00,441621,0
2319,Maroan,2026-08-12T00:00:00+02:00,437607,0
2319,Maroan,2026-08-13T00:00:00+02:00,432642,0
2319,Maroan,2026-08-14T00:00:00+02:00,427152,0
2319,Maroan,2026-08-15T00:00:00+02:00,423037,0
2319,Maroan,2026-08-16T00:00:00+02:00,421034,0
2332,Sorloth,2026-06-29T00:00:00+02:00,40000000,0
2332,Sorloth,2026-06-30T00:00:00+02:00,40000000,0
2332,Sorloth,2026-07-01T00:00:00+02:00,40000000,0
2332,Sorloth,2026-07-02T00:00:00+02:00,40000000,0
2332,Sorloth,2026-07-03T00:00:00+02:00,40018999,0
2332,Sorloth,2026-07-04T00:00:00+02:00,40065439,0
2332,Sorloth,2026-07-05T00:00:00+02:00,40105021,0
2332,Sorloth,2026-07-06T00:00:00+02:00,40154536,0
2332,Sorloth,2026-07-07T00:00:00+02:00,40152462,0
2332,Sorloth,2026-07-08T00:00:00+02:00,39257411,0
2332,Sorloth,2026-07-09T00:00:00+02:00,38974133,0
2332,Sorloth,2026-07-10T00:00:00+02:00,38648669,0
2332,Sorloth,2026-07-11T00:00:00+02:00,38350442,0
2332,Sorloth,2026-07-12T00:00:00+02:00,38044531,0
2332,Sorloth,2026-07-13T00:00:00+02:00,37611726,0
2332,Sorloth,2026-07-14T00:00:00+02:00,37123069,0
2332,Sorloth,2026-07-15T00:00:00+02:00,36544848,0
2332,Sorloth,2026-07-16T00:00:00+02:00,36033665,0
2332,Sorloth,2026-07-17T00:00:00+02:00,35431266,0
2332,Sorloth,2026-07-18T00:00:00+02:00,34785034,0
2332,Sorloth,2026-07-19T00:00:00+02:00,34388470,0
2332,Sorloth,2026-07-20T00:00:00+02:00,33838169,0
2332,Sorloth,2026-07-21T00:00:00+02:00,33325212,0
2332,Sorloth,2026-07-22T00:00:00+02:00,32674273,0
2332,Sorloth,2026-07-23T00:00:00+02:00,32011067,0
2332,Sorloth,2026-07-24T00:00:00+02:00,31560633,0
2332,Sorloth,2026-07-25T00:00:00+02:00,31236477,0
2332,Sorloth,2026-07-26T00:00:00+02:00,30890764,0
2332,Sorloth,2026-07-27T00:00:00+02:00,30531847,0
2332,Sorloth,2026-07-28T00:00:00+02:00,30162101,0
2332,Sorloth,2026-07-29T00:00:00+02:00,29664917,0
2332,Sorloth,2026-07-30T00:00:00+02:00,29128009,0
2332,Sorloth,2026-07-31T00:00:00+02:00,28771765,0
2332,Sorloth,2026-08-01T00:00:00+02:00,28437527,0
2332,Sorloth,2026-08-02T00:00:00+02:00,28180005,0
2332,Sorloth,2026-08-03T00:00:00+02:00,27847626,0
2332,Sorloth,2026-08-04T00:00:00+02:00,27506600,0
2332,Sorloth,2026-08-05T00:00:00+02:00,27201042,0
2332,Sorloth,2026-08-06T00:00:00+02:00,26910919,0
2332,Sorloth,2026-08-07T00:00:00+02:00,26558409,0
2332,Sorloth,2026-08-08T00:00:00+02:00,26328506,0
2332,Sorloth,2026-08-09T00:00:00+02:00,26085626,0
2332,Sorloth,2026-08-10T00:00:00+02:00,25826629,0
2332,Sorloth,2026-08-11T00:00:00+02:00,25552681,0
2332,Sorloth,2026-08-12T00:00:00+02:00,25445611,0
2332,Sorloth,2026-08-13T00:00:00+02:00,24867285,0
2332,Sorloth,2026-08-14T00:00:00+02:00,24076615,0
2332,Sorloth,2026-08-15T00:00:00+02:00,23345449,0
2332,Sorloth,2026-08-16T00:00:00+02:00,22659719,0
2337,Kike Barja,2026-06-29T00:00:00+02:00,2800000,0
2337,Kike Barja,2026-06-30T00:00:00+02:00,2800000,0
2337,Kike Barja,2026-07-01T00:00:00+02:00,2800000,0
2337,Kike Barja,2026-07-02T00:00:00+02:00,2800000,0
2337,Kike Barja,2026-07-03T00:00:00+02:00,2801329,0
2337,Kike Barja,2026-07-04T00:00:00+02:00,2804579,0
2337,Kike Barja,2026-07-05T00:00:00+02:00,2807349,0
2337,Kike Barja,2026-08-13T00:00:00+02:00,2712368,0
2337,Kike Barja,2026-08-14T00:00:00+02:00,2619898,0
2337,Kike Barja,2026-08-15T00:00:00+02:00,2569571,0
2337,Kike Barja,2026-08-16T00:00:00+02:00,2513360,0
2339,Raúl,2026-06-29T00:00:00+02:00,4700000,0
2339,Raúl,2026-06-30T00:00:00+02:00,4700000,0
2339,Raúl,2026-07-01T00:00:00+02:00,4700000,0
2339,Raúl,2026-07-02T00:00:00+02:00,4700000,0
2339,Raúl,2026-07-03T00:00:00+02:00,4702232,0
2339,Raúl,2026-07-04T00:00:00+02:00,4707688,0
2339,Raúl,2026-07-05T00:00:00+02:00,4712338,0
2339,Raúl,2026-07-06T00:00:00+02:00,4718156,0
2339,Raúl,2026-07-07T00:00:00+02:00,4717912,0
2339,Raúl,2026-07-08T00:00:00+02:00,4599949,0
2339,Raúl,2026-07-09T00:00:00+02:00,4497848,0
2339,Raúl,2026-07-10T00:00:00+02:00,4358452,0
2339,Raúl,2026-07-11T00:00:00+02:00,4243130,0
2339,Raúl,2026-07-12T00:00:00+02:00,4136809,0
2339,Raúl,2026-07-13T00:00:00+02:00,4027909,0
2339,Raúl,2026-07-14T00:00:00+02:00,3916238,0
2339,Raúl,2026-07-15T00:00:00+02:00,3813331,0
2339,Raúl,2026-07-16T00:00:00+02:00,3708099,0
2339,Raúl,2026-07-17T00:00:00+02:00,3614356,0
2339,Raúl,2026-07-18T00:00:00+02:00,3520631,0
2339,Raúl,2026-07-19T00:00:00+02:00,3432013,0
2339,Raúl,2026-07-20T00:00:00+02:00,3348261,0
2339,Raúl,2026-07-21T00:00:00+02:00,3268427,0
2339,Raúl,2026-07-22T00:00:00+02:00,3177203,0
2339,Raúl,2026-07-23T00:00:00+02:00,3098599,0
2339,Raúl,2026-07-24T00:00:00+02:00,3022609,0
2339,Raúl,2026-07-25T00:00:00+02:00,2950499,0
2339,Raúl,2026-07-26T00:00:00+02:00,2885115,0
2339,Raúl,2026-07-27T00:00:00+02:00,2817914,0
2339,Raúl,2026-07-28T00:00:00+02:00,2747020,0
2339,Raúl,2026-07-29T00:00:00+02:00,2681497,0
2339,Raúl,2026-07-30T00:00:00+02:00,2615855,0
2339,Raúl,2026-07-31T00:00:00+02:00,2555213,0
2339,Raúl,2026-08-01T00:00:00+02:00,2498902,0
2339,Raúl,2026-08-02T00:00:00+02:00,2449254,0
2339,Raúl,2026-08-03T00:00:00+02:00,2391802,0
2339,Raúl,2026-08-04T00:00:00+02:00,2336583,0
2339,Raúl,2026-08-05T00:00:00+02:00,2284687,0
2339,Raúl,2026-08-06T00:00:00+02:00,2234043,0
2339,Raúl,2026-08-07T00:00:00+02:00,2185778,0
2339,Raúl,2026-08-08T00:00:00+02:00,2139834,0
2339,Raúl,2026-08-09T00:00:00+02:00,2097832,0
2339,Raúl,2026-08-10T00:00:00+02:00,2053345,0
2339,Raúl,2026-08-11T00:00:00+02:00,2014328,0
2339,Raúl,2026-08-12T00:00:00+02:00,1974282,0
2339,Raúl,2026-08-13T00:00:00+02:00,1936758,0
2339,Raúl,2026-08-14T00:00:00+02:00,1900037,0
2339,Raúl,2026-08-15T00:00:00+02:00,1875226,0
2339,Raúl,2026-08-16T00:00:00+02:00,1845674,0
2359,Ferran,2026-06-29T00:00:00+02:00,60000000,0
2359,Ferran,2026-06-30T00:00:00+02:00,60000000,0
2359,Ferran,2026-07-01T00:00:00+02:00,60000000,0
2359,Ferran,2026-07-02T00:00:00+02:00,60000000,0
2359,Ferran,2026-07-03T00:00:00+02:00,60028499,0
2359,Ferran,2026-07-04T00:00:00+02:00,60098159,0
2359,Ferran,2026-07-05T00:00:00+02:00,60157533,0
2359,Ferran,2026-07-06T00:00:00+02:00,60231806,0
2359,Ferran,2026-07-07T00:00:00+02:00,60228695,0
2359,Ferran,2026-07-08T00:00:00+02:00,60111607,0
2359,Ferran,2026-07-09T00:00:00+02:00,60079685,0
2359,Ferran,2026-07-10T00:00:00+02:00,59796047,0
2359,Ferran,2026-07-11T00:00:00+02:00,59450967,0
2359,Ferran,2026-07-12T00:00:00+02:00,59180490,0
2359,Ferran,2026-07-13T00:00:00+02:00,58474410,0
2359,Ferran,2026-07-14T00:00:00+02:00,57636764,0
2359,Ferran,2026-07-15T00:00:00+02:00,56638706,0
2359,Ferran,2026-07-16T00:00:00+02:00,55705521,0
2359,Ferran,2026-07-17T00:00:00+02:00,55133040,0
2359,Ferran,2026-07-18T00:00:00+02:00,54398149,0
2359,Ferran,2026-07-19T00:00:00+02:00,53637604,0
2359,Ferran,2026-07-20T00:00:00+02:00,52743457,0
2359,Ferran,2026-07-21T00:00:00+02:00,52797389,0
2359,Ferran,2026-07-22T00:00:00+02:00,52633014,0
2359,Ferran,2026-07-23T00:00:00+02:00,53273840,0
2359,Ferran,2026-07-24T00:00:00+02:00,54085489,0
2359,Ferran,2026-07-25T00:00:00+02:00,55482932,0
2359,Ferran,2026-07-26T00:00:00+02:00,56993376,0
2359,Ferran,2026-07-27T00:00:00+02:00,58590608,0
2359,Ferran,2026-07-28T00:00:00+02:00,60503943,0
2359,Ferran,2026-07-29T00:00:00+02:00,61787863,0
2359,Ferran,2026-07-30T00:00:00+02:00,63796591,0
2359,Ferran,2026-07-31T00:00:00+02:00,65160178,0
2359,Ferran,2026-08-01T00:00:00+02:00,67191062,0
2359,Ferran,2026-08-02T00:00:00+02:00,68904680,0
2359,Ferran,2026-08-03T00:00:00+02:00,70440914,0
2359,Ferran,2026-08-04T00:00:00+02:00,71849368,0
2359,Ferran,2026-08-05T00:00:00+02:00,72670694,0
2359,Ferran,2026-08-06T00:00:00+02:00,72827993,0
2359,Ferran,2026-08-07T00:00:00+02:00,72003876,0
2359,Ferran,2026-08-08T00:00:00+02:00,70288591,0
2359,Ferran,2026-08-09T00:00:00+02:00,68407360,0
2359,Ferran,2026-08-10T00:00:00+02:00,66401653,0
2359,Ferran,2026-08-11T00:00:00+02:00,64412460,0
2359,Ferran,2026-08-12T00:00:00+02:00,62494850,0
2359,Ferran,2026-08-13T00:00:00+02:00,60570253,0
2359,Ferran,2026-08-14T00:00:00+02:00,58663143,0
2359,Ferran,2026-08-15T00:00:00+02:00,56898853,0
2359,Ferran,2026-08-16T00:00:00+02:00,55168717,0
2382,Isi,2026-06-29T00:00:00+02:00,15000000,0
2382,Isi,2026-06-30T00:00:00+02:00,15000000,0
2382,Isi,2026-07-01T00:00:00+02:00,15000000,0
2382,Isi,2026-07-02T00:00:00+02:00,15000000,0
2382,Isi,2026-07-03T00:00:00+02:00,15007124,0
2382,Isi,2026-07-04T00:00:00+02:00,15024539,0
2382,Isi,2026-07-05T00:00:00+02:00,15039382,0
2382,Isi,2026-07-06T00:00:00+02:00,15057950,0
2382,Isi,2026-07-07T00:00:00+02:00,15057172,0
2382,Isi,2026-07-08T00:00:00+02:00,15307157,0
2382,Isi,2026-07-09T00:00:00+02:00,15895993,0
2382,Isi,2026-07-10T00:00:00+02:00,16404493,0
2382,Isi,2026-07-11T00:00:00+02:00,16737575,0
2382,Isi,2026-07-12T00:00:00+02:00,17021739,0
2382,Isi,2026-07-13T00:00:00+02:00,17288901,0
2382,Isi,2026-07-14T00:00:00+02:00,17519296,0
2382,Isi,2026-07-15T00:00:00+02:00,17949461,0
2382,Isi,2026-07-16T00:00:00+02:00,18377436,0
2382,Isi,2026-07-17T00:00:00+02:00,18928779,0
2382,Isi,2026-07-18T00:00:00+02:00,19477473,0
2382,Isi,2026-07-19T00:00:00+02:00,19879838,0
2382,Isi,2026-07-20T00:00:00+02:00,20378580,0
2382,Isi,2026-07-21T00:00:00+02:00,20929221,0
2382,Isi,2026-07-22T00:00:00+02:00,21258920,0
2382,Isi,2026-07-23T00:00:00+02:00,21754974,0
2382,Isi,2026-07-24T00:00:00+02:00,22114239,0
2382,Isi,2026-07-25T00:00:00+02:00,22433132,0
2382,Isi,2026-07-26T00:00:00+02:00,22230448,0
2382,Isi,2026-07-27T00:00:00+02:00,21785402,0
2382,Isi,2026-07-28T00:00:00+02:00,21343968,0
2382,Isi,2026-07-29T00:00:00+02:00,20817468,0
2382,Isi,2026-07-30T00:00:00+02:00,20373373,0
2382,Isi,2026-07-31T00:00:00+02:00,19851989,0
2382,Isi,2026-08-01T00:00:00+02:00,19380703,0
2382,Isi,2026-08-02T00:00:00+02:00,18959180,0
2382,Isi,2026-08-03T00:00:00+02:00,18485270,0
2382,Isi,2026-08-04T00:00:00+02:00,18011072,0
2382,Isi,2026-08-05T00:00:00+02:00,17568770,0
2382,Isi,2026-08-06T00:00:00+02:00,17131428,0
2382,Isi,2026-08-07T00:00:00+02:00,16665710,0
2382,Isi,2026-08-08T00:00:00+02:00,16263599,0
2382,Isi,2026-08-09T00:00:00+02:00,15932185,0
2382,Isi,2026-08-10T00:00:00+02:00,15904226,0
2382,Isi,2026-08-11T00:00:00+02:00,16343456,0
2382,Isi,2026-08-12T00:00:00+02:00,16857627,0
2382,Isi,2026-08-13T00:00:00+02:00,17405364,0
2382,Isi,2026-08-14T00:00:00+02:00,18093117,0
2382,Isi,2026-08-15T00:00:00+02:00,18818211,0
2382,Isi,2026-08-16T00:00:00+02:00,19317166,0
2386,Nteka,2026-06-29T00:00:00+02:00,3000000,0
2386,Nteka,2026-06-30T00:00:00+02:00,3000000,0
2386,Nteka,2026-07-01T00:00:00+02:00,3000000,0
2386,Nteka,2026-07-02T00:00:00+02:00,3000000,0
2386,Nteka,2026-07-03T00:00:00+02:00,3001424,0
2386,Nteka,2026-07-04T00:00:00+02:00,3004907,0
2386,Nteka,2026-07-05T00:00:00+02:00,3007875,0
2386,Nteka,2026-07-06T00:00:00+02:00,3011588,0
2386,Nteka,2026-07-07T00:00:00+02:00,3011432,0
2386,Nteka,2026-07-08T00:00:00+02:00,2955759,0
2386,Nteka,2026-07-09T00:00:00+02:00,2897423,0
2386,Nteka,2026-07-10T00:00:00+02:00,2810557,0
2386,Nteka,2026-07-11T00:00:00+02:00,2753888,0
2386,Nteka,2026-07-12T00:00:00+02:00,2682495,0
2386,Nteka,2026-07-13T00:00:00+02:00,2618994,0
2386,Nteka,2026-07-14T00:00:00+02:00,2552978,0
2386,Nteka,2026-07-15T00:00:00+02:00,2490057,0
2386,Nteka,2026-07-16T00:00:00+02:00,2435420,0
2386,Nteka,2026-07-17T00:00:00+02:00,2373676,0
2386,Nteka,2026-07-18T00:00:00+02:00,2320728,0
2386,Nteka,2026-07-19T00:00:00+02:00,2263601,0
2386,Nteka,2026-07-20T00:00:00+02:00,2210152,0
2386,Nteka,2026-07-21T00:00:00+02:00,2156954,0
2386,Nteka,2026-07-22T00:00:00+02:00,2099971,0
2386,Nteka,2026-07-23T00:00:00+02:00,2049614,0
2386,Nteka,2026-07-24T00:00:00+02:00,1997878,0
2386,Nteka,2026-07-25T00:00:00+02:00,1951630,0
2386,Nteka,2026-07-26T00:00:00+02:00,1907182,0
2386,Nteka,2026-07-27T00:00:00+02:00,1867119,0
2386,Nteka,2026-07-28T00:00:00+02:00,1825885,0
2386,Nteka,2026-07-29T00:00:00+02:00,1782766,0
2386,Nteka,2026-07-30T00:00:00+02:00,1744794,0
2386,Nteka,2026-07-31T00:00:00+02:00,1703577,0
2386,Nteka,2026-08-01T00:00:00+02:00,1665878,0
2386,Nteka,2026-08-02T00:00:00+02:00,1629419,0
2386,Nteka,2026-08-03T00:00:00+02:00,1593594,0
2386,Nteka,2026-08-04T00:00:00+02:00,1559140,0
2386,Nteka,2026-08-05T00:00:00+02:00,1528015,0
2386,Nteka,2026-08-06T00:00:00+02:00,1493137,0
2386,Nteka,2026-08-07T00:00:00+02:00,1463336,0
2386,Nteka,2026-08-08T00:00:00+02:00,1430695,0
2386,Nteka,2026-08-09T00:00:00+02:00,1401339,0
2386,Nteka,2026-08-10T00:00:00+02:00,1373628,0
2386,Nteka,2026-08-11T00:00:00+02:00,1349207,0
2386,Nteka,2026-08-12T00:00:00+02:00,1325722,0
2386,Nteka,2026-08-13T00:00:00+02:00,1299790,0
2386,Nteka,2026-08-14T00:00:00+02:00,1278804,0
2386,Nteka,2026-08-15T00:00:00+02:00,1268972,0
2386,Nteka,2026-08-16T00:00:00+02:00,1256338,0
2387,Camello,2026-06-29T00:00:00+02:00,5100000,0
2387,Camello,2026-06-30T00:00:00+02:00,5100000,0
2387,Camello,2026-07-01T00:00:00+02:00,5100000,0
2387,Camello,2026-07-02T00:00:00+02:00,5100000,0
2387,Camello,2026-07-03T00:00:00+02:00,5102422,0
2387,Camello,2026-07-04T00:00:00+02:00,5108343,0
2387,Camello,2026-07-05T00:00:00+02:00,5113389,0
2387,Camello,2026-07-06T00:00:00+02:00,5119702,0
2387,Camello,2026-07-07T00:00:00+02:00,5119437,0
2387,Camello,2026-07-08T00:00:00+02:00,5029051,0
2387,Camello,2026-07-09T00:00:00+02:00,5001381,0
2387,Camello,2026-07-10T00:00:00+02:00,4903138,0
2387,Camello,2026-07-11T00:00:00+02:00,4823274,0
2387,Camello,2026-07-12T00:00:00+02:00,4715524,0
2387,Camello,2026-07-13T00:00:00+02:00,4614922,0
2387,Camello,2026-07-14T00:00:00+02:00,4505257,0
2387,Camello,2026-07-15T00:00:00+02:00,4420258,0
2387,Camello,2026-07-16T00:00:00+02:00,4329851,0
2387,Camello,2026-07-17T00:00:00+02:00,4264228,0
2387,Camello,2026-07-18T00:00:00+02:00,4188859,0
2387,Camello,2026-07-19T00:00:00+02:00,4112111,0
2387,Camello,2026-07-20T00:00:00+02:00,4046790,0
2387,Camello,2026-07-21T00:00:00+02:00,3968185,0
2387,Camello,2026-07-22T00:00:00+02:00,3876154,0
2387,Camello,2026-07-23T00:00:00+02:00,3801514,0
2387,Camello,2026-07-24T00:00:00+02:00,3736407,0
2387,Camello,2026-07-25T00:00:00+02:00,3676040,0
2387,Camello,2026-07-26T00:00:00+02:00,3623680,0
2387,Camello,2026-07-27T00:00:00+02:00,3557333,0
2387,Camello,2026-07-28T00:00:00+02:00,3500469,0
2387,Camello,2026-07-29T00:00:00+02:00,3443849,0
2387,Camello,2026-07-30T00:00:00+02:00,3396725,0
2387,Camello,2026-07-31T00:00:00+02:00,3346964,0
2387,Camello,2026-08-01T00:00:00+02:00,3316632,0
2387,Camello,2026-08-02T00:00:00+02:00,3287982,0
2387,Camello,2026-08-03T00:00:00+02:00,3253847,0
2387,Camello,2026-08-04T00:00:00+02:00,3238061,0
2387,Camello,2026-08-05T00:00:00+02:00,3213386,0
2387,Camello,2026-08-06T00:00:00+02:00,3185471,0
2387,Camello,2026-08-07T00:00:00+02:00,3164512,0
2387,Camello,2026-08-08T00:00:00+02:00,3151720,0
2387,Camello,2026-08-09T00:00:00+02:00,3135416,0
2387,Camello,2026-08-10T00:00:00+02:00,3124115,0
2387,Camello,2026-08-11T00:00:00+02:00,3115576,0
2387,Camello,2026-08-12T00:00:00+02:00,3102471,0
2387,Camello,2026-08-13T00:00:00+02:00,3089241,0
2387,Camello,2026-08-14T00:00:00+02:00,3084233,0
2387,Camello,2026-08-15T00:00:00+02:00,3100718,0
2387,Camello,2026-08-16T00:00:00+02:00,3109992,0
2396,Franco Cervi,2026-06-29T00:00:00+02:00,2800000,0
2396,Franco Cervi,2026-06-30T00:00:00+02:00,2800000,0
2396,Franco Cervi,2026-07-01T00:00:00+02:00,2800000,0
2396,Franco Cervi,2026-07-02T00:00:00+02:00,2800000,0
2396,Franco Cervi,2026-07-03T00:00:00+02:00,2801329,0
2396,Franco Cervi,2026-07-04T00:00:00+02:00,2804579,0
2396,Franco Cervi,2026-07-05T00:00:00+02:00,2807349,0
2397,Pablo Durán,2026-06-29T00:00:00+02:00,3000000,0
2397,Pablo Durán,2026-06-30T00:00:00+02:00,3000000,0
2397,Pablo Durán,2026-07-01T00:00:00+02:00,3000000,0
2397,Pablo Durán,2026-07-02T00:00:00+02:00,3000000,0
2397,Pablo Durán,2026-07-03T00:00:00+02:00,3001424,0
2397,Pablo Durán,2026-07-04T00:00:00+02:00,3004907,0
2397,Pablo Durán,2026-07-05T00:00:00+02:00,3007875,0
2397,Pablo Durán,2026-07-06T00:00:00+02:00,3011588,0
2397,Pablo Durán,2026-07-07T00:00:00+02:00,3011432,0
2397,Pablo Durán,2026-07-08T00:00:00+02:00,2932087,0
2397,Pablo Durán,2026-07-09T00:00:00+02:00,2866575,0
2397,Pablo Durán,2026-07-10T00:00:00+02:00,2789283,0
2397,Pablo Durán,2026-07-11T00:00:00+02:00,2722654,0
2397,Pablo Durán,2026-07-12T00:00:00+02:00,2657109,0
2397,Pablo Durán,2026-07-13T00:00:00+02:00,2604102,0
2397,Pablo Durán,2026-07-14T00:00:00+02:00,2535519,0
2397,Pablo Durán,2026-07-15T00:00:00+02:00,2477170,0
2397,Pablo Durán,2026-07-16T00:00:00+02:00,2412197,0
2397,Pablo Durán,2026-07-17T00:00:00+02:00,2346279,0
2397,Pablo Durán,2026-07-18T00:00:00+02:00,2280885,0
2397,Pablo Durán,2026-07-19T00:00:00+02:00,2216445,0
2397,Pablo Durán,2026-07-20T00:00:00+02:00,2155070,0
2397,Pablo Durán,2026-07-21T00:00:00+02:00,2102039,0
2397,Pablo Durán,2026-07-22T00:00:00+02:00,2040254,0
2397,Pablo Durán,2026-07-23T00:00:00+02:00,1986982,0
2397,Pablo Durán,2026-07-24T00:00:00+02:00,1930020,0
2397,Pablo Durán,2026-07-25T00:00:00+02:00,1876100,0
2397,Pablo Durán,2026-07-26T00:00:00+02:00,1826545,0
2397,Pablo Durán,2026-07-27T00:00:00+02:00,1778147,0
2397,Pablo Durán,2026-07-28T00:00:00+02:00,1730949,0
2397,Pablo Durán,2026-07-29T00:00:00+02:00,1681785,0
2397,Pablo Durán,2026-07-30T00:00:00+02:00,1633450,0
2397,Pablo Durán,2026-07-31T00:00:00+02:00,1595636,0
2397,Pablo Durán,2026-08-01T00:00:00+02:00,1551650,0
2397,Pablo Durán,2026-08-02T00:00:00+02:00,1508955,0
2397,Pablo Durán,2026-08-03T00:00:00+02:00,1465706,0
2397,Pablo Durán,2026-08-04T00:00:00+02:00,1423726,0
2397,Pablo Durán,2026-08-05T00:00:00+02:00,1383675,0
2397,Pablo Durán,2026-08-06T00:00:00+02:00,1343798,0
2397,Pablo Durán,2026-08-07T00:00:00+02:00,1305477,0
2397,Pablo Durán,2026-08-08T00:00:00+02:00,1269046,0
2397,Pablo Durán,2026-08-09T00:00:00+02:00,1234551,0
2397,Pablo Durán,2026-08-10T00:00:00+02:00,1200457,0
2397,Pablo Durán,2026-08-11T00:00:00+02:00,1166484,0
2397,Pablo Durán,2026-08-12T00:00:00+02:00,1134300,0
2397,Pablo Durán,2026-08-13T00:00:00+02:00,1101837,0
2397,Pablo Durán,2026-08-14T00:00:00+02:00,1071528,0
2397,Pablo Durán,2026-08-15T00:00:00+02:00,1046490,0
2397,Pablo Durán,2026-08-16T00:00:00+02:00,1019795,0
2400,Pere Milla,2026-06-29T00:00:00+02:00,8000000,0
2400,Pere Milla,2026-06-30T00:00:00+02:00,8000000,0
2400,Pere Milla,2026-07-01T00:00:00+02:00,8000000,0
2400,Pere Milla,2026-07-02T00:00:00+02:00,8000000,0
2400,Pere Milla,2026-07-03T00:00:00+02:00,8003799,0
2400,Pere Milla,2026-07-04T00:00:00+02:00,8013087,0
2400,Pere Milla,2026-07-05T00:00:00+02:00,8021003,0
2400,Pere Milla,2026-07-06T00:00:00+02:00,8030906,0
2400,Pere Milla,2026-07-07T00:00:00+02:00,8030491,0
2400,Pere Milla,2026-07-08T00:00:00+02:00,9129754,0
2400,Pere Milla,2026-07-09T00:00:00+02:00,9443791,0
2400,Pere Milla,2026-07-10T00:00:00+02:00,9626922,0
2400,Pere Milla,2026-07-11T00:00:00+02:00,9876588,0
2400,Pere Milla,2026-07-12T00:00:00+02:00,9829150,0
2400,Pere Milla,2026-07-13T00:00:00+02:00,9924834,0
2400,Pere Milla,2026-07-14T00:00:00+02:00,9878922,0
2400,Pere Milla,2026-07-15T00:00:00+02:00,9932900,0
2400,Pere Milla,2026-07-16T00:00:00+02:00,10029149,0
2400,Pere Milla,2026-07-17T00:00:00+02:00,10023039,0
2400,Pere Milla,2026-07-18T00:00:00+02:00,10065791,0
2400,Pere Milla,2026-07-19T00:00:00+02:00,10090081,0
2400,Pere Milla,2026-07-20T00:00:00+02:00,10112523,0
2400,Pere Milla,2026-07-21T00:00:00+02:00,10158384,0
2400,Pere Milla,2026-07-22T00:00:00+02:00,10202297,0
2400,Pere Milla,2026-07-23T00:00:00+02:00,10413004,0
2400,Pere Milla,2026-07-24T00:00:00+02:00,10515350,0
2400,Pere Milla,2026-07-25T00:00:00+02:00,10666651,0
2400,Pere Milla,2026-07-26T00:00:00+02:00,10745173,0
2400,Pere Milla,2026-07-27T00:00:00+02:00,10776305,0
2400,Pere Milla,2026-07-28T00:00:00+02:00,10813596,0
2400,Pere Milla,2026-07-29T00:00:00+02:00,10806242,0
2400,Pere Milla,2026-07-30T00:00:00+02:00,10783753,0
2400,Pere Milla,2026-07-31T00:00:00+02:00,10720790,0
2400,Pere Milla,2026-08-01T00:00:00+02:00,10633972,0
2400,Pere Milla,2026-08-02T00:00:00+02:00,10579003,0
2400,Pere Milla,2026-08-03T00:00:00+02:00,10480269,0
2400,Pere Milla,2026-08-04T00:00:00+02:00,10366314,0
2400,Pere Milla,2026-08-05T00:00:00+02:00,10261143,0
2400,Pere Milla,2026-08-06T00:00:00+02:00,10112333,0
2400,Pere Milla,2026-08-07T00:00:00+02:00,10016990,0
2400,Pere Milla,2026-08-08T00:00:00+02:00,9961440,0
2400,Pere Milla,2026-08-09T00:00:00+02:00,9874844,0
2400,Pere Milla,2026-08-10T00:00:00+02:00,9824126,0
2400,Pere Milla,2026-08-11T00:00:00+02:00,9775879,0
2400,Pere Milla,2026-08-12T00:00:00+02:00,9758139,0
2400,Pere Milla,2026-08-13T00:00:00+02:00,9655318,0
2400,Pere Milla,2026-08-14T00:00:00+02:00,9580233,0
2400,Pere Milla,2026-08-15T00:00:00+02:00,9584112,0
2400,Pere Milla,2026-08-16T00:00:00+02:00,9566323,0
2419,Aitor Ruibal,2026-06-29T00:00:00+02:00,7000000,0
2419,Aitor Ruibal,2026-06-30T00:00:00+02:00,7000000,0
2419,Aitor Ruibal,2026-07-01T00:00:00+02:00,7000000,0
2419,Aitor Ruibal,2026-07-02T00:00:00+02:00,7000000,0
2419,Aitor Ruibal,2026-07-03T00:00:00+02:00,7003324,0
2419,Aitor Ruibal,2026-07-04T00:00:00+02:00,7011451,0
2419,Aitor Ruibal,2026-07-05T00:00:00+02:00,7018377,0
2419,Aitor Ruibal,2026-07-06T00:00:00+02:00,7027042,0
2419,Aitor Ruibal,2026-07-07T00:00:00+02:00,7026679,0
2419,Aitor Ruibal,2026-07-08T00:00:00+02:00,6962378,0
2419,Aitor Ruibal,2026-07-09T00:00:00+02:00,6901317,0
2419,Aitor Ruibal,2026-07-10T00:00:00+02:00,6756424,0
2419,Aitor Ruibal,2026-07-11T00:00:00+02:00,6632593,0
2419,Aitor Ruibal,2026-07-12T00:00:00+02:00,6477047,0
2419,Aitor Ruibal,2026-07-13T00:00:00+02:00,6336961,0
2419,Aitor Ruibal,2026-07-14T00:00:00+02:00,6191216,0
2419,Aitor Ruibal,2026-07-15T00:00:00+02:00,6059011,0
2419,Aitor Ruibal,2026-07-16T00:00:00+02:00,5894458,0
2419,Aitor Ruibal,2026-07-17T00:00:00+02:00,5717123,0
2419,Aitor Ruibal,2026-07-18T00:00:00+02:00,5549228,0
2419,Aitor Ruibal,2026-07-19T00:00:00+02:00,5380205,0
2419,Aitor Ruibal,2026-07-20T00:00:00+02:00,5224837,0
2419,Aitor Ruibal,2026-07-21T00:00:00+02:00,5073045,0
2419,Aitor Ruibal,2026-07-22T00:00:00+02:00,4911699,0
2419,Aitor Ruibal,2026-07-23T00:00:00+02:00,4759996,0
2419,Aitor Ruibal,2026-07-24T00:00:00+02:00,4611567,0
2419,Aitor Ruibal,2026-07-25T00:00:00+02:00,4471891,0
2419,Aitor Ruibal,2026-07-26T00:00:00+02:00,4335985,0
2419,Aitor Ruibal,2026-07-27T00:00:00+02:00,4206388,0
2419,Aitor Ruibal,2026-07-28T00:00:00+02:00,4082096,0
2419,Aitor Ruibal,2026-07-29T00:00:00+02:00,3956912,0
2419,Aitor Ruibal,2026-07-30T00:00:00+02:00,3836011,0
2419,Aitor Ruibal,2026-07-31T00:00:00+02:00,3719645,0
2419,Aitor Ruibal,2026-08-01T00:00:00+02:00,3607530,0
2419,Aitor Ruibal,2026-08-02T00:00:00+02:00,3501169,0
2419,Aitor Ruibal,2026-08-03T00:00:00+02:00,3393748,0
2419,Aitor Ruibal,2026-08-04T00:00:00+02:00,3288925,0
2419,Aitor Ruibal,2026-08-05T00:00:00+02:00,3187892,0
2419,Aitor Ruibal,2026-08-06T00:00:00+02:00,3088155,0
2419,Aitor Ruibal,2026-08-07T00:00:00+02:00,2993901,0
2419,Aitor Ruibal,2026-08-08T00:00:00+02:00,2903528,0
2419,Aitor Ruibal,2026-08-09T00:00:00+02:00,2816322,0
2419,Aitor Ruibal,2026-08-10T00:00:00+02:00,2733279,0
2419,Aitor Ruibal,2026-08-11T00:00:00+02:00,2650645,0
2419,Aitor Ruibal,2026-08-12T00:00:00+02:00,2570581,0
2419,Aitor Ruibal,2026-08-13T00:00:00+02:00,2491640,0
2419,Aitor Ruibal,2026-08-14T00:00:00+02:00,2414904,0
2419,Aitor Ruibal,2026-08-15T00:00:00+02:00,2345544,0
2419,Aitor Ruibal,2026-08-16T00:00:00+02:00,2278452,0
2420,Bakambu,2026-06-29T00:00:00+02:00,4200000,0
2420,Bakambu,2026-06-30T00:00:00+02:00,4200000,0
2420,Bakambu,2026-07-01T00:00:00+02:00,4200000,0
2420,Bakambu,2026-07-02T00:00:00+02:00,4200000,0
2420,Bakambu,2026-07-03T00:00:00+02:00,4201994,0
2420,Bakambu,2026-07-04T00:00:00+02:00,4206870,0
2420,Bakambu,2026-07-05T00:00:00+02:00,4211026,0
2421,Chimy Ávila,2026-06-29T00:00:00+02:00,5600000,0
2421,Chimy Ávila,2026-06-30T00:00:00+02:00,5600000,0
2421,Chimy Ávila,2026-07-01T00:00:00+02:00,5600000,0
2421,Chimy Ávila,2026-07-02T00:00:00+02:00,5600000,0
2421,Chimy Ávila,2026-07-03T00:00:00+02:00,5602659,0
2421,Chimy Ávila,2026-07-04T00:00:00+02:00,5609160,0
2421,Chimy Ávila,2026-07-05T00:00:00+02:00,5614701,0
2434,Rodrygo,2026-06-29T00:00:00+02:00,5000000,0
2434,Rodrygo,2026-06-30T00:00:00+02:00,5000000,0
2434,Rodrygo,2026-07-01T00:00:00+02:00,5000000,0
2434,Rodrygo,2026-07-02T00:00:00+02:00,5000000,0
2434,Rodrygo,2026-07-03T00:00:00+02:00,5002374,0
2434,Rodrygo,2026-07-04T00:00:00+02:00,5008179,0
2434,Rodrygo,2026-07-05T00:00:00+02:00,5013126,0
2434,Rodrygo,2026-07-06T00:00:00+02:00,5019315,0
2434,Rodrygo,2026-07-07T00:00:00+02:00,5019055,0
2434,Rodrygo,2026-07-08T00:00:00+02:00,4998674,0
2434,Rodrygo,2026-07-09T00:00:00+02:00,5096447,0
2434,Rodrygo,2026-07-10T00:00:00+02:00,5173427,0
2434,Rodrygo,2026-07-11T00:00:00+02:00,5244524,0
2434,Rodrygo,2026-07-12T00:00:00+02:00,5280787,0
2434,Rodrygo,2026-07-13T00:00:00+02:00,5387366,0
2434,Rodrygo,2026-07-14T00:00:00+02:00,5460199,0
2434,Rodrygo,2026-07-15T00:00:00+02:00,5572031,0
2434,Rodrygo,2026-07-16T00:00:00+02:00,5653511,0
2434,Rodrygo,2026-07-17T00:00:00+02:00,5597682,0
2434,Rodrygo,2026-07-18T00:00:00+02:00,5506841,0
2434,Rodrygo,2026-07-19T00:00:00+02:00,5413680,0
2434,Rodrygo,2026-07-20T00:00:00+02:00,5319276,0
2434,Rodrygo,2026-07-21T00:00:00+02:00,5226640,0
2434,Rodrygo,2026-07-22T00:00:00+02:00,5110297,0
2434,Rodrygo,2026-07-23T00:00:00+02:00,5005345,0
2434,Rodrygo,2026-07-24T00:00:00+02:00,4896324,0
2434,Rodrygo,2026-07-25T00:00:00+02:00,4813974,0
2434,Rodrygo,2026-07-26T00:00:00+02:00,4713162,0
2434,Rodrygo,2026-07-27T00:00:00+02:00,4615197,0
2434,Rodrygo,2026-07-28T00:00:00+02:00,4524555,0
2434,Rodrygo,2026-07-29T00:00:00+02:00,4422912,0
2434,Rodrygo,2026-07-30T00:00:00+02:00,4325193,0
2434,Rodrygo,2026-07-31T00:00:00+02:00,4224199,0
2434,Rodrygo,2026-08-01T00:00:00+02:00,4130567,0
2434,Rodrygo,2026-08-02T00:00:00+02:00,4064093,0
2434,Rodrygo,2026-08-03T00:00:00+02:00,3967184,0
2434,Rodrygo,2026-08-04T00:00:00+02:00,3876798,0
2434,Rodrygo,2026-08-05T00:00:00+02:00,3793262,0
2434,Rodrygo,2026-08-06T00:00:00+02:00,3712570,0
2434,Rodrygo,2026-08-07T00:00:00+02:00,3628066,0
2434,Rodrygo,2026-08-08T00:00:00+02:00,3559257,0
2434,Rodrygo,2026-08-09T00:00:00+02:00,3483473,0
2434,Rodrygo,2026-08-10T00:00:00+02:00,3404283,0
2434,Rodrygo,2026-08-11T00:00:00+02:00,3323752,0
2434,Rodrygo,2026-08-12T00:00:00+02:00,3247247,0
2434,Rodrygo,2026-08-13T00:00:00+02:00,3172346,0
2434,Rodrygo,2026-08-14T00:00:00+02:00,3103115,0
2434,Rodrygo,2026-08-15T00:00:00+02:00,3028593,0
2434,Rodrygo,2026-08-16T00:00:00+02:00,2972801,0
2448,Oskarsson,2026-06-29T00:00:00+02:00,15000000,0
2448,Oskarsson,2026-06-30T00:00:00+02:00,15000000,0
2448,Oskarsson,2026-07-01T00:00:00+02:00,15000000,0
2448,Oskarsson,2026-07-02T00:00:00+02:00,15000000,0
2448,Oskarsson,2026-07-03T00:00:00+02:00,15007124,0
2448,Oskarsson,2026-07-04T00:00:00+02:00,15024539,0
2448,Oskarsson,2026-07-05T00:00:00+02:00,15039382,0
2448,Oskarsson,2026-07-06T00:00:00+02:00,15057950,0
2448,Oskarsson,2026-07-07T00:00:00+02:00,15057172,0
2448,Oskarsson,2026-07-08T00:00:00+02:00,15018358,0
2448,Oskarsson,2026-07-09T00:00:00+02:00,14998910,0
2448,Oskarsson,2026-07-10T00:00:00+02:00,14707967,0
2448,Oskarsson,2026-07-11T00:00:00+02:00,14484620,0
2448,Oskarsson,2026-07-12T00:00:00+02:00,14216062,0
2448,Oskarsson,2026-07-13T00:00:00+02:00,13901720,0
2448,Oskarsson,2026-07-14T00:00:00+02:00,13630958,0
2448,Oskarsson,2026-07-15T00:00:00+02:00,13334874,0
2448,Oskarsson,2026-07-16T00:00:00+02:00,13080295,0
2448,Oskarsson,2026-07-17T00:00:00+02:00,12896314,0
2448,Oskarsson,2026-07-18T00:00:00+02:00,12619791,0
2448,Oskarsson,2026-07-19T00:00:00+02:00,12372544,0
2448,Oskarsson,2026-07-20T00:00:00+02:00,12156108,0
2448,Oskarsson,2026-07-21T00:00:00+02:00,11943878,0
2448,Oskarsson,2026-07-22T00:00:00+02:00,11654376,0
2448,Oskarsson,2026-07-23T00:00:00+02:00,11478812,0
2448,Oskarsson,2026-07-24T00:00:00+02:00,11242845,0
2448,Oskarsson,2026-07-25T00:00:00+02:00,11033470,0
2448,Oskarsson,2026-07-26T00:00:00+02:00,10784092,0
2448,Oskarsson,2026-07-27T00:00:00+02:00,10560077,0
2448,Oskarsson,2026-07-28T00:00:00+02:00,10370226,0
2448,Oskarsson,2026-07-29T00:00:00+02:00,10153803,0
2448,Oskarsson,2026-07-30T00:00:00+02:00,10000004,0
2448,Oskarsson,2026-07-31T00:00:00+02:00,9844025,0
2448,Oskarsson,2026-08-01T00:00:00+02:00,9711619,0
2448,Oskarsson,2026-08-02T00:00:00+02:00,9572486,0
2448,Oskarsson,2026-08-03T00:00:00+02:00,9414018,0
2448,Oskarsson,2026-08-04T00:00:00+02:00,9266726,0
2448,Oskarsson,2026-08-05T00:00:00+02:00,9109059,0
2448,Oskarsson,2026-08-06T00:00:00+02:00,8941838,0
2448,Oskarsson,2026-08-07T00:00:00+02:00,8793098,0
2448,Oskarsson,2026-08-08T00:00:00+02:00,8636120,0
2448,Oskarsson,2026-08-09T00:00:00+02:00,8530180,0
2448,Oskarsson,2026-08-10T00:00:00+02:00,8398015,0
2448,Oskarsson,2026-08-11T00:00:00+02:00,8266065,0
2448,Oskarsson,2026-08-12T00:00:00+02:00,8127305,0
2448,Oskarsson,2026-08-13T00:00:00+02:00,7986224,0
2448,Oskarsson,2026-08-14T00:00:00+02:00,7866221,0
2448,Oskarsson,2026-08-15T00:00:00+02:00,7777964,0
2448,Oskarsson,2026-08-16T00:00:00+02:00,7711925,0
2454,Ejuke,2026-06-29T00:00:00+02:00,5000000,0
2454,Ejuke,2026-06-30T00:00:00+02:00,5000000,0
2454,Ejuke,2026-07-01T00:00:00+02:00,5000000,0
2454,Ejuke,2026-07-02T00:00:00+02:00,5000000,0
2454,Ejuke,2026-07-03T00:00:00+02:00,5002374,0
2454,Ejuke,2026-07-04T00:00:00+02:00,5008179,0
2454,Ejuke,2026-07-05T00:00:00+02:00,5013126,0
2454,Ejuke,2026-07-06T00:00:00+02:00,5019315,0
2454,Ejuke,2026-07-07T00:00:00+02:00,5019055,0
2454,Ejuke,2026-07-08T00:00:00+02:00,4954950,0
2454,Ejuke,2026-07-09T00:00:00+02:00,4865345,0
2454,Ejuke,2026-07-10T00:00:00+02:00,4834269,0
2454,Ejuke,2026-07-11T00:00:00+02:00,4743513,0
2454,Ejuke,2026-07-12T00:00:00+02:00,4643361,0
2454,Ejuke,2026-07-13T00:00:00+02:00,4548596,0
2454,Ejuke,2026-07-14T00:00:00+02:00,4460537,0
2454,Ejuke,2026-07-15T00:00:00+02:00,4370346,0
2454,Ejuke,2026-07-16T00:00:00+02:00,4279550,0
2454,Ejuke,2026-07-17T00:00:00+02:00,4211989,0
2454,Ejuke,2026-07-18T00:00:00+02:00,4145057,0
2454,Ejuke,2026-07-19T00:00:00+02:00,4061522,0
2454,Ejuke,2026-07-20T00:00:00+02:00,3977023,0
2454,Ejuke,2026-07-21T00:00:00+02:00,3894821,0
2454,Ejuke,2026-07-22T00:00:00+02:00,3812945,0
2454,Ejuke,2026-07-23T00:00:00+02:00,3757416,0
2454,Ejuke,2026-07-24T00:00:00+02:00,3691128,0
2454,Ejuke,2026-07-25T00:00:00+02:00,3639031,0
2454,Ejuke,2026-07-26T00:00:00+02:00,3588556,0
2454,Ejuke,2026-07-27T00:00:00+02:00,3527744,0
2454,Ejuke,2026-07-28T00:00:00+02:00,3480201,0
2454,Ejuke,2026-07-29T00:00:00+02:00,3420733,0
2454,Ejuke,2026-07-30T00:00:00+02:00,3366188,0
2454,Ejuke,2026-07-31T00:00:00+02:00,3312801,0
2454,Ejuke,2026-08-01T00:00:00+02:00,3264115,0
2454,Ejuke,2026-08-02T00:00:00+02:00,3218473,0
2454,Ejuke,2026-08-03T00:00:00+02:00,3168412,0
2454,Ejuke,2026-08-04T00:00:00+02:00,3125006,0
2454,Ejuke,2026-08-05T00:00:00+02:00,3079820,0
2454,Ejuke,2026-08-06T00:00:00+02:00,3033872,0
2454,Ejuke,2026-08-07T00:00:00+02:00,2989478,0
2454,Ejuke,2026-08-08T00:00:00+02:00,2947456,0
2454,Ejuke,2026-08-09T00:00:00+02:00,2913976,0
2454,Ejuke,2026-08-10T00:00:00+02:00,2879858,0
2454,Ejuke,2026-08-11T00:00:00+02:00,2849527,0
2454,Ejuke,2026-08-12T00:00:00+02:00,2813284,0
2454,Ejuke,2026-08-13T00:00:00+02:00,2773368,0
2454,Ejuke,2026-08-14T00:00:00+02:00,2747641,0
2454,Ejuke,2026-08-15T00:00:00+02:00,2728027,0
2454,Ejuke,2026-08-16T00:00:00+02:00,2706102,0
2455,Peque,2026-06-29T00:00:00+02:00,4500000,0
2455,Peque,2026-06-30T00:00:00+02:00,4500000,0
2455,Peque,2026-07-01T00:00:00+02:00,4500000,0
2455,Peque,2026-07-02T00:00:00+02:00,4500000,0
2455,Peque,2026-07-03T00:00:00+02:00,4502137,0
2455,Peque,2026-07-04T00:00:00+02:00,4507361,0
2455,Peque,2026-07-05T00:00:00+02:00,4511814,0
2455,Peque,2026-07-06T00:00:00+02:00,4517384,0
2455,Peque,2026-07-07T00:00:00+02:00,4517150,0
2455,Peque,2026-07-08T00:00:00+02:00,4398029,0
2455,Peque,2026-07-09T00:00:00+02:00,4282046,0
2455,Peque,2026-07-10T00:00:00+02:00,4180787,0
2455,Peque,2026-07-11T00:00:00+02:00,4064266,0
2455,Peque,2026-07-12T00:00:00+02:00,3960118,0
2455,Peque,2026-07-13T00:00:00+02:00,3850959,0
2455,Peque,2026-07-14T00:00:00+02:00,3740429,0
2455,Peque,2026-07-15T00:00:00+02:00,3636100,0
2455,Peque,2026-07-16T00:00:00+02:00,3527327,0
2455,Peque,2026-07-17T00:00:00+02:00,3429783,0
2455,Peque,2026-07-18T00:00:00+02:00,3341272,0
2455,Peque,2026-07-19T00:00:00+02:00,3252039,0
2455,Peque,2026-07-20T00:00:00+02:00,3165979,0
2455,Peque,2026-07-21T00:00:00+02:00,3092007,0
2455,Peque,2026-07-22T00:00:00+02:00,3009835,0
2455,Peque,2026-07-23T00:00:00+02:00,2935662,0
2455,Peque,2026-07-24T00:00:00+02:00,2862969,0
2455,Peque,2026-07-25T00:00:00+02:00,2789554,0
2455,Peque,2026-07-26T00:00:00+02:00,2724115,0
2455,Peque,2026-07-27T00:00:00+02:00,2651598,0
2455,Peque,2026-07-28T00:00:00+02:00,2592848,0
2455,Peque,2026-07-29T00:00:00+02:00,2527772,0
2455,Peque,2026-07-30T00:00:00+02:00,2463800,0
2455,Peque,2026-07-31T00:00:00+02:00,2403556,0
2455,Peque,2026-08-01T00:00:00+02:00,2342345,0
2455,Peque,2026-08-02T00:00:00+02:00,2288919,0
2455,Peque,2026-08-03T00:00:00+02:00,2233466,0
2455,Peque,2026-08-04T00:00:00+02:00,2188823,0
2455,Peque,2026-08-05T00:00:00+02:00,2142791,0
2455,Peque,2026-08-06T00:00:00+02:00,2098854,0
2455,Peque,2026-08-07T00:00:00+02:00,2061516,0
2455,Peque,2026-08-08T00:00:00+02:00,2023147,0
2455,Peque,2026-08-09T00:00:00+02:00,1989838,0
2455,Peque,2026-08-10T00:00:00+02:00,1951786,0
2455,Peque,2026-08-11T00:00:00+02:00,1917912,0
2455,Peque,2026-08-12T00:00:00+02:00,1887672,0
2455,Peque,2026-08-13T00:00:00+02:00,1852324,0
2455,Peque,2026-08-14T00:00:00+02:00,1826933,0
2455,Peque,2026-08-15T00:00:00+02:00,1809481,0
2455,Peque,2026-08-16T00:00:00+02:00,1796418,0
2456,Isaac,2026-06-29T00:00:00+02:00,8000000,0
2456,Isaac,2026-06-30T00:00:00+02:00,8000000,0
2456,Isaac,2026-07-01T00:00:00+02:00,8000000,0
2456,Isaac,2026-07-02T00:00:00+02:00,8000000,0
2456,Isaac,2026-07-03T00:00:00+02:00,8003799,0
2456,Isaac,2026-07-04T00:00:00+02:00,8013087,0
2456,Isaac,2026-07-05T00:00:00+02:00,8021003,0
2456,Isaac,2026-07-06T00:00:00+02:00,8030906,0
2456,Isaac,2026-07-07T00:00:00+02:00,8030491,0
2456,Isaac,2026-07-08T00:00:00+02:00,8456297,0
2456,Isaac,2026-07-09T00:00:00+02:00,8510557,0
2456,Isaac,2026-07-10T00:00:00+02:00,8553471,0
2456,Isaac,2026-07-11T00:00:00+02:00,8533734,0
2456,Isaac,2026-07-12T00:00:00+02:00,8461562,0
2456,Isaac,2026-07-13T00:00:00+02:00,8309157,0
2456,Isaac,2026-07-14T00:00:00+02:00,8182086,0
2456,Isaac,2026-07-15T00:00:00+02:00,8048219,0
2456,Isaac,2026-07-16T00:00:00+02:00,7900759,0
2456,Isaac,2026-07-17T00:00:00+02:00,7779153,0
2456,Isaac,2026-07-18T00:00:00+02:00,7601323,0
2456,Isaac,2026-07-19T00:00:00+02:00,7449994,0
2456,Isaac,2026-07-20T00:00:00+02:00,7313427,0
2456,Isaac,2026-07-21T00:00:00+02:00,7179700,0
2456,Isaac,2026-07-22T00:00:00+02:00,7046014,0
2456,Isaac,2026-07-23T00:00:00+02:00,6945097,0
2456,Isaac,2026-07-24T00:00:00+02:00,6844751,0
2456,Isaac,2026-07-25T00:00:00+02:00,6767452,0
2456,Isaac,2026-07-26T00:00:00+02:00,6698863,0
2456,Isaac,2026-07-27T00:00:00+02:00,6619939,0
2456,Isaac,2026-07-28T00:00:00+02:00,6520423,0
2456,Isaac,2026-07-29T00:00:00+02:00,6433836,0
2456,Isaac,2026-07-30T00:00:00+02:00,6374776,0
2456,Isaac,2026-07-31T00:00:00+02:00,6308687,0
2456,Isaac,2026-08-01T00:00:00+02:00,6243166,0
2456,Isaac,2026-08-02T00:00:00+02:00,6201100,0
2456,Isaac,2026-08-03T00:00:00+02:00,6163163,0
2456,Isaac,2026-08-04T00:00:00+02:00,6131172,0
2456,Isaac,2026-08-05T00:00:00+02:00,6112064,0
2456,Isaac,2026-08-06T00:00:00+02:00,6079931,0
2456,Isaac,2026-08-07T00:00:00+02:00,6072479,0
2456,Isaac,2026-08-08T00:00:00+02:00,6083635,0
2456,Isaac,2026-08-09T00:00:00+02:00,6112184,0
2456,Isaac,2026-08-10T00:00:00+02:00,6154640,0
2456,Isaac,2026-08-11T00:00:00+02:00,6219131,0
2456,Isaac,2026-08-12T00:00:00+02:00,6278573,0
2456,Isaac,2026-08-13T00:00:00+02:00,6307159,0
2456,Isaac,2026-08-14T00:00:00+02:00,6361102,0
2456,Isaac,2026-08-15T00:00:00+02:00,6441463,0
2456,Isaac,2026-08-16T00:00:00+02:00,6509025,0
2477,I. Akhomach,2026-06-29T00:00:00+02:00,8000000,0
2477,I. Akhomach,2026-06-30T00:00:00+02:00,8000000,0
2477,I. Akhomach,2026-07-01T00:00:00+02:00,8000000,0
2477,I. Akhomach,2026-07-02T00:00:00+02:00,8000000,0
2477,I. Akhomach,2026-07-03T00:00:00+02:00,8003799,0
2477,I. Akhomach,2026-07-04T00:00:00+02:00,8013087,0
2477,I. Akhomach,2026-07-05T00:00:00+02:00,8021003,0
2477,I. Akhomach,2026-07-29T00:00:00+02:00,7755084,0
2477,I. Akhomach,2026-07-30T00:00:00+02:00,7500781,0
2477,I. Akhomach,2026-07-31T00:00:00+02:00,7308151,0
2477,I. Akhomach,2026-08-01T00:00:00+02:00,7140281,0
2477,I. Akhomach,2026-08-02T00:00:00+02:00,6984896,0
2477,I. Akhomach,2026-08-03T00:00:00+02:00,6808298,0
2477,I. Akhomach,2026-08-04T00:00:00+02:00,6650561,0
2477,I. Akhomach,2026-08-05T00:00:00+02:00,6488328,0
2477,I. Akhomach,2026-08-06T00:00:00+02:00,6329043,0
2477,I. Akhomach,2026-08-07T00:00:00+02:00,6173762,0
2477,I. Akhomach,2026-08-08T00:00:00+02:00,6031379,0
2477,I. Akhomach,2026-08-09T00:00:00+02:00,5900855,0
2477,I. Akhomach,2026-08-10T00:00:00+02:00,5776857,0
2477,I. Akhomach,2026-08-11T00:00:00+02:00,5647812,0
2477,I. Akhomach,2026-08-12T00:00:00+02:00,5536008,0
2477,I. Akhomach,2026-08-13T00:00:00+02:00,5413309,0
2477,I. Akhomach,2026-08-14T00:00:00+02:00,5295662,0
2477,I. Akhomach,2026-08-15T00:00:00+02:00,5203309,0
2477,I. Akhomach,2026-08-16T00:00:00+02:00,5122165,0
2488,B. Mayoral,2026-06-29T00:00:00+02:00,4700000,0
2488,B. Mayoral,2026-06-30T00:00:00+02:00,4700000,0
2488,B. Mayoral,2026-07-01T00:00:00+02:00,4700000,0
2488,B. Mayoral,2026-07-02T00:00:00+02:00,4700000,0
2488,B. Mayoral,2026-07-03T00:00:00+02:00,4702232,0
2488,B. Mayoral,2026-07-04T00:00:00+02:00,4707688,0
2488,B. Mayoral,2026-07-05T00:00:00+02:00,4712338,0
2488,B. Mayoral,2026-07-06T00:00:00+02:00,4718156,0
2488,B. Mayoral,2026-07-07T00:00:00+02:00,4717912,0
2488,B. Mayoral,2026-07-08T00:00:00+02:00,4660551,0
2488,B. Mayoral,2026-07-09T00:00:00+02:00,4575743,0
2488,B. Mayoral,2026-07-10T00:00:00+02:00,4497124,0
2488,B. Mayoral,2026-07-11T00:00:00+02:00,4435381,0
2488,B. Mayoral,2026-07-12T00:00:00+02:00,4362398,0
2488,B. Mayoral,2026-07-13T00:00:00+02:00,4297116,0
2488,B. Mayoral,2026-07-14T00:00:00+02:00,4234892,0
2488,B. Mayoral,2026-07-15T00:00:00+02:00,4161950,0
2488,B. Mayoral,2026-07-16T00:00:00+02:00,4087320,0
2488,B. Mayoral,2026-07-17T00:00:00+02:00,4022882,0
2488,B. Mayoral,2026-07-18T00:00:00+02:00,3970477,0
2488,B. Mayoral,2026-07-19T00:00:00+02:00,3909264,0
2488,B. Mayoral,2026-07-20T00:00:00+02:00,3868585,0
2488,B. Mayoral,2026-07-21T00:00:00+02:00,3808661,0
2488,B. Mayoral,2026-07-22T00:00:00+02:00,3745448,0
2488,B. Mayoral,2026-07-23T00:00:00+02:00,3699815,0
2488,B. Mayoral,2026-07-24T00:00:00+02:00,3649238,0
2488,B. Mayoral,2026-07-25T00:00:00+02:00,3609044,0
2488,B. Mayoral,2026-07-26T00:00:00+02:00,3565556,0
2488,B. Mayoral,2026-07-27T00:00:00+02:00,3513733,0
2488,B. Mayoral,2026-07-28T00:00:00+02:00,3483434,0
2488,B. Mayoral,2026-07-29T00:00:00+02:00,3423800,0
2488,B. Mayoral,2026-07-30T00:00:00+02:00,3373509,0
2488,B. Mayoral,2026-07-31T00:00:00+02:00,3335250,0
2488,B. Mayoral,2026-08-01T00:00:00+02:00,3299375,0
2488,B. Mayoral,2026-08-02T00:00:00+02:00,3265478,0
2488,B. Mayoral,2026-08-03T00:00:00+02:00,3230383,0
2488,B. Mayoral,2026-08-04T00:00:00+02:00,3189347,0
2488,B. Mayoral,2026-08-05T00:00:00+02:00,3152023,0
2488,B. Mayoral,2026-08-06T00:00:00+02:00,3112866,0
2488,B. Mayoral,2026-08-07T00:00:00+02:00,3077672,0
2488,B. Mayoral,2026-08-08T00:00:00+02:00,3054989,0
2488,B. Mayoral,2026-08-09T00:00:00+02:00,3039399,0
2488,B. Mayoral,2026-08-10T00:00:00+02:00,3026716,0
2488,B. Mayoral,2026-08-11T00:00:00+02:00,3014313,0
2488,B. Mayoral,2026-08-12T00:00:00+02:00,3004624,0
2488,B. Mayoral,2026-08-13T00:00:00+02:00,2983619,0
2488,B. Mayoral,2026-08-14T00:00:00+02:00,2974695,0
2488,B. Mayoral,2026-08-15T00:00:00+02:00,2971005,0
2488,B. Mayoral,2026-08-16T00:00:00+02:00,2965368,0
2492,Iago Aspas,2026-06-29T00:00:00+02:00,10700000,0
2492,Iago Aspas,2026-06-30T00:00:00+02:00,10700000,0
2492,Iago Aspas,2026-07-01T00:00:00+02:00,10700000,0
2492,Iago Aspas,2026-07-02T00:00:00+02:00,10700000,0
2492,Iago Aspas,2026-07-03T00:00:00+02:00,10705082,0
2492,Iago Aspas,2026-07-04T00:00:00+02:00,10717504,0
2492,Iago Aspas,2026-07-05T00:00:00+02:00,10728092,0
2492,Iago Aspas,2026-07-06T00:00:00+02:00,10741337,0
2492,Iago Aspas,2026-07-07T00:00:00+02:00,10740782,0
2492,Iago Aspas,2026-07-08T00:00:00+02:00,10738565,0
2492,Iago Aspas,2026-07-09T00:00:00+02:00,11181914,0
2492,Iago Aspas,2026-07-10T00:00:00+02:00,11536758,0
2492,Iago Aspas,2026-07-11T00:00:00+02:00,11819277,0
2492,Iago Aspas,2026-07-12T00:00:00+02:00,11942858,0
2492,Iago Aspas,2026-07-13T00:00:00+02:00,11846057,0
2492,Iago Aspas,2026-07-14T00:00:00+02:00,11739560,0
2492,Iago Aspas,2026-07-15T00:00:00+02:00,11545831,0
2492,Iago Aspas,2026-07-16T00:00:00+02:00,11313960,0
2492,Iago Aspas,2026-07-17T00:00:00+02:00,11124144,0
2492,Iago Aspas,2026-07-18T00:00:00+02:00,10959332,0
2492,Iago Aspas,2026-07-19T00:00:00+02:00,10780405,0
2492,Iago Aspas,2026-07-20T00:00:00+02:00,10589068,0
2492,Iago Aspas,2026-07-21T00:00:00+02:00,10442106,0
2492,Iago Aspas,2026-07-22T00:00:00+02:00,10223148,0
2492,Iago Aspas,2026-07-23T00:00:00+02:00,10079127,0
2492,Iago Aspas,2026-07-24T00:00:00+02:00,9888490,0
2492,Iago Aspas,2026-07-25T00:00:00+02:00,9737751,0
2492,Iago Aspas,2026-07-26T00:00:00+02:00,9646667,0
2492,Iago Aspas,2026-07-27T00:00:00+02:00,9471213,0
2492,Iago Aspas,2026-07-28T00:00:00+02:00,9373965,0
2492,Iago Aspas,2026-07-29T00:00:00+02:00,9231459,0
2492,Iago Aspas,2026-07-30T00:00:00+02:00,9101710,0
2492,Iago Aspas,2026-07-31T00:00:00+02:00,8946660,0
2492,Iago Aspas,2026-08-01T00:00:00+02:00,8807236,0
2492,Iago Aspas,2026-08-02T00:00:00+02:00,8687328,0
2492,Iago Aspas,2026-08-03T00:00:00+02:00,8548336,0
2492,Iago Aspas,2026-08-04T00:00:00+02:00,8400218,0
2492,Iago Aspas,2026-08-05T00:00:00+02:00,8284921,0
2492,Iago Aspas,2026-08-06T00:00:00+02:00,8156835,0
2492,Iago Aspas,2026-08-07T00:00:00+02:00,8034607,0
2492,Iago Aspas,2026-08-08T00:00:00+02:00,7921674,0
2492,Iago Aspas,2026-08-09T00:00:00+02:00,7810366,0
2492,Iago Aspas,2026-08-10T00:00:00+02:00,7698751,0
2492,Iago Aspas,2026-08-11T00:00:00+02:00,7570852,0
2492,Iago Aspas,2026-08-12T00:00:00+02:00,7457549,0
2492,Iago Aspas,2026-08-13T00:00:00+02:00,7339145,0
2492,Iago Aspas,2026-08-14T00:00:00+02:00,7238414,0
2492,Iago Aspas,2026-08-15T00:00:00+02:00,7198815,0
2492,Iago Aspas,2026-08-16T00:00:00+02:00,7158101,0
2501,Nico Serrano,2026-06-29T00:00:00+02:00,2800000,0
2501,Nico Serrano,2026-06-30T00:00:00+02:00,2800000,0
2501,Nico Serrano,2026-07-01T00:00:00+02:00,2800000,0
2501,Nico Serrano,2026-07-02T00:00:00+02:00,2800000,0
2501,Nico Serrano,2026-07-03T00:00:00+02:00,2801329,0
2501,Nico Serrano,2026-07-04T00:00:00+02:00,2804579,0
2501,Nico Serrano,2026-07-05T00:00:00+02:00,2807349,0
2501,Nico Serrano,2026-07-06T00:00:00+02:00,2700843,0
2501,Nico Serrano,2026-07-07T00:00:00+02:00,2700703,0
2501,Nico Serrano,2026-07-08T00:00:00+02:00,2621790,0
2501,Nico Serrano,2026-07-09T00:00:00+02:00,2544371,0
2501,Nico Serrano,2026-07-10T00:00:00+02:00,2476756,0
2501,Nico Serrano,2026-07-11T00:00:00+02:00,2405137,0
2501,Nico Serrano,2026-07-12T00:00:00+02:00,2339660,0
2501,Nico Serrano,2026-07-13T00:00:00+02:00,2269130,0
2501,Nico Serrano,2026-07-14T00:00:00+02:00,2200911,0
2501,Nico Serrano,2026-07-15T00:00:00+02:00,2134373,0
2501,Nico Serrano,2026-07-16T00:00:00+02:00,2071707,0
2501,Nico Serrano,2026-07-17T00:00:00+02:00,2016847,0
2501,Nico Serrano,2026-07-18T00:00:00+02:00,1965294,0
2501,Nico Serrano,2026-07-19T00:00:00+02:00,1911837,0
2501,Nico Serrano,2026-07-20T00:00:00+02:00,1860698,0
2501,Nico Serrano,2026-07-21T00:00:00+02:00,1809376,0
2501,Nico Serrano,2026-07-22T00:00:00+02:00,1754078,0
2501,Nico Serrano,2026-07-23T00:00:00+02:00,1703711,0
2501,Nico Serrano,2026-07-24T00:00:00+02:00,1654200,0
2501,Nico Serrano,2026-07-25T00:00:00+02:00,1608848,0
2501,Nico Serrano,2026-07-26T00:00:00+02:00,1565193,0
2501,Nico Serrano,2026-07-27T00:00:00+02:00,1521223,0
2501,Nico Serrano,2026-07-28T00:00:00+02:00,1479572,0
2501,Nico Serrano,2026-07-29T00:00:00+02:00,1438928,0
2501,Nico Serrano,2026-07-30T00:00:00+02:00,1401655,0
2501,Nico Serrano,2026-07-31T00:00:00+02:00,1360525,0
2501,Nico Serrano,2026-08-01T00:00:00+02:00,1320997,0
2501,Nico Serrano,2026-08-02T00:00:00+02:00,1283140,0
2501,Nico Serrano,2026-08-03T00:00:00+02:00,1246223,0
2501,Nico Serrano,2026-08-04T00:00:00+02:00,1210458,0
2501,Nico Serrano,2026-08-05T00:00:00+02:00,1176001,0
2501,Nico Serrano,2026-08-06T00:00:00+02:00,1143197,0
2501,Nico Serrano,2026-08-07T00:00:00+02:00,1110886,0
2501,Nico Serrano,2026-08-08T00:00:00+02:00,1080350,0
2501,Nico Serrano,2026-08-09T00:00:00+02:00,1052052,0
2501,Nico Serrano,2026-08-10T00:00:00+02:00,1025106,0
2501,Nico Serrano,2026-08-11T00:00:00+02:00,998147,0
2501,Nico Serrano,2026-08-12T00:00:00+02:00,971872,0
2501,Nico Serrano,2026-08-13T00:00:00+02:00,949457,0
2501,Nico Serrano,2026-08-14T00:00:00+02:00,923979,0
2501,Nico Serrano,2026-08-15T00:00:00+02:00,902007,0
2501,Nico Serrano,2026-08-16T00:00:00+02:00,880845,0
2504,Ayoze,2026-06-29T00:00:00+02:00,20000000,0
2504,Ayoze,2026-06-30T00:00:00+02:00,20000000,0
2504,Ayoze,2026-07-01T00:00:00+02:00,20000000,0
2504,Ayoze,2026-07-02T00:00:00+02:00,20000000,0
2504,Ayoze,2026-07-03T00:00:00+02:00,20009499,0
2504,Ayoze,2026-07-04T00:00:00+02:00,20032719,0
2504,Ayoze,2026-07-05T00:00:00+02:00,20052510,0
2504,Ayoze,2026-07-06T00:00:00+02:00,20077267,0
2504,Ayoze,2026-07-07T00:00:00+02:00,20076230,0
2504,Ayoze,2026-07-08T00:00:00+02:00,19979059,0
2504,Ayoze,2026-07-09T00:00:00+02:00,19915409,0
2504,Ayoze,2026-07-10T00:00:00+02:00,19859328,0
2504,Ayoze,2026-07-11T00:00:00+02:00,19692587,0
2504,Ayoze,2026-07-12T00:00:00+02:00,19502973,0
2504,Ayoze,2026-07-13T00:00:00+02:00,19355097,0
2504,Ayoze,2026-07-14T00:00:00+02:00,19164916,0
2504,Ayoze,2026-07-15T00:00:00+02:00,18976561,0
2504,Ayoze,2026-07-16T00:00:00+02:00,18922272,0
2504,Ayoze,2026-07-17T00:00:00+02:00,18789951,0
2504,Ayoze,2026-07-18T00:00:00+02:00,18704879,0
2504,Ayoze,2026-07-19T00:00:00+02:00,18625994,0
2504,Ayoze,2026-07-20T00:00:00+02:00,18514309,0
2504,Ayoze,2026-07-21T00:00:00+02:00,18428344,0
2504,Ayoze,2026-07-22T00:00:00+02:00,18207226,0
2504,Ayoze,2026-07-23T00:00:00+02:00,18136656,0
2504,Ayoze,2026-07-24T00:00:00+02:00,17992209,0
2504,Ayoze,2026-07-25T00:00:00+02:00,17815829,0
2504,Ayoze,2026-07-26T00:00:00+02:00,17710779,0
2504,Ayoze,2026-07-27T00:00:00+02:00,17551496,0
2504,Ayoze,2026-07-28T00:00:00+02:00,17356821,0
2504,Ayoze,2026-07-29T00:00:00+02:00,17160932,0
2504,Ayoze,2026-07-30T00:00:00+02:00,17080763,0
2504,Ayoze,2026-07-31T00:00:00+02:00,16919682,0
2504,Ayoze,2026-08-01T00:00:00+02:00,16793075,0
2504,Ayoze,2026-08-02T00:00:00+02:00,16714989,0
2504,Ayoze,2026-08-03T00:00:00+02:00,16618958,0
2504,Ayoze,2026-08-04T00:00:00+02:00,16499503,0
2504,Ayoze,2026-08-05T00:00:00+02:00,16380995,0
2504,Ayoze,2026-08-06T00:00:00+02:00,16233556,0
2504,Ayoze,2026-08-07T00:00:00+02:00,16140719,0
2504,Ayoze,2026-08-08T00:00:00+02:00,16039782,0
2504,Ayoze,2026-08-09T00:00:00+02:00,15940159,0
2504,Ayoze,2026-08-10T00:00:00+02:00,15847028,0
2504,Ayoze,2026-08-11T00:00:00+02:00,15968615,0
2504,Ayoze,2026-08-12T00:00:00+02:00,16202062,0
2504,Ayoze,2026-08-13T00:00:00+02:00,16421272,0
2504,Ayoze,2026-08-14T00:00:00+02:00,16771321,0
2504,Ayoze,2026-08-15T00:00:00+02:00,17044355,0
2504,Ayoze,2026-08-16T00:00:00+02:00,17352024,0
2509,Kike García,2026-06-29T00:00:00+02:00,9000000,0
2509,Kike García,2026-06-30T00:00:00+02:00,9000000,0
2509,Kike García,2026-07-01T00:00:00+02:00,9000000,0
2509,Kike García,2026-07-02T00:00:00+02:00,9000000,0
2509,Kike García,2026-07-03T00:00:00+02:00,9004274,0
2509,Kike García,2026-07-04T00:00:00+02:00,9014723,0
2509,Kike García,2026-07-05T00:00:00+02:00,9023629,0
2509,Kike García,2026-07-06T00:00:00+02:00,9034770,0
2509,Kike García,2026-07-07T00:00:00+02:00,9034303,0
2509,Kike García,2026-07-08T00:00:00+02:00,9156091,0
2509,Kike García,2026-07-09T00:00:00+02:00,9055991,0
2509,Kike García,2026-07-10T00:00:00+02:00,9032173,0
2509,Kike García,2026-07-11T00:00:00+02:00,8861898,0
2509,Kike García,2026-07-12T00:00:00+02:00,8620475,0
2509,Kike García,2026-07-13T00:00:00+02:00,8445069,0
2509,Kike García,2026-07-14T00:00:00+02:00,8220290,0
2509,Kike García,2026-07-15T00:00:00+02:00,8038680,0
2509,Kike García,2026-07-16T00:00:00+02:00,7864744,0
2509,Kike García,2026-07-17T00:00:00+02:00,7710814,0
2509,Kike García,2026-07-18T00:00:00+02:00,7543280,0
2509,Kike García,2026-07-19T00:00:00+02:00,7366677,0
2509,Kike García,2026-07-20T00:00:00+02:00,7200190,0
2509,Kike García,2026-07-21T00:00:00+02:00,7042050,0
2509,Kike García,2026-07-22T00:00:00+02:00,6866098,0
2509,Kike García,2026-07-23T00:00:00+02:00,6722759,0
2509,Kike García,2026-07-24T00:00:00+02:00,6571086,0
2509,Kike García,2026-07-25T00:00:00+02:00,6441086,0
2509,Kike García,2026-07-26T00:00:00+02:00,6303577,0
2509,Kike García,2026-07-27T00:00:00+02:00,6163156,0
2509,Kike García,2026-07-28T00:00:00+02:00,6033456,0
2509,Kike García,2026-07-29T00:00:00+02:00,5881547,0
2509,Kike García,2026-07-30T00:00:00+02:00,5741745,0
2509,Kike García,2026-07-31T00:00:00+02:00,5609350,0
2509,Kike García,2026-08-01T00:00:00+02:00,5490171,0
2509,Kike García,2026-08-02T00:00:00+02:00,5376638,0
2509,Kike García,2026-08-03T00:00:00+02:00,5252113,0
2509,Kike García,2026-08-04T00:00:00+02:00,5137315,0
2509,Kike García,2026-08-05T00:00:00+02:00,5014606,0
2509,Kike García,2026-08-06T00:00:00+02:00,4860077,0
2509,Kike García,2026-08-07T00:00:00+02:00,4701551,0
2509,Kike García,2026-08-08T00:00:00+02:00,4551217,0
2509,Kike García,2026-08-09T00:00:00+02:00,4406556,0
2509,Kike García,2026-08-10T00:00:00+02:00,4268188,0
2509,Kike García,2026-08-11T00:00:00+02:00,4132493,0
2509,Kike García,2026-08-12T00:00:00+02:00,4000387,0
2509,Kike García,2026-08-13T00:00:00+02:00,3867748,0
2509,Kike García,2026-08-14T00:00:00+02:00,3738936,0
2509,Kike García,2026-08-15T00:00:00+02:00,3620454,0
2509,Kike García,2026-08-16T00:00:00+02:00,3509051,0
2520,Roberto,2026-06-29T00:00:00+02:00,7000000,0
2520,Roberto,2026-06-30T00:00:00+02:00,7000000,0
2520,Roberto,2026-07-01T00:00:00+02:00,7000000,0
2520,Roberto,2026-07-02T00:00:00+02:00,7000000,0
2520,Roberto,2026-07-03T00:00:00+02:00,7003324,0
2520,Roberto,2026-07-04T00:00:00+02:00,7011451,0
2520,Roberto,2026-07-05T00:00:00+02:00,7018377,0
2520,Roberto,2026-07-06T00:00:00+02:00,7027042,0
2520,Roberto,2026-07-07T00:00:00+02:00,7026679,0
2520,Roberto,2026-07-08T00:00:00+02:00,7045355,0
2520,Roberto,2026-07-09T00:00:00+02:00,7036737,0
2520,Roberto,2026-07-10T00:00:00+02:00,7043036,0
2520,Roberto,2026-07-11T00:00:00+02:00,7054857,0
2520,Roberto,2026-07-12T00:00:00+02:00,6979429,0
2520,Roberto,2026-07-13T00:00:00+02:00,6889002,0
2520,Roberto,2026-07-14T00:00:00+02:00,6806083,0
2520,Roberto,2026-07-15T00:00:00+02:00,6711780,0
2520,Roberto,2026-07-16T00:00:00+02:00,6614448,0
2520,Roberto,2026-07-17T00:00:00+02:00,6540158,0
2520,Roberto,2026-07-18T00:00:00+02:00,6459838,0
2520,Roberto,2026-07-19T00:00:00+02:00,6409163,0
2520,Roberto,2026-07-20T00:00:00+02:00,6346915,0
2520,Roberto,2026-07-21T00:00:00+02:00,6267682,0
2520,Roberto,2026-07-22T00:00:00+02:00,6168732,0
2520,Roberto,2026-07-23T00:00:00+02:00,6149674,0
2520,Roberto,2026-07-24T00:00:00+02:00,6064586,0
2520,Roberto,2026-07-25T00:00:00+02:00,5993111,0
2520,Roberto,2026-07-26T00:00:00+02:00,5953216,0
2520,Roberto,2026-07-27T00:00:00+02:00,5888437,0
2520,Roberto,2026-07-28T00:00:00+02:00,5823979,0
2520,Roberto,2026-07-29T00:00:00+02:00,5761172,0
2520,Roberto,2026-07-30T00:00:00+02:00,5707578,0
2520,Roberto,2026-07-31T00:00:00+02:00,5662130,0
2520,Roberto,2026-08-01T00:00:00+02:00,5615734,0
2520,Roberto,2026-08-02T00:00:00+02:00,5586401,0
2520,Roberto,2026-08-03T00:00:00+02:00,5574790,0
2520,Roberto,2026-08-04T00:00:00+02:00,5563651,0
2520,Roberto,2026-08-05T00:00:00+02:00,5560211,0
2520,Roberto,2026-08-06T00:00:00+02:00,5595090,0
2520,Roberto,2026-08-07T00:00:00+02:00,5675326,0
2520,Roberto,2026-08-08T00:00:00+02:00,5801807,0
2520,Roberto,2026-08-09T00:00:00+02:00,5931358,0
2520,Roberto,2026-08-10T00:00:00+02:00,6100590,0
2520,Roberto,2026-08-11T00:00:00+02:00,6310521,0
2520,Roberto,2026-08-12T00:00:00+02:00,6488257,0
2520,Roberto,2026-08-13T00:00:00+02:00,6627655,0
2520,Roberto,2026-08-14T00:00:00+02:00,6802800,0
2520,Roberto,2026-08-15T00:00:00+02:00,6994438,0
2520,Roberto,2026-08-16T00:00:00+02:00,7128806,0
2522,Raphinha,2026-06-29T00:00:00+02:00,100800000,0
2522,Raphinha,2026-06-30T00:00:00+02:00,100800000,0
2522,Raphinha,2026-07-01T00:00:00+02:00,100800000,0
2522,Raphinha,2026-07-02T00:00:00+02:00,100800000,0
2522,Raphinha,2026-07-03T00:00:00+02:00,100847878,0
2522,Raphinha,2026-07-04T00:00:00+02:00,100964908,0
2522,Raphinha,2026-07-05T00:00:00+02:00,101064656,0
2522,Raphinha,2026-07-06T00:00:00+02:00,101189435,0
2522,Raphinha,2026-07-07T00:00:00+02:00,101184208,0
2522,Raphinha,2026-07-08T00:00:00+02:00,100408918,0
2522,Raphinha,2026-07-09T00:00:00+02:00,100180954,0
2522,Raphinha,2026-07-10T00:00:00+02:00,100006470,0
2522,Raphinha,2026-07-11T00:00:00+02:00,99907080,0
2522,Raphinha,2026-07-12T00:00:00+02:00,100034354,0
2522,Raphinha,2026-07-13T00:00:00+02:00,100553470,0
2522,Raphinha,2026-07-14T00:00:00+02:00,100578013,0
2522,Raphinha,2026-07-15T00:00:00+02:00,100482871,0
2522,Raphinha,2026-07-16T00:00:00+02:00,99388880,0
2522,Raphinha,2026-07-17T00:00:00+02:00,97585615,0
2522,Raphinha,2026-07-18T00:00:00+02:00,95606005,0
2522,Raphinha,2026-07-19T00:00:00+02:00,93410164,0
2522,Raphinha,2026-07-20T00:00:00+02:00,91366074,0
2522,Raphinha,2026-07-21T00:00:00+02:00,89467007,0
2522,Raphinha,2026-07-22T00:00:00+02:00,87303976,0
2522,Raphinha,2026-07-23T00:00:00+02:00,85562785,0
2522,Raphinha,2026-07-24T00:00:00+02:00,83673261,0
2522,Raphinha,2026-07-25T00:00:00+02:00,82153225,0
2522,Raphinha,2026-07-26T00:00:00+02:00,80462324,0
2522,Raphinha,2026-07-27T00:00:00+02:00,78923040,0
2522,Raphinha,2026-07-28T00:00:00+02:00,77510154,0
2522,Raphinha,2026-07-29T00:00:00+02:00,76038649,0
2522,Raphinha,2026-07-30T00:00:00+02:00,74504523,0
2522,Raphinha,2026-07-31T00:00:00+02:00,73358137,0
2522,Raphinha,2026-08-01T00:00:00+02:00,72633546,0
2522,Raphinha,2026-08-02T00:00:00+02:00,72059546,0
2522,Raphinha,2026-08-03T00:00:00+02:00,71487664,0
2522,Raphinha,2026-08-04T00:00:00+02:00,70992599,0
2522,Raphinha,2026-08-05T00:00:00+02:00,70481600,0
2522,Raphinha,2026-08-06T00:00:00+02:00,69991854,0
2522,Raphinha,2026-08-07T00:00:00+02:00,69641365,0
2522,Raphinha,2026-08-08T00:00:00+02:00,69650554,0
2522,Raphinha,2026-08-09T00:00:00+02:00,70140483,0
2522,Raphinha,2026-08-10T00:00:00+02:00,71866589,0
2522,Raphinha,2026-08-11T00:00:00+02:00,74301578,0
2522,Raphinha,2026-08-12T00:00:00+02:00,76771137,0
2522,Raphinha,2026-08-13T00:00:00+02:00,79071373,0
2522,Raphinha,2026-08-14T00:00:00+02:00,81713419,0
2522,Raphinha,2026-08-15T00:00:00+02:00,83510536,0
2522,Raphinha,2026-08-16T00:00:00+02:00,84888364,0
2557,I. Benito,2026-06-29T00:00:00+02:00,1300000,0
2557,I. Benito,2026-06-30T00:00:00+02:00,1300000,0
2557,I. Benito,2026-07-01T00:00:00+02:00,1300000,0
2557,I. Benito,2026-07-02T00:00:00+02:00,1300000,0
2557,I. Benito,2026-07-03T00:00:00+02:00,1300617,0
2557,I. Benito,2026-07-04T00:00:00+02:00,1302126,0
2557,I. Benito,2026-07-05T00:00:00+02:00,1303412,0
2557,I. Benito,2026-07-06T00:00:00+02:00,1305021,0
2557,I. Benito,2026-07-07T00:00:00+02:00,1304953,0
2557,I. Benito,2026-07-08T00:00:00+02:00,1268073,0
2557,I. Benito,2026-07-09T00:00:00+02:00,1226162,0
2557,I. Benito,2026-07-10T00:00:00+02:00,1187678,0
2557,I. Benito,2026-07-11T00:00:00+02:00,1151149,0
2557,I. Benito,2026-07-12T00:00:00+02:00,1117278,0
2557,I. Benito,2026-07-13T00:00:00+02:00,1085516,0
2557,I. Benito,2026-07-14T00:00:00+02:00,1054856,0
2557,I. Benito,2026-07-15T00:00:00+02:00,1025988,0
2557,I. Benito,2026-07-16T00:00:00+02:00,999582,0
2557,I. Benito,2026-07-17T00:00:00+02:00,974532,0
2557,I. Benito,2026-07-18T00:00:00+02:00,950838,0
2557,I. Benito,2026-07-19T00:00:00+02:00,928337,0
2557,I. Benito,2026-07-20T00:00:00+02:00,907446,0
2557,I. Benito,2026-07-21T00:00:00+02:00,888908,0
2557,I. Benito,2026-07-22T00:00:00+02:00,866647,0
2557,I. Benito,2026-07-23T00:00:00+02:00,846828,0
2557,I. Benito,2026-07-24T00:00:00+02:00,826852,0
2557,I. Benito,2026-07-25T00:00:00+02:00,809328,0
2557,I. Benito,2026-07-26T00:00:00+02:00,793126,0
2557,I. Benito,2026-07-27T00:00:00+02:00,777180,0
2557,I. Benito,2026-07-28T00:00:00+02:00,761991,0
2557,I. Benito,2026-07-29T00:00:00+02:00,745205,0
2557,I. Benito,2026-07-30T00:00:00+02:00,729813,0
2557,I. Benito,2026-07-31T00:00:00+02:00,714585,0
2557,I. Benito,2026-08-01T00:00:00+02:00,700071,0
2557,I. Benito,2026-08-02T00:00:00+02:00,687051,0
2557,I. Benito,2026-08-03T00:00:00+02:00,673978,0
2557,I. Benito,2026-08-04T00:00:00+02:00,660762,0
2557,I. Benito,2026-08-05T00:00:00+02:00,648146,0
2557,I. Benito,2026-08-06T00:00:00+02:00,635539,0
2557,I. Benito,2026-08-07T00:00:00+02:00,623535,0
2557,I. Benito,2026-08-08T00:00:00+02:00,612493,0
2557,I. Benito,2026-08-09T00:00:00+02:00,602910,0
2557,I. Benito,2026-08-10T00:00:00+02:00,593929,0
2557,I. Benito,2026-08-11T00:00:00+02:00,584217,0
2557,I. Benito,2026-08-12T00:00:00+02:00,574499,0
2557,I. Benito,2026-08-13T00:00:00+02:00,564059,0
2557,I. Benito,2026-08-14T00:00:00+02:00,553313,0
2557,I. Benito,2026-08-15T00:00:00+02:00,544152,0
2557,I. Benito,2026-08-16T00:00:00+02:00,537305,0
2560,Raba,2026-06-29T00:00:00+02:00,4500000,0
2560,Raba,2026-06-30T00:00:00+02:00,4500000,0
2560,Raba,2026-07-01T00:00:00+02:00,4500000,0
2560,Raba,2026-07-02T00:00:00+02:00,4500000,0
2560,Raba,2026-07-03T00:00:00+02:00,4502137,0
2560,Raba,2026-07-04T00:00:00+02:00,4331317,0
2560,Raba,2026-07-05T00:00:00+02:00,4335596,0
2560,Raba,2026-07-06T00:00:00+02:00,4340948,0
2560,Raba,2026-07-07T00:00:00+02:00,4340723,0
2560,Raba,2026-07-08T00:00:00+02:00,4244419,0
2560,Raba,2026-07-09T00:00:00+02:00,4127186,0
2560,Raba,2026-07-10T00:00:00+02:00,3994171,0
2560,Raba,2026-07-11T00:00:00+02:00,3882719,0
2560,Raba,2026-07-12T00:00:00+02:00,3775520,0
2560,Raba,2026-07-13T00:00:00+02:00,3671623,0
2560,Raba,2026-07-14T00:00:00+02:00,3566512,0
2560,Raba,2026-07-15T00:00:00+02:00,3467767,0
2560,Raba,2026-07-16T00:00:00+02:00,3369453,0
2560,Raba,2026-07-17T00:00:00+02:00,3281449,0
2560,Raba,2026-07-18T00:00:00+02:00,3200073,0
2560,Raba,2026-07-19T00:00:00+02:00,3119067,0
2560,Raba,2026-07-20T00:00:00+02:00,3035829,0
2560,Raba,2026-07-21T00:00:00+02:00,2958340,0
2560,Raba,2026-07-22T00:00:00+02:00,2878564,0
2560,Raba,2026-07-23T00:00:00+02:00,2809660,0
2560,Raba,2026-07-24T00:00:00+02:00,2738606,0
2560,Raba,2026-07-25T00:00:00+02:00,2674281,0
2560,Raba,2026-07-26T00:00:00+02:00,2614145,0
2560,Raba,2026-07-27T00:00:00+02:00,2554389,0
2560,Raba,2026-07-28T00:00:00+02:00,2496016,0
2560,Raba,2026-07-29T00:00:00+02:00,2432272,0
2560,Raba,2026-07-30T00:00:00+02:00,2370903,0
2560,Raba,2026-07-31T00:00:00+02:00,2310795,0
2560,Raba,2026-08-01T00:00:00+02:00,2253996,0
2560,Raba,2026-08-02T00:00:00+02:00,2197258,0
2560,Raba,2026-08-03T00:00:00+02:00,2143118,0
2560,Raba,2026-08-04T00:00:00+02:00,2088946,0
2560,Raba,2026-08-05T00:00:00+02:00,2036477,0
2560,Raba,2026-08-06T00:00:00+02:00,1986249,0
2560,Raba,2026-08-07T00:00:00+02:00,1936799,0
2560,Raba,2026-08-08T00:00:00+02:00,1891833,0
2560,Raba,2026-08-09T00:00:00+02:00,1847911,0
2560,Raba,2026-08-10T00:00:00+02:00,1807384,0
2560,Raba,2026-08-11T00:00:00+02:00,1764522,0
2560,Raba,2026-08-12T00:00:00+02:00,1724858,0
2560,Raba,2026-08-13T00:00:00+02:00,1684563,0
2560,Raba,2026-08-14T00:00:00+02:00,1646349,0
2560,Raba,2026-08-15T00:00:00+02:00,1616421,0
2560,Raba,2026-08-16T00:00:00+02:00,1584046,0
2574,Gonzalo,2026-06-29T00:00:00+02:00,5800000,0
2574,Gonzalo,2026-06-30T00:00:00+02:00,5800000,0
2574,Gonzalo,2026-07-01T00:00:00+02:00,5800000,0
2574,Gonzalo,2026-07-02T00:00:00+02:00,5800000,0
2574,Gonzalo,2026-07-03T00:00:00+02:00,5802754,0
2574,Gonzalo,2026-07-04T00:00:00+02:00,5809487,0
2574,Gonzalo,2026-07-05T00:00:00+02:00,5815226,0
2574,Gonzalo,2026-07-06T00:00:00+02:00,5822405,0
2574,Gonzalo,2026-07-07T00:00:00+02:00,5822104,0
2574,Gonzalo,2026-07-08T00:00:00+02:00,5768528,0
2574,Gonzalo,2026-07-09T00:00:00+02:00,5713020,0
2574,Gonzalo,2026-07-10T00:00:00+02:00,5618737,0
2574,Gonzalo,2026-07-11T00:00:00+02:00,5548669,0
2574,Gonzalo,2026-07-12T00:00:00+02:00,5455666,0
2574,Gonzalo,2026-07-13T00:00:00+02:00,5373579,0
2574,Gonzalo,2026-07-14T00:00:00+02:00,5293043,0
2574,Gonzalo,2026-07-15T00:00:00+02:00,5212399,0
2574,Gonzalo,2026-07-16T00:00:00+02:00,5134301,0
2574,Gonzalo,2026-07-17T00:00:00+02:00,5071987,0
2574,Gonzalo,2026-07-18T00:00:00+02:00,4983448,0
2574,Gonzalo,2026-07-19T00:00:00+02:00,4939424,0
2574,Gonzalo,2026-07-20T00:00:00+02:00,4871518,0
2574,Gonzalo,2026-07-21T00:00:00+02:00,4809909,0
2574,Gonzalo,2026-07-22T00:00:00+02:00,4712942,0
2574,Gonzalo,2026-07-23T00:00:00+02:00,4673860,0
2574,Gonzalo,2026-07-24T00:00:00+02:00,4597525,0
2574,Gonzalo,2026-07-25T00:00:00+02:00,4544670,0
2574,Gonzalo,2026-07-26T00:00:00+02:00,4485391,0
2574,Gonzalo,2026-07-27T00:00:00+02:00,4433760,0
2574,Gonzalo,2026-07-28T00:00:00+02:00,4377114,0
2574,Gonzalo,2026-07-29T00:00:00+02:00,4302859,0
2574,Gonzalo,2026-07-30T00:00:00+02:00,4257451,0
2574,Gonzalo,2026-07-31T00:00:00+02:00,4164485,0
2574,Gonzalo,2026-08-01T00:00:00+02:00,4043967,0
2574,Gonzalo,2026-08-02T00:00:00+02:00,3935814,0
2574,Gonzalo,2026-08-03T00:00:00+02:00,3832043,0
2577,A. Rebbach,2026-06-29T00:00:00+02:00,8000000,0
2577,A. Rebbach,2026-06-30T00:00:00+02:00,8000000,0
2577,A. Rebbach,2026-07-01T00:00:00+02:00,8000000,0
2577,A. Rebbach,2026-07-02T00:00:00+02:00,8000000,0
2577,A. Rebbach,2026-07-03T00:00:00+02:00,8003799,0
2577,A. Rebbach,2026-07-04T00:00:00+02:00,8013087,0
2577,A. Rebbach,2026-07-05T00:00:00+02:00,8021003,0
2577,A. Rebbach,2026-07-06T00:00:00+02:00,8030906,0
2577,A. Rebbach,2026-07-07T00:00:00+02:00,8030491,0
2577,A. Rebbach,2026-07-08T00:00:00+02:00,8504027,0
2577,A. Rebbach,2026-07-09T00:00:00+02:00,8381585,0
2577,A. Rebbach,2026-07-10T00:00:00+02:00,8146805,0
2577,A. Rebbach,2026-07-11T00:00:00+02:00,7996865,0
2577,A. Rebbach,2026-07-12T00:00:00+02:00,7848024,0
2577,A. Rebbach,2026-07-13T00:00:00+02:00,7643876,0
2577,A. Rebbach,2026-07-14T00:00:00+02:00,7440786,0
2577,A. Rebbach,2026-07-15T00:00:00+02:00,7226861,0
2577,A. Rebbach,2026-07-16T00:00:00+02:00,7043382,0
2577,A. Rebbach,2026-07-17T00:00:00+02:00,6891635,0
2577,A. Rebbach,2026-07-18T00:00:00+02:00,6715947,0
2577,A. Rebbach,2026-07-19T00:00:00+02:00,6572321,0
2577,A. Rebbach,2026-07-20T00:00:00+02:00,6418000,0
2577,A. Rebbach,2026-07-21T00:00:00+02:00,6280350,0
2577,A. Rebbach,2026-07-22T00:00:00+02:00,6119806,0
2577,A. Rebbach,2026-07-23T00:00:00+02:00,5971924,0
2577,A. Rebbach,2026-07-24T00:00:00+02:00,5819833,0
2577,A. Rebbach,2026-07-25T00:00:00+02:00,5680757,0
2577,A. Rebbach,2026-07-26T00:00:00+02:00,5545412,0
2577,A. Rebbach,2026-07-27T00:00:00+02:00,5418210,0
2577,A. Rebbach,2026-07-28T00:00:00+02:00,5323604,0
2577,A. Rebbach,2026-07-29T00:00:00+02:00,5220204,0
2577,A. Rebbach,2026-07-30T00:00:00+02:00,5127648,0
2577,A. Rebbach,2026-07-31T00:00:00+02:00,5037962,0
2577,A. Rebbach,2026-08-01T00:00:00+02:00,4942760,0
2577,A. Rebbach,2026-08-02T00:00:00+02:00,4851425,0
2577,A. Rebbach,2026-08-03T00:00:00+02:00,4760583,0
2577,A. Rebbach,2026-08-04T00:00:00+02:00,4666667,0
2577,A. Rebbach,2026-08-05T00:00:00+02:00,4576280,0
2577,A. Rebbach,2026-08-06T00:00:00+02:00,4485246,0
2577,A. Rebbach,2026-08-07T00:00:00+02:00,4403435,0
2577,A. Rebbach,2026-08-08T00:00:00+02:00,4318703,0
2577,A. Rebbach,2026-08-09T00:00:00+02:00,4238857,0
2577,A. Rebbach,2026-08-10T00:00:00+02:00,4155740,0
2577,A. Rebbach,2026-08-11T00:00:00+02:00,4071801,0
2577,A. Rebbach,2026-08-12T00:00:00+02:00,3978677,0
2577,A. Rebbach,2026-08-13T00:00:00+02:00,3890764,0
2577,A. Rebbach,2026-08-14T00:00:00+02:00,3809417,0
2577,A. Rebbach,2026-08-15T00:00:00+02:00,3753801,0
2577,A. Rebbach,2026-08-16T00:00:00+02:00,3689064,0
2588,Danjuma,2026-06-29T00:00:00+02:00,6000000,0
2588,Danjuma,2026-06-30T00:00:00+02:00,6000000,0
2588,Danjuma,2026-07-01T00:00:00+02:00,6000000,0
2588,Danjuma,2026-07-02T00:00:00+02:00,6000000,0
2588,Danjuma,2026-07-03T00:00:00+02:00,6002849,0
2588,Danjuma,2026-07-04T00:00:00+02:00,6009815,0
2588,Danjuma,2026-07-05T00:00:00+02:00,6015752,0
2588,Danjuma,2026-07-06T00:00:00+02:00,6023179,0
2588,Danjuma,2026-07-07T00:00:00+02:00,6022867,0
2588,Danjuma,2026-07-08T00:00:00+02:00,5974292,0
2588,Danjuma,2026-07-09T00:00:00+02:00,5910277,0
2588,Danjuma,2026-07-10T00:00:00+02:00,5871423,0
2588,Danjuma,2026-07-11T00:00:00+02:00,5793563,0
2588,Danjuma,2026-07-12T00:00:00+02:00,5693891,0
2588,Danjuma,2026-07-13T00:00:00+02:00,5612199,0
2588,Danjuma,2026-07-14T00:00:00+02:00,5510261,0
2588,Danjuma,2026-07-15T00:00:00+02:00,5429608,0
2588,Danjuma,2026-07-16T00:00:00+02:00,5358687,0
2588,Danjuma,2026-07-17T00:00:00+02:00,5294708,0
2588,Danjuma,2026-07-18T00:00:00+02:00,5215222,0
2588,Danjuma,2026-07-19T00:00:00+02:00,5143622,0
2588,Danjuma,2026-07-20T00:00:00+02:00,5094673,0
2588,Danjuma,2026-07-21T00:00:00+02:00,5023312,0
2588,Danjuma,2026-07-22T00:00:00+02:00,4920806,0
2588,Danjuma,2026-07-23T00:00:00+02:00,4861452,0
2588,Danjuma,2026-07-24T00:00:00+02:00,4786230,0
2588,Danjuma,2026-07-25T00:00:00+02:00,4727794,0
2588,Danjuma,2026-07-26T00:00:00+02:00,4659300,0
2588,Danjuma,2026-07-27T00:00:00+02:00,4611454,0
2588,Danjuma,2026-07-28T00:00:00+02:00,4559772,0
2588,Danjuma,2026-07-29T00:00:00+02:00,4488843,0
2588,Danjuma,2026-07-30T00:00:00+02:00,4449540,0
2588,Danjuma,2026-07-31T00:00:00+02:00,4405769,0
2588,Danjuma,2026-08-01T00:00:00+02:00,4390432,0
2588,Danjuma,2026-08-02T00:00:00+02:00,4359597,0
2588,Danjuma,2026-08-03T00:00:00+02:00,4355060,0
2588,Danjuma,2026-08-04T00:00:00+02:00,4364709,0
2588,Danjuma,2026-08-05T00:00:00+02:00,4395605,0
2588,Danjuma,2026-08-06T00:00:00+02:00,4456271,0
2588,Danjuma,2026-08-07T00:00:00+02:00,4533622,0
2588,Danjuma,2026-08-08T00:00:00+02:00,4648546,0
2588,Danjuma,2026-08-09T00:00:00+02:00,4773879,0
2588,Danjuma,2026-08-10T00:00:00+02:00,4878057,0
2588,Danjuma,2026-08-11T00:00:00+02:00,4957792,0
2588,Danjuma,2026-08-12T00:00:00+02:00,5039213,0
2588,Danjuma,2026-08-13T00:00:00+02:00,5075261,0
2588,Danjuma,2026-08-14T00:00:00+02:00,5115850,0
2588,Danjuma,2026-08-15T00:00:00+02:00,5165426,0
2588,Danjuma,2026-08-16T00:00:00+02:00,5200454,0
2600,Mariano,2026-06-29T00:00:00+02:00,2700000,0
2600,Mariano,2026-06-30T00:00:00+02:00,2700000,0
2600,Mariano,2026-07-01T00:00:00+02:00,2700000,0
2600,Mariano,2026-07-02T00:00:00+02:00,2700000,0
2600,Mariano,2026-07-03T00:00:00+02:00,2701282,0
2600,Mariano,2026-07-04T00:00:00+02:00,2704416,0
2600,Mariano,2026-07-05T00:00:00+02:00,2707087,0
2600,Mariano,2026-07-06T00:00:00+02:00,2710429,0
2600,Mariano,2026-07-07T00:00:00+02:00,2710289,0
2600,Mariano,2026-07-08T00:00:00+02:00,2634611,0
2600,Mariano,2026-07-09T00:00:00+02:00,2556291,0
2600,Mariano,2026-07-10T00:00:00+02:00,2480768,0
2600,Mariano,2026-07-11T00:00:00+02:00,2402557,0
2600,Mariano,2026-07-12T00:00:00+02:00,2329847,0
2600,Mariano,2026-07-13T00:00:00+02:00,2256842,0
2600,Mariano,2026-07-14T00:00:00+02:00,2188365,0
2600,Mariano,2026-07-15T00:00:00+02:00,2118406,0
2600,Mariano,2026-07-16T00:00:00+02:00,2053218,0
2600,Mariano,2026-07-17T00:00:00+02:00,1993138,0
2600,Mariano,2026-07-18T00:00:00+02:00,1935461,0
2600,Mariano,2026-07-19T00:00:00+02:00,1879351,0
2600,Mariano,2026-07-20T00:00:00+02:00,1826695,0
2600,Mariano,2026-07-21T00:00:00+02:00,1776351,0
2600,Mariano,2026-07-22T00:00:00+02:00,1723477,0
2600,Mariano,2026-07-23T00:00:00+02:00,1674823,0
2600,Mariano,2026-07-24T00:00:00+02:00,1631000,0
2600,Mariano,2026-07-25T00:00:00+02:00,1586120,0
2600,Mariano,2026-07-26T00:00:00+02:00,1544165,0
2600,Mariano,2026-07-27T00:00:00+02:00,1501783,0
2600,Mariano,2026-07-28T00:00:00+02:00,1460340,0
2600,Mariano,2026-07-29T00:00:00+02:00,1418798,0
2600,Mariano,2026-07-30T00:00:00+02:00,1381223,0
2600,Mariano,2026-07-31T00:00:00+02:00,1342694,0
2600,Mariano,2026-08-01T00:00:00+02:00,1306796,0
2600,Mariano,2026-08-02T00:00:00+02:00,1273676,0
2600,Mariano,2026-08-03T00:00:00+02:00,1239120,0
2600,Mariano,2026-08-04T00:00:00+02:00,1205939,0
2600,Mariano,2026-08-05T00:00:00+02:00,1175139,0
2600,Mariano,2026-08-06T00:00:00+02:00,1147120,0
2600,Mariano,2026-08-07T00:00:00+02:00,1122201,0
2600,Mariano,2026-08-08T00:00:00+02:00,1096261,0
2600,Mariano,2026-08-09T00:00:00+02:00,1071877,0
2600,Mariano,2026-08-10T00:00:00+02:00,1048223,0
2600,Mariano,2026-08-11T00:00:00+02:00,1024813,0
2600,Mariano,2026-08-12T00:00:00+02:00,1002528,0
2600,Mariano,2026-08-13T00:00:00+02:00,979613,0
2600,Mariano,2026-08-14T00:00:00+02:00,957424,0
2600,Mariano,2026-08-15T00:00:00+02:00,945083,0
2600,Mariano,2026-08-16T00:00:00+02:00,938687,0
2602,Álvaro,2026-06-29T00:00:00+02:00,10000000,0
2602,Álvaro,2026-06-30T00:00:00+02:00,10000000,0
2602,Álvaro,2026-07-01T00:00:00+02:00,10000000,0
2602,Álvaro,2026-07-02T00:00:00+02:00,10000000,0
2602,Álvaro,2026-07-03T00:00:00+02:00,10004749,0
2602,Álvaro,2026-07-04T00:00:00+02:00,10016359,0
2602,Álvaro,2026-07-05T00:00:00+02:00,10026254,0
2602,Álvaro,2026-07-06T00:00:00+02:00,10038632,0
2602,Álvaro,2026-07-07T00:00:00+02:00,10038113,0
2602,Álvaro,2026-07-08T00:00:00+02:00,10199445,0
2602,Álvaro,2026-07-09T00:00:00+02:00,10312756,0
2602,Álvaro,2026-07-10T00:00:00+02:00,10609954,0
2602,Álvaro,2026-07-11T00:00:00+02:00,10646530,0
2602,Álvaro,2026-07-12T00:00:00+02:00,10558775,0
2602,Álvaro,2026-07-13T00:00:00+02:00,10429740,0
2602,Álvaro,2026-07-14T00:00:00+02:00,10283491,0
2603,Ferran Jutglà,2026-06-29T00:00:00+02:00,11000000,0
2603,Ferran Jutglà,2026-06-30T00:00:00+02:00,11000000,0
2603,Ferran Jutglà,2026-07-01T00:00:00+02:00,11000000,0
2603,Ferran Jutglà,2026-07-02T00:00:00+02:00,11000000,0
2603,Ferran Jutglà,2026-07-03T00:00:00+02:00,11005224,0
2603,Ferran Jutglà,2026-07-04T00:00:00+02:00,11017995,0
2603,Ferran Jutglà,2026-07-05T00:00:00+02:00,11028880,0
2603,Ferran Jutglà,2026-07-06T00:00:00+02:00,11042496,0
2603,Ferran Jutglà,2026-07-07T00:00:00+02:00,11041925,0
2603,Ferran Jutglà,2026-07-08T00:00:00+02:00,13062930,0
2603,Ferran Jutglà,2026-07-09T00:00:00+02:00,13094815,0
2603,Ferran Jutglà,2026-07-10T00:00:00+02:00,13191448,0
2603,Ferran Jutglà,2026-07-11T00:00:00+02:00,13119588,0
2603,Ferran Jutglà,2026-07-12T00:00:00+02:00,12944863,0
2603,Ferran Jutglà,2026-07-13T00:00:00+02:00,12733116,0
2603,Ferran Jutglà,2026-07-14T00:00:00+02:00,12549185,0
2603,Ferran Jutglà,2026-07-15T00:00:00+02:00,12277568,0
2603,Ferran Jutglà,2026-07-16T00:00:00+02:00,12040178,0
2603,Ferran Jutglà,2026-07-17T00:00:00+02:00,11818975,0
2603,Ferran Jutglà,2026-07-18T00:00:00+02:00,11616194,0
2603,Ferran Jutglà,2026-07-19T00:00:00+02:00,11409400,0
2603,Ferran Jutglà,2026-07-20T00:00:00+02:00,11202870,0
2603,Ferran Jutglà,2026-07-21T00:00:00+02:00,11005750,0
2603,Ferran Jutglà,2026-07-22T00:00:00+02:00,10783430,0
2603,Ferran Jutglà,2026-07-23T00:00:00+02:00,10602637,0
2603,Ferran Jutglà,2026-07-24T00:00:00+02:00,10458742,0
2603,Ferran Jutglà,2026-07-25T00:00:00+02:00,10333592,0
2603,Ferran Jutglà,2026-07-26T00:00:00+02:00,10198551,0
2603,Ferran Jutglà,2026-07-27T00:00:00+02:00,10052788,0
2603,Ferran Jutglà,2026-07-28T00:00:00+02:00,9928939,0
2603,Ferran Jutglà,2026-07-29T00:00:00+02:00,9795562,0
2603,Ferran Jutglà,2026-07-30T00:00:00+02:00,9656084,0
2603,Ferran Jutglà,2026-07-31T00:00:00+02:00,9535628,0
2603,Ferran Jutglà,2026-08-01T00:00:00+02:00,9457523,0
2603,Ferran Jutglà,2026-08-02T00:00:00+02:00,9397768,0
2603,Ferran Jutglà,2026-08-03T00:00:00+02:00,9375726,0
2603,Ferran Jutglà,2026-08-04T00:00:00+02:00,9357287,0
2603,Ferran Jutglà,2026-08-05T00:00:00+02:00,9317020,0
2603,Ferran Jutglà,2026-08-06T00:00:00+02:00,9238245,0
2603,Ferran Jutglà,2026-08-07T00:00:00+02:00,9167459,0
2603,Ferran Jutglà,2026-08-08T00:00:00+02:00,9136872,0
2603,Ferran Jutglà,2026-08-09T00:00:00+02:00,9105513,0
2603,Ferran Jutglà,2026-08-10T00:00:00+02:00,9091401,0
2603,Ferran Jutglà,2026-08-11T00:00:00+02:00,9115738,0
2603,Ferran Jutglà,2026-08-12T00:00:00+02:00,9246316,0
2603,Ferran Jutglà,2026-08-13T00:00:00+02:00,9274891,0
2603,Ferran Jutglà,2026-08-14T00:00:00+02:00,9353984,0
2603,Ferran Jutglà,2026-08-15T00:00:00+02:00,9457860,0
2603,Ferran Jutglà,2026-08-16T00:00:00+02:00,9506551,0
2617,Sadiq,2026-06-29T00:00:00+02:00,16000000,0
2617,Sadiq,2026-06-30T00:00:00+02:00,16000000,0
2617,Sadiq,2026-07-01T00:00:00+02:00,16000000,0
2617,Sadiq,2026-07-02T00:00:00+02:00,16000000,0
2617,Sadiq,2026-07-03T00:00:00+02:00,16007599,0
2617,Sadiq,2026-07-04T00:00:00+02:00,16026175,0
2617,Sadiq,2026-07-05T00:00:00+02:00,16042008,0
2617,Sadiq,2026-07-06T00:00:00+02:00,16061814,0
2617,Sadiq,2026-07-07T00:00:00+02:00,16060984,0
2617,Sadiq,2026-07-08T00:00:00+02:00,16103521,0
2617,Sadiq,2026-07-09T00:00:00+02:00,15836907,0
2617,Sadiq,2026-07-10T00:00:00+02:00,15508144,0
2617,Sadiq,2026-07-11T00:00:00+02:00,15201922,0
2617,Sadiq,2026-07-12T00:00:00+02:00,14880611,0
2617,Sadiq,2026-07-13T00:00:00+02:00,14602601,0
2617,Sadiq,2026-07-14T00:00:00+02:00,14356306,0
2617,Sadiq,2026-07-15T00:00:00+02:00,14085833,0
2617,Sadiq,2026-07-16T00:00:00+02:00,13788025,0
2617,Sadiq,2026-07-17T00:00:00+02:00,13546780,0
2617,Sadiq,2026-07-18T00:00:00+02:00,13338447,0
2617,Sadiq,2026-07-19T00:00:00+02:00,13134051,0
2617,Sadiq,2026-07-20T00:00:00+02:00,12872255,0
2617,Sadiq,2026-07-21T00:00:00+02:00,12695688,0
2617,Sadiq,2026-07-22T00:00:00+02:00,12418906,0
2617,Sadiq,2026-07-23T00:00:00+02:00,12237235,0
2617,Sadiq,2026-07-24T00:00:00+02:00,11988903,0
2617,Sadiq,2026-07-25T00:00:00+02:00,11784713,0
2617,Sadiq,2026-07-26T00:00:00+02:00,11576117,0
2617,Sadiq,2026-07-27T00:00:00+02:00,11342936,0
2617,Sadiq,2026-07-28T00:00:00+02:00,11081986,0
2617,Sadiq,2026-07-29T00:00:00+02:00,10743653,0
2617,Sadiq,2026-07-30T00:00:00+02:00,10416401,0
2617,Sadiq,2026-07-31T00:00:00+02:00,10104796,0
2617,Sadiq,2026-08-01T00:00:00+02:00,9806502,0
2617,Sadiq,2026-08-02T00:00:00+02:00,9528442,0
2617,Sadiq,2026-08-03T00:00:00+02:00,9253544,0
2617,Sadiq,2026-08-04T00:00:00+02:00,8970697,0
2617,Sadiq,2026-08-05T00:00:00+02:00,8706458,0
2617,Sadiq,2026-08-06T00:00:00+02:00,8446732,0
2617,Sadiq,2026-08-07T00:00:00+02:00,8200220,0
2617,Sadiq,2026-08-08T00:00:00+02:00,7961313,0
2617,Sadiq,2026-08-09T00:00:00+02:00,7733610,0
2617,Sadiq,2026-08-10T00:00:00+02:00,7507226,0
2617,Sadiq,2026-08-11T00:00:00+02:00,7274078,0
2617,Sadiq,2026-08-12T00:00:00+02:00,7101583,0
2617,Sadiq,2026-08-13T00:00:00+02:00,7014668,0
2617,Sadiq,2026-08-14T00:00:00+02:00,6930084,0
2617,Sadiq,2026-08-15T00:00:00+02:00,6875162,0
2617,Sadiq,2026-08-16T00:00:00+02:00,6807226,0
2619,Karrikaburu,2026-06-29T00:00:00+02:00,1400000,0
2619,Karrikaburu,2026-06-30T00:00:00+02:00,1400000,0
2619,Karrikaburu,2026-07-01T00:00:00+02:00,1400000,0
2619,Karrikaburu,2026-07-02T00:00:00+02:00,1400000,0
2619,Karrikaburu,2026-07-03T00:00:00+02:00,1400665,0
2619,Karrikaburu,2026-07-04T00:00:00+02:00,1402290,0
2619,Karrikaburu,2026-07-05T00:00:00+02:00,1403675,0
2619,Karrikaburu,2026-07-06T00:00:00+02:00,1405408,0
2619,Karrikaburu,2026-07-07T00:00:00+02:00,1405335,0
2619,Karrikaburu,2026-07-08T00:00:00+02:00,1362784,0
2619,Karrikaburu,2026-07-09T00:00:00+02:00,1326530,0
2619,Karrikaburu,2026-07-10T00:00:00+02:00,1284031,0
2619,Karrikaburu,2026-07-11T00:00:00+02:00,1246253,0
2619,Karrikaburu,2026-07-12T00:00:00+02:00,1216079,0
2619,Karrikaburu,2026-07-13T00:00:00+02:00,1180365,0
2619,Karrikaburu,2026-07-14T00:00:00+02:00,1145911,0
2619,Karrikaburu,2026-07-15T00:00:00+02:00,1113400,0
2619,Karrikaburu,2026-07-16T00:00:00+02:00,1083498,0
2619,Karrikaburu,2026-07-17T00:00:00+02:00,1055091,0
2619,Karrikaburu,2026-07-18T00:00:00+02:00,1028174,0
2619,Karrikaburu,2026-07-19T00:00:00+02:00,1002579,0
2619,Karrikaburu,2026-07-20T00:00:00+02:00,978719,0
2619,Karrikaburu,2026-07-21T00:00:00+02:00,957330,0
2619,Karrikaburu,2026-07-22T00:00:00+02:00,935567,0
2619,Karrikaburu,2026-07-23T00:00:00+02:00,912992,0
2619,Karrikaburu,2026-07-24T00:00:00+02:00,890369,0
2619,Karrikaburu,2026-07-25T00:00:00+02:00,870305,0
2619,Karrikaburu,2026-07-26T00:00:00+02:00,851664,0
2619,Karrikaburu,2026-07-27T00:00:00+02:00,833376,0
2619,Karrikaburu,2026-07-28T00:00:00+02:00,815939,0
2619,Karrikaburu,2026-07-29T00:00:00+02:00,796995,0
2619,Karrikaburu,2026-07-30T00:00:00+02:00,779531,0
2619,Karrikaburu,2026-07-31T00:00:00+02:00,762314,0
2619,Karrikaburu,2026-08-01T00:00:00+02:00,745891,0
2619,Karrikaburu,2026-08-02T00:00:00+02:00,731038,0
2619,Karrikaburu,2026-08-03T00:00:00+02:00,716205,0
2619,Karrikaburu,2026-08-04T00:00:00+02:00,701300,0
2619,Karrikaburu,2026-08-05T00:00:00+02:00,687062,0
2619,Karrikaburu,2026-08-06T00:00:00+02:00,672899,0
2619,Karrikaburu,2026-08-07T00:00:00+02:00,659400,0
2619,Karrikaburu,2026-08-08T00:00:00+02:00,646924,0
2619,Karrikaburu,2026-08-09T00:00:00+02:00,635963,0
2619,Karrikaburu,2026-08-10T00:00:00+02:00,625660,0
2619,Karrikaburu,2026-08-11T00:00:00+02:00,614679,0
2619,Karrikaburu,2026-08-12T00:00:00+02:00,603743,0
2619,Karrikaburu,2026-08-13T00:00:00+02:00,592133,0
2619,Karrikaburu,2026-08-14T00:00:00+02:00,580264,0
2619,Karrikaburu,2026-08-15T00:00:00+02:00,570025,0
2619,Karrikaburu,2026-08-16T00:00:00+02:00,562143,0
2623,Dolan,2026-06-29T00:00:00+02:00,8000000,0
2623,Dolan,2026-06-30T00:00:00+02:00,8000000,0
2623,Dolan,2026-07-01T00:00:00+02:00,8000000,0
2623,Dolan,2026-07-02T00:00:00+02:00,8000000,0
2623,Dolan,2026-07-03T00:00:00+02:00,8003799,0
2623,Dolan,2026-07-04T00:00:00+02:00,8013087,0
2623,Dolan,2026-07-05T00:00:00+02:00,8021003,0
2623,Dolan,2026-07-06T00:00:00+02:00,8030906,0
2623,Dolan,2026-07-07T00:00:00+02:00,8030491,0
2623,Dolan,2026-07-08T00:00:00+02:00,8648205,0
2623,Dolan,2026-07-09T00:00:00+02:00,8895727,0
2623,Dolan,2026-07-10T00:00:00+02:00,8912446,0
2623,Dolan,2026-07-11T00:00:00+02:00,9003317,0
2623,Dolan,2026-07-12T00:00:00+02:00,8923768,0
2623,Dolan,2026-07-13T00:00:00+02:00,8936224,0
2623,Dolan,2026-07-14T00:00:00+02:00,8779358,0
2623,Dolan,2026-07-15T00:00:00+02:00,8644859,0
2623,Dolan,2026-07-16T00:00:00+02:00,8527259,0
2623,Dolan,2026-07-17T00:00:00+02:00,8410072,0
2623,Dolan,2026-07-18T00:00:00+02:00,8286797,0
2623,Dolan,2026-07-19T00:00:00+02:00,8171497,0
2623,Dolan,2026-07-20T00:00:00+02:00,8058334,0
2623,Dolan,2026-07-21T00:00:00+02:00,7929149,0
2623,Dolan,2026-07-22T00:00:00+02:00,7799860,0
2623,Dolan,2026-07-23T00:00:00+02:00,7666101,0
2623,Dolan,2026-07-24T00:00:00+02:00,7589987,0
2623,Dolan,2026-07-25T00:00:00+02:00,7508489,0
2623,Dolan,2026-07-26T00:00:00+02:00,7403177,0
2623,Dolan,2026-07-27T00:00:00+02:00,7294247,0
2623,Dolan,2026-07-28T00:00:00+02:00,7209436,0
2623,Dolan,2026-07-29T00:00:00+02:00,7106980,0
2623,Dolan,2026-07-30T00:00:00+02:00,7035677,0
2623,Dolan,2026-07-31T00:00:00+02:00,6911908,0
2623,Dolan,2026-08-01T00:00:00+02:00,6807562,0
2623,Dolan,2026-08-02T00:00:00+02:00,6711450,0
2623,Dolan,2026-08-03T00:00:00+02:00,6618273,0
2623,Dolan,2026-08-04T00:00:00+02:00,6545113,0
2623,Dolan,2026-08-05T00:00:00+02:00,6469227,0
2623,Dolan,2026-08-06T00:00:00+02:00,6399319,0
2623,Dolan,2026-08-07T00:00:00+02:00,6323392,0
2623,Dolan,2026-08-08T00:00:00+02:00,6249674,0
2623,Dolan,2026-08-09T00:00:00+02:00,6184839,0
2623,Dolan,2026-08-10T00:00:00+02:00,6131213,0
2623,Dolan,2026-08-11T00:00:00+02:00,6081750,0
2623,Dolan,2026-08-12T00:00:00+02:00,6046695,0
2623,Dolan,2026-08-13T00:00:00+02:00,6018125,0
2623,Dolan,2026-08-14T00:00:00+02:00,6009347,0
2623,Dolan,2026-08-15T00:00:00+02:00,6014857,0
2623,Dolan,2026-08-16T00:00:00+02:00,6005273,0
2635,Rashford,2026-06-29T00:00:00+02:00,53500000,0
2635,Rashford,2026-06-30T00:00:00+02:00,53500000,0
2635,Rashford,2026-07-01T00:00:00+02:00,53500000,0
2635,Rashford,2026-07-02T00:00:00+02:00,53500000,0
2635,Rashford,2026-07-03T00:00:00+02:00,53525411,0
2635,Rashford,2026-07-04T00:00:00+02:00,53587525,0
2635,Rashford,2026-07-05T00:00:00+02:00,53640466,0
2641,A. Liso,2026-06-29T00:00:00+02:00,2200000,0
2641,A. Liso,2026-06-30T00:00:00+02:00,2200000,0
2641,A. Liso,2026-07-01T00:00:00+02:00,2200000,0
2641,A. Liso,2026-07-02T00:00:00+02:00,2200000,0
2641,A. Liso,2026-07-03T00:00:00+02:00,2201044,0
2641,A. Liso,2026-07-04T00:00:00+02:00,2203598,0
2641,A. Liso,2026-07-05T00:00:00+02:00,2205775,0
2646,Izeta,2026-06-29T00:00:00+02:00,1300000,0
2646,Izeta,2026-06-30T00:00:00+02:00,1300000,0
2646,Izeta,2026-07-01T00:00:00+02:00,1300000,0
2646,Izeta,2026-07-02T00:00:00+02:00,1300000,0
2646,Izeta,2026-07-03T00:00:00+02:00,1300617,0
2646,Izeta,2026-07-04T00:00:00+02:00,1302126,0
2646,Izeta,2026-07-05T00:00:00+02:00,1303412,0
2646,Izeta,2026-07-06T00:00:00+02:00,1305021,0
2646,Izeta,2026-07-07T00:00:00+02:00,1304953,0
2646,Izeta,2026-07-08T00:00:00+02:00,1269926,0
2646,Izeta,2026-07-09T00:00:00+02:00,1230165,0
2646,Izeta,2026-07-10T00:00:00+02:00,1191521,0
2646,Izeta,2026-07-11T00:00:00+02:00,1156089,0
2646,Izeta,2026-07-12T00:00:00+02:00,1123852,0
2646,Izeta,2026-07-13T00:00:00+02:00,1091827,0
2646,Izeta,2026-07-14T00:00:00+02:00,1060915,0
2650,Toni Fernández,2026-06-29T00:00:00+02:00,600000,0
2650,Toni Fernández,2026-06-30T00:00:00+02:00,600000,0
2650,Toni Fernández,2026-07-01T00:00:00+02:00,600000,0
2650,Toni Fernández,2026-07-02T00:00:00+02:00,600000,0
2650,Toni Fernández,2026-07-03T00:00:00+02:00,600285,0
2650,Toni Fernández,2026-07-04T00:00:00+02:00,600981,0
2650,Toni Fernández,2026-07-05T00:00:00+02:00,601574,0
2651,Iker Losada,2026-06-29T00:00:00+02:00,2500000,0
2651,Iker Losada,2026-06-30T00:00:00+02:00,2500000,0
2651,Iker Losada,2026-07-01T00:00:00+02:00,2500000,0
2651,Iker Losada,2026-07-02T00:00:00+02:00,2500000,0
2651,Iker Losada,2026-07-03T00:00:00+02:00,2501187,0
2651,Iker Losada,2026-07-04T00:00:00+02:00,2504089,0
2651,Iker Losada,2026-07-05T00:00:00+02:00,2506562,0
2654,El-Abdellaoui,2026-06-29T00:00:00+02:00,1300000,0
2654,El-Abdellaoui,2026-06-30T00:00:00+02:00,1300000,0
2654,El-Abdellaoui,2026-07-01T00:00:00+02:00,1300000,0
2654,El-Abdellaoui,2026-07-02T00:00:00+02:00,1300000,0
2654,El-Abdellaoui,2026-07-03T00:00:00+02:00,1300617,0
2654,El-Abdellaoui,2026-07-04T00:00:00+02:00,1302126,0
2654,El-Abdellaoui,2026-07-05T00:00:00+02:00,1303412,0
2664,Joselu,2026-06-29T00:00:00+02:00,600000,0
2664,Joselu,2026-06-30T00:00:00+02:00,600000,0
2664,Joselu,2026-07-01T00:00:00+02:00,600000,0
2664,Joselu,2026-07-02T00:00:00+02:00,600000,0
2664,Joselu,2026-07-03T00:00:00+02:00,600285,0
2664,Joselu,2026-07-04T00:00:00+02:00,600981,0
2664,Joselu,2026-07-05T00:00:00+02:00,601574,0
2673,Paco Cortes,2026-06-29T00:00:00+02:00,800000,0
2673,Paco Cortes,2026-06-30T00:00:00+02:00,800000,0
2673,Paco Cortes,2026-07-01T00:00:00+02:00,800000,0
2673,Paco Cortes,2026-07-02T00:00:00+02:00,800000,0
2673,Paco Cortes,2026-07-03T00:00:00+02:00,800380,0
2673,Paco Cortes,2026-07-04T00:00:00+02:00,801308,0
2673,Paco Cortes,2026-07-05T00:00:00+02:00,802099,0
2674,A. J. Morales,2026-06-29T00:00:00+02:00,3200000,0
2674,A. J. Morales,2026-06-30T00:00:00+02:00,3200000,0
2674,A. J. Morales,2026-07-01T00:00:00+02:00,3200000,0
2674,A. J. Morales,2026-07-02T00:00:00+02:00,3200000,0
2674,A. J. Morales,2026-07-03T00:00:00+02:00,3201519,0
2674,A. J. Morales,2026-07-04T00:00:00+02:00,3205234,0
2674,A. J. Morales,2026-07-05T00:00:00+02:00,3208400,0
2693,Otorbi,2026-06-29T00:00:00+02:00,600000,0
2693,Otorbi,2026-06-30T00:00:00+02:00,600000,0
2693,Otorbi,2026-07-01T00:00:00+02:00,600000,0
2693,Otorbi,2026-07-02T00:00:00+02:00,600000,0
2693,Otorbi,2026-07-03T00:00:00+02:00,600285,0
2693,Otorbi,2026-07-04T00:00:00+02:00,600981,0
2693,Otorbi,2026-07-05T00:00:00+02:00,601574,0
2700,Etta Eyong,2026-06-29T00:00:00+02:00,9000000,0
2700,Etta Eyong,2026-06-30T00:00:00+02:00,9000000,0
2700,Etta Eyong,2026-07-01T00:00:00+02:00,9000000,0
2700,Etta Eyong,2026-07-02T00:00:00+02:00,9000000,0
2700,Etta Eyong,2026-07-03T00:00:00+02:00,9004274,0
2700,Etta Eyong,2026-07-04T00:00:00+02:00,9014723,0
2700,Etta Eyong,2026-07-05T00:00:00+02:00,9023629,0
2700,Etta Eyong,2026-07-06T00:00:00+02:00,9034770,0
2700,Etta Eyong,2026-07-07T00:00:00+02:00,9034303,0
2700,Etta Eyong,2026-07-08T00:00:00+02:00,9905203,0
2700,Etta Eyong,2026-07-09T00:00:00+02:00,10358666,0
2700,Etta Eyong,2026-07-10T00:00:00+02:00,10950955,0
2700,Etta Eyong,2026-07-11T00:00:00+02:00,11548704,0
2700,Etta Eyong,2026-07-12T00:00:00+02:00,11903175,0
2700,Etta Eyong,2026-07-13T00:00:00+02:00,12170804,0
2700,Etta Eyong,2026-07-14T00:00:00+02:00,12322966,0
2700,Etta Eyong,2026-07-15T00:00:00+02:00,12445412,0
2700,Etta Eyong,2026-07-16T00:00:00+02:00,12598181,0
2700,Etta Eyong,2026-07-17T00:00:00+02:00,12792629,0
2700,Etta Eyong,2026-07-18T00:00:00+02:00,13077234,0
2700,Etta Eyong,2026-07-19T00:00:00+02:00,13335362,0
2700,Etta Eyong,2026-07-20T00:00:00+02:00,13550951,0
2700,Etta Eyong,2026-07-21T00:00:00+02:00,13818698,0
2700,Etta Eyong,2026-07-22T00:00:00+02:00,13930863,0
2700,Etta Eyong,2026-07-23T00:00:00+02:00,14207813,0
2700,Etta Eyong,2026-07-24T00:00:00+02:00,14468680,0
2700,Etta Eyong,2026-07-25T00:00:00+02:00,14838620,0
2700,Etta Eyong,2026-07-26T00:00:00+02:00,15228757,0
2700,Etta Eyong,2026-07-27T00:00:00+02:00,15588077,0
2700,Etta Eyong,2026-07-28T00:00:00+02:00,15934395,0
2700,Etta Eyong,2026-07-29T00:00:00+02:00,16286020,0
2700,Etta Eyong,2026-07-30T00:00:00+02:00,16991034,0
2700,Etta Eyong,2026-07-31T00:00:00+02:00,17275645,0
2700,Etta Eyong,2026-08-01T00:00:00+02:00,17972880,0
2700,Etta Eyong,2026-08-02T00:00:00+02:00,18718662,0
2700,Etta Eyong,2026-08-03T00:00:00+02:00,19548748,0
2700,Etta Eyong,2026-08-04T00:00:00+02:00,20252597,0
2700,Etta Eyong,2026-08-05T00:00:00+02:00,20919015,0
2700,Etta Eyong,2026-08-06T00:00:00+02:00,21429783,0
2700,Etta Eyong,2026-08-07T00:00:00+02:00,22057570,0
2700,Etta Eyong,2026-08-08T00:00:00+02:00,22680165,0
2700,Etta Eyong,2026-08-09T00:00:00+02:00,23358315,0
2700,Etta Eyong,2026-08-10T00:00:00+02:00,23935758,0
2700,Etta Eyong,2026-08-11T00:00:00+02:00,24508877,0
2700,Etta Eyong,2026-08-12T00:00:00+02:00,24926549,0
2700,Etta Eyong,2026-08-13T00:00:00+02:00,25193974,0
2700,Etta Eyong,2026-08-14T00:00:00+02:00,25423708,0
2700,Etta Eyong,2026-08-15T00:00:00+02:00,25502045,0
2700,Etta Eyong,2026-08-16T00:00:00+02:00,25699219,0
2701,Cabanes,2026-06-29T00:00:00+02:00,600000,0
2701,Cabanes,2026-06-30T00:00:00+02:00,600000,0
2701,Cabanes,2026-07-01T00:00:00+02:00,600000,0
2701,Cabanes,2026-07-02T00:00:00+02:00,600000,0
2701,Cabanes,2026-07-03T00:00:00+02:00,600285,0
2701,Cabanes,2026-07-04T00:00:00+02:00,600981,0
2701,Cabanes,2026-07-05T00:00:00+02:00,601574,0
2702,Rafa Mir,2026-06-29T00:00:00+02:00,7000000,0
2702,Rafa Mir,2026-06-30T00:00:00+02:00,7000000,0
2702,Rafa Mir,2026-07-01T00:00:00+02:00,7000000,0
2702,Rafa Mir,2026-07-02T00:00:00+02:00,7000000,0
2702,Rafa Mir,2026-07-03T00:00:00+02:00,7003324,0
2702,Rafa Mir,2026-07-04T00:00:00+02:00,7011451,0
2702,Rafa Mir,2026-07-05T00:00:00+02:00,7018377,0
2708,André Silva,2026-06-29T00:00:00+02:00,12000000,0
2708,André Silva,2026-06-30T00:00:00+02:00,12000000,0
2708,André Silva,2026-07-01T00:00:00+02:00,12000000,0
2708,André Silva,2026-07-02T00:00:00+02:00,12000000,0
2708,André Silva,2026-07-03T00:00:00+02:00,12005699,0
2708,André Silva,2026-07-04T00:00:00+02:00,12019631,0
2708,André Silva,2026-07-05T00:00:00+02:00,12031505,0
2712,Pablo García,2026-06-29T00:00:00+02:00,2500000,0
2712,Pablo García,2026-06-30T00:00:00+02:00,2500000,0
2712,Pablo García,2026-07-01T00:00:00+02:00,2500000,0
2712,Pablo García,2026-07-02T00:00:00+02:00,2500000,0
2712,Pablo García,2026-07-03T00:00:00+02:00,2501187,0
2712,Pablo García,2026-07-04T00:00:00+02:00,2504089,0
2712,Pablo García,2026-07-05T00:00:00+02:00,2506562,0
2718,F. Mastantuono,2026-06-29T00:00:00+02:00,10000000,0
2718,F. Mastantuono,2026-06-30T00:00:00+02:00,10000000,0
2718,F. Mastantuono,2026-07-01T00:00:00+02:00,10000000,0
2718,F. Mastantuono,2026-07-02T00:00:00+02:00,10000000,0
2718,F. Mastantuono,2026-07-03T00:00:00+02:00,10004749,0
2718,F. Mastantuono,2026-07-04T00:00:00+02:00,10016359,0
2718,F. Mastantuono,2026-07-05T00:00:00+02:00,10026254,0
2746,Miguel Sierra,2026-06-29T00:00:00+02:00,600000,0
2746,Miguel Sierra,2026-06-30T00:00:00+02:00,600000,0
2746,Miguel Sierra,2026-07-01T00:00:00+02:00,600000,0
2746,Miguel Sierra,2026-07-02T00:00:00+02:00,600000,0
2746,Miguel Sierra,2026-07-03T00:00:00+02:00,600285,0
2746,Miguel Sierra,2026-07-04T00:00:00+02:00,600981,0
2746,Miguel Sierra,2026-07-05T00:00:00+02:00,601574,0
2748,Aimar Blázquez,2026-06-29T00:00:00+02:00,600000,0
2748,Aimar Blázquez,2026-06-30T00:00:00+02:00,600000,0
2748,Aimar Blázquez,2026-07-01T00:00:00+02:00,600000,0
2748,Aimar Blázquez,2026-07-02T00:00:00+02:00,600000,0
2748,Aimar Blázquez,2026-07-03T00:00:00+02:00,600285,0
2748,Aimar Blázquez,2026-07-04T00:00:00+02:00,580389,0
2748,Aimar Blázquez,2026-07-05T00:00:00+02:00,580962,0
2754,Alfon,2026-06-29T00:00:00+02:00,7000000,0
2754,Alfon,2026-06-30T00:00:00+02:00,7000000,0
2754,Alfon,2026-07-01T00:00:00+02:00,7000000,0
2754,Alfon,2026-07-02T00:00:00+02:00,7000000,0
2754,Alfon,2026-07-03T00:00:00+02:00,7003324,0
2754,Alfon,2026-07-04T00:00:00+02:00,7011451,0
2754,Alfon,2026-07-05T00:00:00+02:00,7018377,0
2754,Alfon,2026-08-12T00:00:00+02:00,6785547,0
2754,Alfon,2026-08-13T00:00:00+02:00,6556671,0
2754,Alfon,2026-08-14T00:00:00+02:00,6351460,0
2754,Alfon,2026-08-15T00:00:00+02:00,6161419,0
2754,Alfon,2026-08-16T00:00:00+02:00,5976065,0
2756,Ramazani,2026-06-29T00:00:00+02:00,16000000,0
2756,Ramazani,2026-06-30T00:00:00+02:00,16000000,0
2756,Ramazani,2026-07-01T00:00:00+02:00,16000000,0
2756,Ramazani,2026-07-02T00:00:00+02:00,16000000,0
2756,Ramazani,2026-07-03T00:00:00+02:00,16007599,0
2756,Ramazani,2026-07-04T00:00:00+02:00,16026175,0
2756,Ramazani,2026-07-05T00:00:00+02:00,16042008,0
2761,Oluwaseyi,2026-06-29T00:00:00+02:00,6500000,0
2761,Oluwaseyi,2026-06-30T00:00:00+02:00,6500000,0
2761,Oluwaseyi,2026-07-01T00:00:00+02:00,6500000,0
2761,Oluwaseyi,2026-07-02T00:00:00+02:00,6500000,0
2761,Oluwaseyi,2026-07-03T00:00:00+02:00,6503087,0
2761,Oluwaseyi,2026-07-04T00:00:00+02:00,6510633,0
2761,Oluwaseyi,2026-07-05T00:00:00+02:00,6517065,0
2761,Oluwaseyi,2026-07-06T00:00:00+02:00,6525111,0
2761,Oluwaseyi,2026-07-07T00:00:00+02:00,6524774,0
2761,Oluwaseyi,2026-07-08T00:00:00+02:00,6495278,0
2761,Oluwaseyi,2026-07-09T00:00:00+02:00,6470742,0
2761,Oluwaseyi,2026-07-10T00:00:00+02:00,6277030,0
2761,Oluwaseyi,2026-07-11T00:00:00+02:00,6132003,0
2761,Oluwaseyi,2026-07-12T00:00:00+02:00,5994173,0
2761,Oluwaseyi,2026-07-13T00:00:00+02:00,5848877,0
2761,Oluwaseyi,2026-07-14T00:00:00+02:00,5708403,0
2761,Oluwaseyi,2026-07-15T00:00:00+02:00,5563976,0
2761,Oluwaseyi,2026-07-16T00:00:00+02:00,5423226,0
2761,Oluwaseyi,2026-07-17T00:00:00+02:00,5293323,0
2761,Oluwaseyi,2026-07-18T00:00:00+02:00,5170518,0
2761,Oluwaseyi,2026-07-19T00:00:00+02:00,5059513,0
2761,Oluwaseyi,2026-07-20T00:00:00+02:00,4940422,0
2761,Oluwaseyi,2026-07-21T00:00:00+02:00,4827838,0
2761,Oluwaseyi,2026-07-22T00:00:00+02:00,4700094,0
2761,Oluwaseyi,2026-07-23T00:00:00+02:00,4576597,0
2761,Oluwaseyi,2026-07-24T00:00:00+02:00,4459505,0
2761,Oluwaseyi,2026-07-25T00:00:00+02:00,4348847,0
2761,Oluwaseyi,2026-07-26T00:00:00+02:00,4249299,0
2761,Oluwaseyi,2026-07-27T00:00:00+02:00,4160651,0
2761,Oluwaseyi,2026-07-28T00:00:00+02:00,4067846,0
2761,Oluwaseyi,2026-07-29T00:00:00+02:00,3976605,0
2761,Oluwaseyi,2026-07-30T00:00:00+02:00,3885761,0
2761,Oluwaseyi,2026-07-31T00:00:00+02:00,3798695,0
2761,Oluwaseyi,2026-08-01T00:00:00+02:00,3716513,0
2761,Oluwaseyi,2026-08-02T00:00:00+02:00,3639038,0
2761,Oluwaseyi,2026-08-03T00:00:00+02:00,3556333,0
2761,Oluwaseyi,2026-08-04T00:00:00+02:00,3479200,0
2761,Oluwaseyi,2026-08-05T00:00:00+02:00,3398081,0
2761,Oluwaseyi,2026-08-06T00:00:00+02:00,3321200,0
2761,Oluwaseyi,2026-08-07T00:00:00+02:00,3249082,0
2761,Oluwaseyi,2026-08-08T00:00:00+02:00,3182710,0
2761,Oluwaseyi,2026-08-09T00:00:00+02:00,3115378,0
2761,Oluwaseyi,2026-08-10T00:00:00+02:00,3055859,0
2761,Oluwaseyi,2026-08-11T00:00:00+02:00,3000058,0
2761,Oluwaseyi,2026-08-12T00:00:00+02:00,2938804,0
2761,Oluwaseyi,2026-08-13T00:00:00+02:00,2879059,0
2761,Oluwaseyi,2026-08-14T00:00:00+02:00,2825213,0
2761,Oluwaseyi,2026-08-15T00:00:00+02:00,2783952,0
2761,Oluwaseyi,2026-08-16T00:00:00+02:00,2741774,0
2768,Lucas Boyé,2026-06-29T00:00:00+02:00,20000000,0
2768,Lucas Boyé,2026-06-30T00:00:00+02:00,20000000,0
2768,Lucas Boyé,2026-07-01T00:00:00+02:00,20000000,0
2768,Lucas Boyé,2026-07-02T00:00:00+02:00,20000000,0
2768,Lucas Boyé,2026-07-03T00:00:00+02:00,20009499,0
2768,Lucas Boyé,2026-07-04T00:00:00+02:00,20032719,0
2768,Lucas Boyé,2026-07-05T00:00:00+02:00,20052510,0
2768,Lucas Boyé,2026-07-06T00:00:00+02:00,20077267,0
2768,Lucas Boyé,2026-07-07T00:00:00+02:00,20076230,0
2768,Lucas Boyé,2026-07-08T00:00:00+02:00,19897342,0
2768,Lucas Boyé,2026-07-09T00:00:00+02:00,19848078,0
2768,Lucas Boyé,2026-07-10T00:00:00+02:00,20030921,0
2768,Lucas Boyé,2026-07-11T00:00:00+02:00,19920728,0
2768,Lucas Boyé,2026-07-12T00:00:00+02:00,19730401,0
2768,Lucas Boyé,2026-07-13T00:00:00+02:00,19516622,0
2768,Lucas Boyé,2026-07-14T00:00:00+02:00,19152756,0
2768,Lucas Boyé,2026-07-15T00:00:00+02:00,18872059,0
2768,Lucas Boyé,2026-07-16T00:00:00+02:00,18570254,0
2768,Lucas Boyé,2026-07-17T00:00:00+02:00,18299513,0
2768,Lucas Boyé,2026-07-18T00:00:00+02:00,18059408,0
2768,Lucas Boyé,2026-07-19T00:00:00+02:00,17877941,0
2768,Lucas Boyé,2026-07-20T00:00:00+02:00,17624968,0
2768,Lucas Boyé,2026-07-21T00:00:00+02:00,17357614,0
2768,Lucas Boyé,2026-07-22T00:00:00+02:00,16996876,0
2768,Lucas Boyé,2026-07-23T00:00:00+02:00,16734922,0
2768,Lucas Boyé,2026-07-24T00:00:00+02:00,16459928,0
2768,Lucas Boyé,2026-07-25T00:00:00+02:00,16251396,0
2768,Lucas Boyé,2026-07-26T00:00:00+02:00,16085199,0
2768,Lucas Boyé,2026-07-27T00:00:00+02:00,15849338,0
2768,Lucas Boyé,2026-07-28T00:00:00+02:00,15642144,0
2768,Lucas Boyé,2026-07-29T00:00:00+02:00,15435720,0
2768,Lucas Boyé,2026-07-30T00:00:00+02:00,15270363,0
2768,Lucas Boyé,2026-07-31T00:00:00+02:00,15100623,0
2768,Lucas Boyé,2026-08-01T00:00:00+02:00,14957057,0
2768,Lucas Boyé,2026-08-02T00:00:00+02:00,14831482,0
2768,Lucas Boyé,2026-08-03T00:00:00+02:00,14786328,0
2768,Lucas Boyé,2026-08-04T00:00:00+02:00,14687025,0
2768,Lucas Boyé,2026-08-05T00:00:00+02:00,14567996,0
2768,Lucas Boyé,2026-08-06T00:00:00+02:00,14455953,0
2768,Lucas Boyé,2026-08-07T00:00:00+02:00,14315625,0
2768,Lucas Boyé,2026-08-08T00:00:00+02:00,14234515,0
2768,Lucas Boyé,2026-08-09T00:00:00+02:00,14124635,0
2768,Lucas Boyé,2026-08-10T00:00:00+02:00,13826038,0
2768,Lucas Boyé,2026-08-11T00:00:00+02:00,13487884,0
2768,Lucas Boyé,2026-08-12T00:00:00+02:00,13143947,0
2768,Lucas Boyé,2026-08-13T00:00:00+02:00,12809056,0
2768,Lucas Boyé,2026-08-14T00:00:00+02:00,12501743,0
2768,Lucas Boyé,2026-08-15T00:00:00+02:00,12221263,0
2768,Lucas Boyé,2026-08-16T00:00:00+02:00,11994121,0
2770,Antony,2026-06-29T00:00:00+02:00,75000000,0
2770,Antony,2026-06-30T00:00:00+02:00,75000000,0
2770,Antony,2026-07-01T00:00:00+02:00,75000000,0
2770,Antony,2026-07-02T00:00:00+02:00,75000000,0
2770,Antony,2026-07-03T00:00:00+02:00,75035624,0
2770,Antony,2026-07-04T00:00:00+02:00,75122700,0
2770,Antony,2026-07-05T00:00:00+02:00,75196917,0
2770,Antony,2026-07-06T00:00:00+02:00,75289758,0
2770,Antony,2026-07-07T00:00:00+02:00,75285869,0
2770,Antony,2026-07-08T00:00:00+02:00,74880262,0
2770,Antony,2026-07-09T00:00:00+02:00,74474912,0
2770,Antony,2026-07-10T00:00:00+02:00,74607007,0
2770,Antony,2026-07-11T00:00:00+02:00,75046141,0
2770,Antony,2026-07-12T00:00:00+02:00,76264044,0
2770,Antony,2026-07-13T00:00:00+02:00,78122082,0
2770,Antony,2026-07-14T00:00:00+02:00,79197239,0
2770,Antony,2026-07-15T00:00:00+02:00,80401106,0
2770,Antony,2026-07-16T00:00:00+02:00,81989566,0
2770,Antony,2026-07-17T00:00:00+02:00,82731261,0
2770,Antony,2026-07-18T00:00:00+02:00,83422216,0
2770,Antony,2026-07-19T00:00:00+02:00,83806581,0
2770,Antony,2026-07-20T00:00:00+02:00,83610575,0
2770,Antony,2026-07-21T00:00:00+02:00,83143651,0
2770,Antony,2026-07-22T00:00:00+02:00,81495869,0
2770,Antony,2026-07-23T00:00:00+02:00,80089183,0
2770,Antony,2026-07-24T00:00:00+02:00,78566367,0
2770,Antony,2026-07-25T00:00:00+02:00,77254953,0
2770,Antony,2026-07-26T00:00:00+02:00,76148821,0
2770,Antony,2026-07-27T00:00:00+02:00,75044194,0
2770,Antony,2026-07-28T00:00:00+02:00,73839387,0
2770,Antony,2026-07-29T00:00:00+02:00,72448894,0
2770,Antony,2026-07-30T00:00:00+02:00,71142484,0
2770,Antony,2026-07-31T00:00:00+02:00,69831454,0
2770,Antony,2026-08-01T00:00:00+02:00,68171719,0
2770,Antony,2026-08-02T00:00:00+02:00,66877004,0
2770,Antony,2026-08-03T00:00:00+02:00,65992615,0
2770,Antony,2026-08-04T00:00:00+02:00,65248770,0
2770,Antony,2026-08-05T00:00:00+02:00,64449880,0
2770,Antony,2026-08-06T00:00:00+02:00,63488556,0
2770,Antony,2026-08-07T00:00:00+02:00,62617716,0
2770,Antony,2026-08-08T00:00:00+02:00,61899395,0
2770,Antony,2026-08-09T00:00:00+02:00,61234430,0
2770,Antony,2026-08-10T00:00:00+02:00,60565486,0
2770,Antony,2026-08-11T00:00:00+02:00,59819225,0
2770,Antony,2026-08-12T00:00:00+02:00,59322313,0
2770,Antony,2026-08-13T00:00:00+02:00,58923701,0
2770,Antony,2026-08-14T00:00:00+02:00,58694139,0
2770,Antony,2026-08-15T00:00:00+02:00,58625812,0
2770,Antony,2026-08-16T00:00:00+02:00,58748446,0
2771,Mikautadze,2026-06-29T00:00:00+02:00,50000000,0
2771,Mikautadze,2026-06-30T00:00:00+02:00,50000000,0
2771,Mikautadze,2026-07-01T00:00:00+02:00,50000000,0
2771,Mikautadze,2026-07-02T00:00:00+02:00,50000000,0
2771,Mikautadze,2026-07-03T00:00:00+02:00,50023749,0
2771,Mikautadze,2026-07-04T00:00:00+02:00,48125749,0
2771,Mikautadze,2026-07-05T00:00:00+02:00,48173294,0
2771,Mikautadze,2026-07-06T00:00:00+02:00,48232771,0
2771,Mikautadze,2026-07-07T00:00:00+02:00,48230279,0
2771,Mikautadze,2026-07-08T00:00:00+02:00,47752734,0
2771,Mikautadze,2026-07-09T00:00:00+02:00,47292374,0
2771,Mikautadze,2026-07-10T00:00:00+02:00,47038964,0
2771,Mikautadze,2026-07-11T00:00:00+02:00,46882556,0
2771,Mikautadze,2026-07-12T00:00:00+02:00,46802611,0
2771,Mikautadze,2026-07-13T00:00:00+02:00,46793357,0
2771,Mikautadze,2026-07-14T00:00:00+02:00,46857615,0
2771,Mikautadze,2026-07-15T00:00:00+02:00,47181067,0
2771,Mikautadze,2026-07-16T00:00:00+02:00,47568635,0
2771,Mikautadze,2026-07-17T00:00:00+02:00,48201200,0
2771,Mikautadze,2026-07-18T00:00:00+02:00,48814493,0
2771,Mikautadze,2026-07-19T00:00:00+02:00,49447856,0
2771,Mikautadze,2026-07-20T00:00:00+02:00,50057343,0
2771,Mikautadze,2026-07-21T00:00:00+02:00,50595216,0
2771,Mikautadze,2026-07-22T00:00:00+02:00,50701915,0
2771,Mikautadze,2026-07-23T00:00:00+02:00,50931237,0
2771,Mikautadze,2026-07-24T00:00:00+02:00,51025786,0
2771,Mikautadze,2026-07-25T00:00:00+02:00,51334545,0
2771,Mikautadze,2026-07-26T00:00:00+02:00,51526080,0
2771,Mikautadze,2026-07-27T00:00:00+02:00,51608321,0
2771,Mikautadze,2026-07-28T00:00:00+02:00,52075427,0
2771,Mikautadze,2026-07-29T00:00:00+02:00,52131667,0
2771,Mikautadze,2026-07-30T00:00:00+02:00,52260486,0
2771,Mikautadze,2026-07-31T00:00:00+02:00,52288818,0
2771,Mikautadze,2026-08-01T00:00:00+02:00,52498721,0
2771,Mikautadze,2026-08-02T00:00:00+02:00,52719272,0
2771,Mikautadze,2026-08-03T00:00:00+02:00,53048781,0
2771,Mikautadze,2026-08-04T00:00:00+02:00,53696181,0
2771,Mikautadze,2026-08-05T00:00:00+02:00,54137567,0
2771,Mikautadze,2026-08-06T00:00:00+02:00,54632929,0
2771,Mikautadze,2026-08-07T00:00:00+02:00,55318371,0
2771,Mikautadze,2026-08-08T00:00:00+02:00,56155576,0
2771,Mikautadze,2026-08-09T00:00:00+02:00,57010889,0
2771,Mikautadze,2026-08-10T00:00:00+02:00,57967425,0
2771,Mikautadze,2026-08-11T00:00:00+02:00,59270499,0
2771,Mikautadze,2026-08-12T00:00:00+02:00,60346973,0
2771,Mikautadze,2026-08-13T00:00:00+02:00,61149204,0
2771,Mikautadze,2026-08-14T00:00:00+02:00,61986561,0
2771,Mikautadze,2026-08-15T00:00:00+02:00,62438705,0
2771,Mikautadze,2026-08-16T00:00:00+02:00,62789547,0
2778,Álex Sancris,2026-06-29T00:00:00+02:00,1700000,0
2778,Álex Sancris,2026-06-30T00:00:00+02:00,1700000,0
2778,Álex Sancris,2026-07-01T00:00:00+02:00,1700000,0
2778,Álex Sancris,2026-07-02T00:00:00+02:00,1700000,0
2778,Álex Sancris,2026-07-03T00:00:00+02:00,1700807,0
2778,Álex Sancris,2026-07-04T00:00:00+02:00,1702780,0
2778,Álex Sancris,2026-07-05T00:00:00+02:00,1704462,0
2778,Álex Sancris,2026-07-06T00:00:00+02:00,1706566,0
2778,Álex Sancris,2026-07-07T00:00:00+02:00,1706477,0
2778,Álex Sancris,2026-07-08T00:00:00+02:00,1652831,0
2778,Álex Sancris,2026-07-09T00:00:00+02:00,1603536,0
2778,Álex Sancris,2026-07-10T00:00:00+02:00,1552352,0
2778,Álex Sancris,2026-07-11T00:00:00+02:00,1507552,0
2778,Álex Sancris,2026-07-12T00:00:00+02:00,1466718,0
2778,Álex Sancris,2026-07-13T00:00:00+02:00,1422419,0
2778,Álex Sancris,2026-07-14T00:00:00+02:00,1380868,0
2778,Álex Sancris,2026-07-15T00:00:00+02:00,1338959,0
2778,Álex Sancris,2026-07-16T00:00:00+02:00,1301725,0
2778,Álex Sancris,2026-07-17T00:00:00+02:00,1264589,0
2778,Álex Sancris,2026-07-18T00:00:00+02:00,1229292,0
2778,Álex Sancris,2026-07-19T00:00:00+02:00,1196054,0
2778,Álex Sancris,2026-07-20T00:00:00+02:00,1164455,0
2778,Álex Sancris,2026-07-21T00:00:00+02:00,1135636,0
2778,Álex Sancris,2026-07-22T00:00:00+02:00,1103506,0
2778,Álex Sancris,2026-07-23T00:00:00+02:00,1074213,0
2778,Álex Sancris,2026-07-24T00:00:00+02:00,1045141,0
2778,Álex Sancris,2026-07-25T00:00:00+02:00,1018886,0
2778,Álex Sancris,2026-07-26T00:00:00+02:00,994302,0
2778,Álex Sancris,2026-07-27T00:00:00+02:00,970309,0
2778,Álex Sancris,2026-07-28T00:00:00+02:00,947395,0
2778,Álex Sancris,2026-07-29T00:00:00+02:00,923193,0
2778,Álex Sancris,2026-07-30T00:00:00+02:00,900681,0
2778,Álex Sancris,2026-07-31T00:00:00+02:00,878618,0
2778,Álex Sancris,2026-08-01T00:00:00+02:00,857844,0
2778,Álex Sancris,2026-08-02T00:00:00+02:00,838513,0
2778,Álex Sancris,2026-08-03T00:00:00+02:00,819381,0
2778,Álex Sancris,2026-08-04T00:00:00+02:00,800349,0
2778,Álex Sancris,2026-08-05T00:00:00+02:00,782149,0
2778,Álex Sancris,2026-08-06T00:00:00+02:00,764182,0
2778,Álex Sancris,2026-08-07T00:00:00+02:00,747032,0
2778,Álex Sancris,2026-08-08T00:00:00+02:00,731050,0
2778,Álex Sancris,2026-08-09T00:00:00+02:00,716724,0
2778,Álex Sancris,2026-08-10T00:00:00+02:00,703191,0
2778,Álex Sancris,2026-08-11T00:00:00+02:00,689109,0
2778,Álex Sancris,2026-08-12T00:00:00+02:00,675196,0
2778,Álex Sancris,2026-08-13T00:00:00+02:00,660728,0
2778,Álex Sancris,2026-08-14T00:00:00+02:00,646115,0
2778,Álex Sancris,2026-08-15T00:00:00+02:00,633242,0
2778,Álex Sancris,2026-08-16T00:00:00+02:00,622831,0
2779,Juanmi,2026-06-29T00:00:00+02:00,1500000,0
2779,Juanmi,2026-06-30T00:00:00+02:00,1500000,0
2779,Juanmi,2026-07-01T00:00:00+02:00,1500000,0
2779,Juanmi,2026-07-02T00:00:00+02:00,1500000,0
2779,Juanmi,2026-07-03T00:00:00+02:00,1500712,0
2779,Juanmi,2026-07-04T00:00:00+02:00,1444799,0
2779,Juanmi,2026-07-05T00:00:00+02:00,1446226,0
2779,Juanmi,2026-07-06T00:00:00+02:00,1448011,0
2779,Juanmi,2026-07-07T00:00:00+02:00,1447936,0
2779,Juanmi,2026-07-08T00:00:00+02:00,1400871,0
2779,Juanmi,2026-07-09T00:00:00+02:00,1356996,0
2779,Juanmi,2026-07-10T00:00:00+02:00,1315309,0
2779,Juanmi,2026-07-11T00:00:00+02:00,1274772,0
2779,Juanmi,2026-07-12T00:00:00+02:00,1238712,0
2779,Juanmi,2026-07-13T00:00:00+02:00,1202155,0
2779,Juanmi,2026-07-14T00:00:00+02:00,1166829,0
2779,Juanmi,2026-07-15T00:00:00+02:00,1133482,0
2779,Juanmi,2026-07-16T00:00:00+02:00,1104488,0
2779,Juanmi,2026-07-17T00:00:00+02:00,1075242,0
2779,Juanmi,2026-07-18T00:00:00+02:00,1047519,0
2779,Juanmi,2026-07-19T00:00:00+02:00,1021150,0
2779,Juanmi,2026-07-20T00:00:00+02:00,996547,0
2779,Juanmi,2026-07-21T00:00:00+02:00,974445,0
2779,Juanmi,2026-07-22T00:00:00+02:00,966642,0
2779,Juanmi,2026-07-23T00:00:00+02:00,942824,0
2779,Juanmi,2026-07-24T00:00:00+02:00,919008,0
2779,Juanmi,2026-07-25T00:00:00+02:00,897798,0
2779,Juanmi,2026-07-26T00:00:00+02:00,878057,0
2779,Juanmi,2026-07-27T00:00:00+02:00,858714,0
2779,Juanmi,2026-07-28T00:00:00+02:00,840264,0
2779,Juanmi,2026-07-29T00:00:00+02:00,820347,0
2779,Juanmi,2026-07-30T00:00:00+02:00,801949,0
2779,Juanmi,2026-07-31T00:00:00+02:00,783836,0
2779,Juanmi,2026-08-01T00:00:00+02:00,766552,0
2779,Juanmi,2026-08-02T00:00:00+02:00,750873,0
2779,Juanmi,2026-08-03T00:00:00+02:00,735247,0
2779,Juanmi,2026-08-04T00:00:00+02:00,719580,0
2779,Juanmi,2026-08-05T00:00:00+02:00,704611,0
2779,Juanmi,2026-08-06T00:00:00+02:00,689746,0
2779,Juanmi,2026-08-07T00:00:00+02:00,675573,0
2779,Juanmi,2026-08-08T00:00:00+02:00,662450,0
2779,Juanmi,2026-08-09T00:00:00+02:00,650868,0
2779,Juanmi,2026-08-10T00:00:00+02:00,639969,0
2779,Juanmi,2026-08-11T00:00:00+02:00,628415,0
2779,Juanmi,2026-08-12T00:00:00+02:00,616929,0
2779,Juanmi,2026-08-13T00:00:00+02:00,604792,0
2779,Juanmi,2026-08-14T00:00:00+02:00,592416,0
2779,Juanmi,2026-08-15T00:00:00+02:00,581691,0
2779,Juanmi,2026-08-16T00:00:00+02:00,573342,0
2780,Grady Diangana,2026-06-29T00:00:00+02:00,2900000,0
2780,Grady Diangana,2026-06-30T00:00:00+02:00,2900000,0
2780,Grady Diangana,2026-07-01T00:00:00+02:00,2900000,0
2780,Grady Diangana,2026-07-02T00:00:00+02:00,2900000,0
2780,Grady Diangana,2026-07-03T00:00:00+02:00,2901377,0
2780,Grady Diangana,2026-07-04T00:00:00+02:00,2904743,0
2780,Grady Diangana,2026-07-05T00:00:00+02:00,2907612,0
2780,Grady Diangana,2026-07-06T00:00:00+02:00,2911201,0
2780,Grady Diangana,2026-07-07T00:00:00+02:00,2911050,0
2780,Grady Diangana,2026-07-08T00:00:00+02:00,2836852,0
2780,Grady Diangana,2026-07-09T00:00:00+02:00,2763982,0
2780,Grady Diangana,2026-07-10T00:00:00+02:00,2679923,0
2780,Grady Diangana,2026-07-11T00:00:00+02:00,2606349,0
2780,Grady Diangana,2026-07-12T00:00:00+02:00,2541425,0
2780,Grady Diangana,2026-07-13T00:00:00+02:00,2472709,0
2780,Grady Diangana,2026-07-14T00:00:00+02:00,2400255,0
2780,Grady Diangana,2026-07-15T00:00:00+02:00,2333786,0
2780,Grady Diangana,2026-07-16T00:00:00+02:00,2269151,0
2780,Grady Diangana,2026-07-17T00:00:00+02:00,2210390,0
2780,Grady Diangana,2026-07-18T00:00:00+02:00,2163049,0
2780,Grady Diangana,2026-07-19T00:00:00+02:00,2105298,0
2780,Grady Diangana,2026-07-20T00:00:00+02:00,2051344,0
2780,Grady Diangana,2026-07-21T00:00:00+02:00,2000268,0
2780,Grady Diangana,2026-07-22T00:00:00+02:00,1945908,0
2780,Grady Diangana,2026-07-23T00:00:00+02:00,1902909,0
2780,Grady Diangana,2026-07-24T00:00:00+02:00,1861480,0
2780,Grady Diangana,2026-07-25T00:00:00+02:00,1823549,0
2780,Grady Diangana,2026-07-26T00:00:00+02:00,1783237,0
2780,Grady Diangana,2026-07-27T00:00:00+02:00,1751358,0
2780,Grady Diangana,2026-07-28T00:00:00+02:00,1727162,0
2780,Grady Diangana,2026-07-29T00:00:00+02:00,1695068,0
2780,Grady Diangana,2026-07-30T00:00:00+02:00,1671339,0
2780,Grady Diangana,2026-07-31T00:00:00+02:00,1637385,0
2780,Grady Diangana,2026-08-01T00:00:00+02:00,1604483,0
2780,Grady Diangana,2026-08-02T00:00:00+02:00,1576845,0
2780,Grady Diangana,2026-08-03T00:00:00+02:00,1547224,0
2780,Grady Diangana,2026-08-04T00:00:00+02:00,1520706,0
2780,Grady Diangana,2026-08-05T00:00:00+02:00,1492871,0
2780,Grady Diangana,2026-08-06T00:00:00+02:00,1466214,0
2780,Grady Diangana,2026-08-07T00:00:00+02:00,1440335,0
2780,Grady Diangana,2026-08-08T00:00:00+02:00,1416630,0
2780,Grady Diangana,2026-08-09T00:00:00+02:00,1389958,0
2780,Grady Diangana,2026-08-10T00:00:00+02:00,1364355,0
2780,Grady Diangana,2026-08-11T00:00:00+02:00,1339684,0
2780,Grady Diangana,2026-08-12T00:00:00+02:00,1308768,0
2780,Grady Diangana,2026-08-13T00:00:00+02:00,1271178,0
2780,Grady Diangana,2026-08-14T00:00:00+02:00,1233033,0
2780,Grady Diangana,2026-08-15T00:00:00+02:00,1196683,0
2780,Grady Diangana,2026-08-16T00:00:00+02:00,1163734,0
2788,Alex Costa,2026-06-29T00:00:00+02:00,600000,0
2788,Alex Costa,2026-06-30T00:00:00+02:00,600000,0
2788,Alex Costa,2026-07-01T00:00:00+02:00,600000,0
2788,Alex Costa,2026-07-02T00:00:00+02:00,600000,0
2788,Alex Costa,2026-07-03T00:00:00+02:00,600285,0
2788,Alex Costa,2026-07-04T00:00:00+02:00,600981,0
2788,Alex Costa,2026-07-05T00:00:00+02:00,601574,0
2798,Alemâo,2026-06-29T00:00:00+02:00,7000000,0
2798,Alemâo,2026-06-30T00:00:00+02:00,7000000,0
2798,Alemâo,2026-07-01T00:00:00+02:00,7000000,0
2798,Alemâo,2026-07-02T00:00:00+02:00,7000000,0
2798,Alemâo,2026-07-03T00:00:00+02:00,7003324,0
2798,Alemâo,2026-07-04T00:00:00+02:00,7011451,0
2798,Alemâo,2026-07-05T00:00:00+02:00,7018377,0
2798,Alemâo,2026-07-06T00:00:00+02:00,7027042,0
2798,Alemâo,2026-07-07T00:00:00+02:00,7026679,0
2798,Alemâo,2026-07-08T00:00:00+02:00,6963710,0
2798,Alemâo,2026-07-09T00:00:00+02:00,6848228,0
2798,Alemâo,2026-07-10T00:00:00+02:00,6747613,0
2798,Alemâo,2026-07-11T00:00:00+02:00,6608286,0
2798,Alemâo,2026-07-12T00:00:00+02:00,6493261,0
2798,Alemâo,2026-07-13T00:00:00+02:00,6378121,0
2798,Alemâo,2026-07-14T00:00:00+02:00,6234049,0
2798,Alemâo,2026-07-15T00:00:00+02:00,6087350,0
2798,Alemâo,2026-07-16T00:00:00+02:00,5961120,0
2798,Alemâo,2026-07-17T00:00:00+02:00,5850522,0
2798,Alemâo,2026-07-18T00:00:00+02:00,5745668,0
2798,Alemâo,2026-07-19T00:00:00+02:00,5659897,0
2798,Alemâo,2026-07-20T00:00:00+02:00,5556658,0
2798,Alemâo,2026-07-21T00:00:00+02:00,5459524,0
2798,Alemâo,2026-07-22T00:00:00+02:00,5333940,0
2798,Alemâo,2026-07-23T00:00:00+02:00,5274706,0
2798,Alemâo,2026-07-24T00:00:00+02:00,5164942,0
2798,Alemâo,2026-07-25T00:00:00+02:00,5079759,0
2798,Alemâo,2026-07-26T00:00:00+02:00,4982323,0
2798,Alemâo,2026-07-27T00:00:00+02:00,4890795,0
2798,Alemâo,2026-07-28T00:00:00+02:00,4824969,0
2798,Alemâo,2026-07-29T00:00:00+02:00,4752115,0
2798,Alemâo,2026-07-30T00:00:00+02:00,4683872,0
2798,Alemâo,2026-07-31T00:00:00+02:00,4608082,0
2798,Alemâo,2026-08-01T00:00:00+02:00,4529606,0
2798,Alemâo,2026-08-02T00:00:00+02:00,4453308,0
2798,Alemâo,2026-08-03T00:00:00+02:00,4373660,0
2798,Alemâo,2026-08-04T00:00:00+02:00,4301237,0
2798,Alemâo,2026-08-05T00:00:00+02:00,4223575,0
2798,Alemâo,2026-08-06T00:00:00+02:00,4146378,0
2798,Alemâo,2026-08-07T00:00:00+02:00,4075622,0
2798,Alemâo,2026-08-08T00:00:00+02:00,4008828,0
2798,Alemâo,2026-08-09T00:00:00+02:00,3948121,0
2798,Alemâo,2026-08-10T00:00:00+02:00,3883091,0
2798,Alemâo,2026-08-11T00:00:00+02:00,3827398,0
2798,Alemâo,2026-08-12T00:00:00+02:00,3778274,0
2798,Alemâo,2026-08-13T00:00:00+02:00,3727689,0
2798,Alemâo,2026-08-14T00:00:00+02:00,3705270,0
2798,Alemâo,2026-08-15T00:00:00+02:00,3684009,0
2798,Alemâo,2026-08-16T00:00:00+02:00,3659334,0
2801,Alexis Sánchez,2026-06-29T00:00:00+02:00,4000000,0
2801,Alexis Sánchez,2026-06-30T00:00:00+02:00,4000000,0
2801,Alexis Sánchez,2026-07-01T00:00:00+02:00,4000000,0
2801,Alexis Sánchez,2026-07-02T00:00:00+02:00,4000000,0
2801,Alexis Sánchez,2026-07-03T00:00:00+02:00,3848095,0
2801,Alexis Sánchez,2026-07-04T00:00:00+02:00,3852560,0
2801,Alexis Sánchez,2026-07-05T00:00:00+02:00,3856366,0
2803,Kamara,2026-06-29T00:00:00+02:00,2400000,0
2803,Kamara,2026-06-30T00:00:00+02:00,2400000,0
2803,Kamara,2026-07-01T00:00:00+02:00,2400000,0
2803,Kamara,2026-07-02T00:00:00+02:00,2400000,0
2803,Kamara,2026-07-03T00:00:00+02:00,2401139,0
2803,Kamara,2026-07-04T00:00:00+02:00,2403925,0
2803,Kamara,2026-07-05T00:00:00+02:00,2406299,0
2808,Bardghji,2026-06-29T00:00:00+02:00,4800000,0
2808,Bardghji,2026-06-30T00:00:00+02:00,4800000,0
2808,Bardghji,2026-07-01T00:00:00+02:00,4800000,0
2808,Bardghji,2026-07-02T00:00:00+02:00,4800000,0
2808,Bardghji,2026-07-03T00:00:00+02:00,4802279,0
2808,Bardghji,2026-07-04T00:00:00+02:00,4807851,0
2808,Bardghji,2026-07-05T00:00:00+02:00,4812600,0
2808,Bardghji,2026-07-31T00:00:00+02:00,4653457,0
2808,Bardghji,2026-08-01T00:00:00+02:00,4500054,0
2808,Bardghji,2026-08-02T00:00:00+02:00,4372626,0
2808,Bardghji,2026-08-03T00:00:00+02:00,4256529,0
2808,Bardghji,2026-08-04T00:00:00+02:00,4141031,0
2808,Bardghji,2026-08-05T00:00:00+02:00,4028980,0
2808,Bardghji,2026-08-06T00:00:00+02:00,3916300,0
2808,Bardghji,2026-08-07T00:00:00+02:00,3810120,0
2808,Bardghji,2026-08-08T00:00:00+02:00,3706356,0
2808,Bardghji,2026-08-09T00:00:00+02:00,3609803,0
2808,Bardghji,2026-08-10T00:00:00+02:00,3524317,0
2808,Bardghji,2026-08-11T00:00:00+02:00,3422594,0
2808,Bardghji,2026-08-12T00:00:00+02:00,3312212,0
2808,Bardghji,2026-08-13T00:00:00+02:00,3203515,0
2808,Bardghji,2026-08-14T00:00:00+02:00,3096917,0
2808,Bardghji,2026-08-15T00:00:00+02:00,2999151,0
2808,Bardghji,2026-08-16T00:00:00+02:00,2906833,0
2813,Rayane,2026-06-29T00:00:00+02:00,700000,0
2813,Rayane,2026-06-30T00:00:00+02:00,700000,0
2813,Rayane,2026-07-01T00:00:00+02:00,700000,0
2813,Rayane,2026-07-02T00:00:00+02:00,700000,0
2813,Rayane,2026-07-03T00:00:00+02:00,700332,0
2813,Rayane,2026-07-04T00:00:00+02:00,701144,0
2813,Rayane,2026-07-05T00:00:00+02:00,677197,0
2821,Mykyta,2026-06-29T00:00:00+02:00,600000,0
2821,Mykyta,2026-06-30T00:00:00+02:00,600000,0
2821,Mykyta,2026-07-01T00:00:00+02:00,600000,0
2821,Mykyta,2026-07-02T00:00:00+02:00,600000,0
2821,Mykyta,2026-07-03T00:00:00+02:00,600285,0
2821,Mykyta,2026-07-04T00:00:00+02:00,600981,0
2821,Mykyta,2026-07-05T00:00:00+02:00,601574,0
2828,Adrián,2026-06-29T00:00:00+02:00,600000,0
2828,Adrián,2026-06-30T00:00:00+02:00,600000,0
2828,Adrián,2026-07-01T00:00:00+02:00,600000,0
2828,Adrián,2026-07-02T00:00:00+02:00,600000,0
2828,Adrián,2026-07-03T00:00:00+02:00,600285,0
2828,Adrián,2026-07-04T00:00:00+02:00,600981,0
2828,Adrián,2026-07-05T00:00:00+02:00,601574,0
2829,Ibon Sánchez,2026-06-29T00:00:00+02:00,500000,0
2829,Ibon Sánchez,2026-06-30T00:00:00+02:00,500000,0
2829,Ibon Sánchez,2026-07-01T00:00:00+02:00,500000,0
2829,Ibon Sánchez,2026-07-02T00:00:00+02:00,500000,0
2829,Ibon Sánchez,2026-07-03T00:00:00+02:00,500237,0
2829,Ibon Sánchez,2026-07-04T00:00:00+02:00,500817,0
2829,Ibon Sánchez,2026-07-05T00:00:00+02:00,501311,0
2832,Morcillo,2026-06-29T00:00:00+02:00,600000,0
2832,Morcillo,2026-06-30T00:00:00+02:00,600000,0
2832,Morcillo,2026-07-01T00:00:00+02:00,600000,0
2832,Morcillo,2026-07-02T00:00:00+02:00,600000,0
2832,Morcillo,2026-07-03T00:00:00+02:00,600285,0
2832,Morcillo,2026-07-04T00:00:00+02:00,600981,0
2832,Morcillo,2026-07-05T00:00:00+02:00,581040,0
2832,Morcillo,2026-07-06T00:00:00+02:00,581757,0
2847,R. Arroyo,2026-06-29T00:00:00+02:00,600000,0
2847,R. Arroyo,2026-06-30T00:00:00+02:00,600000,0
2847,R. Arroyo,2026-07-01T00:00:00+02:00,600000,0
2847,R. Arroyo,2026-07-02T00:00:00+02:00,600000,0
2847,R. Arroyo,2026-07-03T00:00:00+02:00,600285,0
2847,R. Arroyo,2026-07-04T00:00:00+02:00,600981,0
2847,R. Arroyo,2026-07-05T00:00:00+02:00,601574,0
2849,Óscar Marcos,2026-06-29T00:00:00+02:00,600000,0
2849,Óscar Marcos,2026-06-30T00:00:00+02:00,600000,0
2849,Óscar Marcos,2026-07-01T00:00:00+02:00,600000,0
2849,Óscar Marcos,2026-07-02T00:00:00+02:00,600000,0
2849,Óscar Marcos,2026-07-03T00:00:00+02:00,600285,0
2849,Óscar Marcos,2026-07-04T00:00:00+02:00,600981,0
2849,Óscar Marcos,2026-07-05T00:00:00+02:00,601574,0
2853,Nordin Al-Lal,2026-06-29T00:00:00+02:00,500000,0
2853,Nordin Al-Lal,2026-06-30T00:00:00+02:00,500000,0
2853,Nordin Al-Lal,2026-07-01T00:00:00+02:00,500000,0
2853,Nordin Al-Lal,2026-07-02T00:00:00+02:00,500000,0
2853,Nordin Al-Lal,2026-07-03T00:00:00+02:00,500237,0
2853,Nordin Al-Lal,2026-07-04T00:00:00+02:00,500817,0
2853,Nordin Al-Lal,2026-07-05T00:00:00+02:00,501311,0
2865,Gorka Carrera,2026-06-29T00:00:00+02:00,700000,0
2865,Gorka Carrera,2026-06-30T00:00:00+02:00,700000,0
2865,Gorka Carrera,2026-07-01T00:00:00+02:00,700000,0
2865,Gorka Carrera,2026-07-02T00:00:00+02:00,700000,0
2865,Gorka Carrera,2026-07-03T00:00:00+02:00,700332,0
2865,Gorka Carrera,2026-07-04T00:00:00+02:00,701144,0
2865,Gorka Carrera,2026-07-05T00:00:00+02:00,701836,0
2875,Mariezkurrena,2026-06-29T00:00:00+02:00,700000,0
2875,Mariezkurrena,2026-06-30T00:00:00+02:00,700000,0
2875,Mariezkurrena,2026-07-01T00:00:00+02:00,700000,0
2875,Mariezkurrena,2026-07-02T00:00:00+02:00,700000,0
2875,Mariezkurrena,2026-07-03T00:00:00+02:00,700332,0
2875,Mariezkurrena,2026-07-04T00:00:00+02:00,701144,0
2875,Mariezkurrena,2026-07-05T00:00:00+02:00,677197,0
2879,Asier Hierro,2026-06-29T00:00:00+02:00,600000,0
2879,Asier Hierro,2026-06-30T00:00:00+02:00,600000,0
2879,Asier Hierro,2026-07-01T00:00:00+02:00,600000,0
2879,Asier Hierro,2026-07-02T00:00:00+02:00,600000,0
2879,Asier Hierro,2026-07-03T00:00:00+02:00,600285,0
2879,Asier Hierro,2026-07-04T00:00:00+02:00,600981,0
2879,Asier Hierro,2026-07-05T00:00:00+02:00,601574,0
2880,Bujan,2026-06-29T00:00:00+02:00,600000,0
2880,Bujan,2026-06-30T00:00:00+02:00,600000,0
2880,Bujan,2026-07-01T00:00:00+02:00,600000,0
2880,Bujan,2026-07-02T00:00:00+02:00,600000,0
2880,Bujan,2026-07-03T00:00:00+02:00,600285,0
2880,Bujan,2026-07-04T00:00:00+02:00,600981,0
2880,Bujan,2026-07-05T00:00:00+02:00,601574,0
2880,Bujan,2026-07-06T00:00:00+02:00,602316,0
2887,Mañas,2026-06-29T00:00:00+02:00,600000,0
2887,Mañas,2026-06-30T00:00:00+02:00,600000,0
2887,Mañas,2026-07-01T00:00:00+02:00,600000,0
2887,Mañas,2026-07-02T00:00:00+02:00,600000,0
2887,Mañas,2026-07-03T00:00:00+02:00,580047,0
2887,Mañas,2026-07-04T00:00:00+02:00,580720,0
2887,Mañas,2026-07-05T00:00:00+02:00,581293,0
2887,Mañas,2026-07-06T00:00:00+02:00,562164,0
2887,Mañas,2026-08-14T00:00:00+02:00,551493,0
2887,Mañas,2026-08-15T00:00:00+02:00,542405,0
2887,Mañas,2026-08-16T00:00:00+02:00,535627,0
2922,Osorio,2026-06-29T00:00:00+02:00,1400000,0
2922,Osorio,2026-06-30T00:00:00+02:00,1400000,0
2922,Osorio,2026-07-01T00:00:00+02:00,1400000,0
2922,Osorio,2026-07-02T00:00:00+02:00,1400000,0
2922,Osorio,2026-07-03T00:00:00+02:00,1400665,0
2922,Osorio,2026-07-04T00:00:00+02:00,1402290,0
2922,Osorio,2026-07-05T00:00:00+02:00,1403675,0
2923,Raúl Moro,2026-06-29T00:00:00+02:00,12000000,0
2923,Raúl Moro,2026-06-30T00:00:00+02:00,12000000,0
2923,Raúl Moro,2026-07-01T00:00:00+02:00,12000000,0
2923,Raúl Moro,2026-07-02T00:00:00+02:00,12000000,0
2923,Raúl Moro,2026-07-03T00:00:00+02:00,12005699,0
2923,Raúl Moro,2026-07-04T00:00:00+02:00,12019631,0
2923,Raúl Moro,2026-07-05T00:00:00+02:00,12031505,0
2923,Raúl Moro,2026-07-06T00:00:00+02:00,12046359,0
2923,Raúl Moro,2026-07-07T00:00:00+02:00,12045736,0
2923,Raúl Moro,2026-07-08T00:00:00+02:00,12200284,0
2923,Raúl Moro,2026-07-09T00:00:00+02:00,12297316,0
2923,Raúl Moro,2026-07-10T00:00:00+02:00,12545495,0
2923,Raúl Moro,2026-07-11T00:00:00+02:00,12626208,0
2923,Raúl Moro,2026-07-12T00:00:00+02:00,12477486,0
2923,Raúl Moro,2026-07-13T00:00:00+02:00,12354868,0
2923,Raúl Moro,2026-07-14T00:00:00+02:00,12134125,0
2923,Raúl Moro,2026-07-15T00:00:00+02:00,12052700,0
2923,Raúl Moro,2026-07-16T00:00:00+02:00,11946380,0
2923,Raúl Moro,2026-07-17T00:00:00+02:00,11779089,0
2923,Raúl Moro,2026-07-18T00:00:00+02:00,11595634,0
2923,Raúl Moro,2026-07-19T00:00:00+02:00,11472727,0
2923,Raúl Moro,2026-07-20T00:00:00+02:00,11332308,0
2923,Raúl Moro,2026-07-21T00:00:00+02:00,11154803,0
2923,Raúl Moro,2026-07-22T00:00:00+02:00,10983635,0
2923,Raúl Moro,2026-07-23T00:00:00+02:00,10847195,0
2923,Raúl Moro,2026-07-24T00:00:00+02:00,10700603,0
2923,Raúl Moro,2026-07-25T00:00:00+02:00,10622887,0
2923,Raúl Moro,2026-07-26T00:00:00+02:00,10524976,0
2923,Raúl Moro,2026-07-27T00:00:00+02:00,10428632,0
2923,Raúl Moro,2026-07-28T00:00:00+02:00,10425289,0
2923,Raúl Moro,2026-07-29T00:00:00+02:00,10384245,0
2923,Raúl Moro,2026-07-30T00:00:00+02:00,10402136,0
2923,Raúl Moro,2026-07-31T00:00:00+02:00,10415320,0
2923,Raúl Moro,2026-08-01T00:00:00+02:00,10538764,0
2923,Raúl Moro,2026-08-02T00:00:00+02:00,10749436,0
2923,Raúl Moro,2026-08-03T00:00:00+02:00,11063352,0
2923,Raúl Moro,2026-08-04T00:00:00+02:00,11306947,0
2923,Raúl Moro,2026-08-05T00:00:00+02:00,11534872,0
2923,Raúl Moro,2026-08-06T00:00:00+02:00,11764316,0
2923,Raúl Moro,2026-08-07T00:00:00+02:00,11966255,0
2923,Raúl Moro,2026-08-08T00:00:00+02:00,12253723,0
2923,Raúl Moro,2026-08-09T00:00:00+02:00,12478303,0
2923,Raúl Moro,2026-08-10T00:00:00+02:00,12678205,0
2923,Raúl Moro,2026-08-11T00:00:00+02:00,12855180,0
2923,Raúl Moro,2026-08-12T00:00:00+02:00,12978640,0
2923,Raúl Moro,2026-08-13T00:00:00+02:00,13057334,0
2923,Raúl Moro,2026-08-14T00:00:00+02:00,13187373,0
2923,Raúl Moro,2026-08-15T00:00:00+02:00,13315878,0
2923,Raúl Moro,2026-08-16T00:00:00+02:00,13540658,0
2925,Luis Vázquez,2026-06-29T00:00:00+02:00,9000000,0
2925,Luis Vázquez,2026-06-30T00:00:00+02:00,9000000,0
2925,Luis Vázquez,2026-07-01T00:00:00+02:00,9000000,0
2925,Luis Vázquez,2026-07-02T00:00:00+02:00,9000000,0
2925,Luis Vázquez,2026-07-03T00:00:00+02:00,9004274,0
2925,Luis Vázquez,2026-07-04T00:00:00+02:00,9014723,0
2925,Luis Vázquez,2026-07-05T00:00:00+02:00,9023629,0
2932,Ángel Pérez,2026-06-29T00:00:00+02:00,15000000,0
2932,Ángel Pérez,2026-06-30T00:00:00+02:00,15000000,0
2932,Ángel Pérez,2026-07-01T00:00:00+02:00,15000000,0
2932,Ángel Pérez,2026-07-02T00:00:00+02:00,15000000,0
2932,Ángel Pérez,2026-07-03T00:00:00+02:00,15007124,0
2932,Ángel Pérez,2026-07-04T00:00:00+02:00,15024539,0
2932,Ángel Pérez,2026-07-05T00:00:00+02:00,15039382,0
2932,Ángel Pérez,2026-07-06T00:00:00+02:00,15057950,0
2932,Ángel Pérez,2026-07-07T00:00:00+02:00,15057172,0
2932,Ángel Pérez,2026-07-08T00:00:00+02:00,14816031,0
2932,Ángel Pérez,2026-07-09T00:00:00+02:00,14493813,0
2932,Ángel Pérez,2026-07-10T00:00:00+02:00,14122717,0
2932,Ángel Pérez,2026-07-11T00:00:00+02:00,13731874,0
2932,Ángel Pérez,2026-07-12T00:00:00+02:00,13343692,0
2932,Ángel Pérez,2026-07-13T00:00:00+02:00,12969239,0
2932,Ángel Pérez,2026-07-14T00:00:00+02:00,12603547,0
2932,Ángel Pérez,2026-07-15T00:00:00+02:00,12250956,0
2932,Ángel Pérez,2026-07-16T00:00:00+02:00,11907412,0
2932,Ángel Pérez,2026-07-17T00:00:00+02:00,11628930,0
2932,Ángel Pérez,2026-07-18T00:00:00+02:00,11359204,0
2932,Ángel Pérez,2026-07-19T00:00:00+02:00,11116206,0
2932,Ángel Pérez,2026-07-20T00:00:00+02:00,10833295,0
2932,Ángel Pérez,2026-07-21T00:00:00+02:00,10608904,0
2932,Ángel Pérez,2026-07-22T00:00:00+02:00,10317922,0
2932,Ángel Pérez,2026-07-23T00:00:00+02:00,10086050,0
2932,Ángel Pérez,2026-07-24T00:00:00+02:00,9842334,0
2932,Ángel Pérez,2026-07-25T00:00:00+02:00,9633856,0
2932,Ángel Pérez,2026-07-26T00:00:00+02:00,9424467,0
2932,Ángel Pérez,2026-07-27T00:00:00+02:00,9200513,0
2932,Ángel Pérez,2026-07-28T00:00:00+02:00,9027291,0
2932,Ángel Pérez,2026-07-29T00:00:00+02:00,8817741,0
2932,Ángel Pérez,2026-07-30T00:00:00+02:00,8629021,0
2932,Ángel Pérez,2026-07-31T00:00:00+02:00,8465333,0
2932,Ángel Pérez,2026-08-01T00:00:00+02:00,8318911,0
2932,Ángel Pérez,2026-08-02T00:00:00+02:00,8164698,0
2932,Ángel Pérez,2026-08-03T00:00:00+02:00,8028774,0
2932,Ángel Pérez,2026-08-04T00:00:00+02:00,7903403,0
2932,Ángel Pérez,2026-08-05T00:00:00+02:00,7761423,0
2932,Ángel Pérez,2026-08-06T00:00:00+02:00,7604520,0
2932,Ángel Pérez,2026-08-07T00:00:00+02:00,7461869,0
2932,Ángel Pérez,2026-08-08T00:00:00+02:00,7329571,0
2932,Ángel Pérez,2026-08-09T00:00:00+02:00,7219740,0
2932,Ángel Pérez,2026-08-10T00:00:00+02:00,7101686,0
2932,Ángel Pérez,2026-08-11T00:00:00+02:00,6994717,0
2932,Ángel Pérez,2026-08-12T00:00:00+02:00,6907982,0
2932,Ángel Pérez,2026-08-13T00:00:00+02:00,6808577,0
2932,Ángel Pérez,2026-08-14T00:00:00+02:00,6730357,0
2932,Ángel Pérez,2026-08-15T00:00:00+02:00,6661137,0
2932,Ángel Pérez,2026-08-16T00:00:00+02:00,6598219,0
2933,Cepeda,2026-06-29T00:00:00+02:00,2500000,0
2933,Cepeda,2026-06-30T00:00:00+02:00,2500000,0
2933,Cepeda,2026-07-01T00:00:00+02:00,2500000,0
2933,Cepeda,2026-07-02T00:00:00+02:00,2500000,0
2933,Cepeda,2026-07-03T00:00:00+02:00,2501187,0
2933,Cepeda,2026-07-04T00:00:00+02:00,2406287,0
2933,Cepeda,2026-07-05T00:00:00+02:00,2408664,0
2933,Cepeda,2026-07-06T00:00:00+02:00,2411637,0
2933,Cepeda,2026-07-07T00:00:00+02:00,2411512,0
2933,Cepeda,2026-07-08T00:00:00+02:00,2349296,0
2933,Cepeda,2026-07-09T00:00:00+02:00,2281272,0
2933,Cepeda,2026-07-10T00:00:00+02:00,2211989,0
2933,Cepeda,2026-07-11T00:00:00+02:00,2154363,0
2933,Cepeda,2026-07-12T00:00:00+02:00,2093409,0
2933,Cepeda,2026-07-13T00:00:00+02:00,2030683,0
2933,Cepeda,2026-07-14T00:00:00+02:00,1970527,0
2933,Cepeda,2026-07-15T00:00:00+02:00,1911292,0
2933,Cepeda,2026-07-16T00:00:00+02:00,1857781,0
2933,Cepeda,2026-07-17T00:00:00+02:00,1807516,0
2933,Cepeda,2026-07-18T00:00:00+02:00,1763181,0
2933,Cepeda,2026-07-19T00:00:00+02:00,1720091,0
2933,Cepeda,2026-07-20T00:00:00+02:00,1677801,0
2933,Cepeda,2026-07-21T00:00:00+02:00,1637453,0
2933,Cepeda,2026-07-22T00:00:00+02:00,1591757,0
2933,Cepeda,2026-07-23T00:00:00+02:00,1554500,0
2933,Cepeda,2026-07-24T00:00:00+02:00,1517797,0
2933,Cepeda,2026-07-25T00:00:00+02:00,1480520,0
2933,Cepeda,2026-07-26T00:00:00+02:00,1447548,0
2933,Cepeda,2026-07-27T00:00:00+02:00,1414751,0
2933,Cepeda,2026-07-28T00:00:00+02:00,1389342,0
2933,Cepeda,2026-07-29T00:00:00+02:00,1370449,0
2933,Cepeda,2026-07-30T00:00:00+02:00,1343460,0
2933,Cepeda,2026-07-31T00:00:00+02:00,1315073,0
2933,Cepeda,2026-08-01T00:00:00+02:00,1289157,0
2933,Cepeda,2026-08-02T00:00:00+02:00,1269954,0
2933,Cepeda,2026-08-03T00:00:00+02:00,1244482,0
2933,Cepeda,2026-08-04T00:00:00+02:00,1221356,0
2933,Cepeda,2026-08-05T00:00:00+02:00,1204245,0
2933,Cepeda,2026-08-06T00:00:00+02:00,1186107,0
2933,Cepeda,2026-08-07T00:00:00+02:00,1166455,0
2933,Cepeda,2026-08-08T00:00:00+02:00,1148326,0
2933,Cepeda,2026-08-09T00:00:00+02:00,1131316,0
2933,Cepeda,2026-08-10T00:00:00+02:00,1118312,0
2933,Cepeda,2026-08-11T00:00:00+02:00,1105246,0
2933,Cepeda,2026-08-12T00:00:00+02:00,1096142,0
2933,Cepeda,2026-08-13T00:00:00+02:00,1087910,0
2933,Cepeda,2026-08-14T00:00:00+02:00,1082325,0
2933,Cepeda,2026-08-15T00:00:00+02:00,1086365,0
2933,Cepeda,2026-08-16T00:00:00+02:00,1083351,0
2937,Ngonge,2026-06-29T00:00:00+02:00,2000000,0
2937,Ngonge,2026-06-30T00:00:00+02:00,2000000,0
2937,Ngonge,2026-07-01T00:00:00+02:00,2000000,0
2937,Ngonge,2026-07-02T00:00:00+02:00,2000000,0
2937,Ngonge,2026-07-03T00:00:00+02:00,2000949,0
2937,Ngonge,2026-07-04T00:00:00+02:00,2003271,0
2937,Ngonge,2026-07-05T00:00:00+02:00,2005250,0
2941,T. Morente,2026-06-29T00:00:00+02:00,5500000,0
2941,T. Morente,2026-06-30T00:00:00+02:00,5500000,0
2941,T. Morente,2026-07-01T00:00:00+02:00,5500000,0
2941,T. Morente,2026-07-02T00:00:00+02:00,5500000,0
2941,T. Morente,2026-07-03T00:00:00+02:00,5502612,0
2941,T. Morente,2026-07-04T00:00:00+02:00,5508997,0
2941,T. Morente,2026-07-05T00:00:00+02:00,5514439,0
2941,T. Morente,2026-07-06T00:00:00+02:00,5521247,0
2941,T. Morente,2026-07-07T00:00:00+02:00,5520961,0
2941,T. Morente,2026-07-08T00:00:00+02:00,5400599,0
2941,T. Morente,2026-07-09T00:00:00+02:00,5241875,0
2941,T. Morente,2026-07-10T00:00:00+02:00,5087868,0
2941,T. Morente,2026-07-11T00:00:00+02:00,4929441,0
2941,T. Morente,2026-07-12T00:00:00+02:00,4788747,0
2941,T. Morente,2026-07-13T00:00:00+02:00,4649771,0
2941,T. Morente,2026-07-14T00:00:00+02:00,4513010,0
2941,T. Morente,2026-07-15T00:00:00+02:00,4376126,0
2941,T. Morente,2026-07-16T00:00:00+02:00,4247502,0
2941,T. Morente,2026-07-17T00:00:00+02:00,4133181,0
2941,T. Morente,2026-07-18T00:00:00+02:00,4018394,0
2941,T. Morente,2026-07-19T00:00:00+02:00,3905675,0
2941,T. Morente,2026-07-20T00:00:00+02:00,3793302,0
2941,T. Morente,2026-07-21T00:00:00+02:00,3692844,0
2941,T. Morente,2026-07-22T00:00:00+02:00,3586550,0
2941,T. Morente,2026-07-23T00:00:00+02:00,3487016,0
2941,T. Morente,2026-07-24T00:00:00+02:00,3386358,0
2941,T. Morente,2026-07-25T00:00:00+02:00,3299665,0
2941,T. Morente,2026-07-26T00:00:00+02:00,3210841,0
2941,T. Morente,2026-07-27T00:00:00+02:00,3126904,0
2941,T. Morente,2026-07-28T00:00:00+02:00,3045473,0
2941,T. Morente,2026-07-29T00:00:00+02:00,2960663,0
2941,T. Morente,2026-07-30T00:00:00+02:00,2890720,0
2941,T. Morente,2026-07-31T00:00:00+02:00,2817986,0
2941,T. Morente,2026-08-01T00:00:00+02:00,2747501,0
2941,T. Morente,2026-08-02T00:00:00+02:00,2676558,0
2941,T. Morente,2026-08-03T00:00:00+02:00,2607291,0
2941,T. Morente,2026-08-04T00:00:00+02:00,2541448,0
2941,T. Morente,2026-08-05T00:00:00+02:00,2478237,0
2941,T. Morente,2026-08-06T00:00:00+02:00,2415007,0
2941,T. Morente,2026-08-07T00:00:00+02:00,2353604,0
2941,T. Morente,2026-08-08T00:00:00+02:00,2298293,0
2941,T. Morente,2026-08-09T00:00:00+02:00,2244462,0
2941,T. Morente,2026-08-10T00:00:00+02:00,2190374,0
2941,T. Morente,2026-08-11T00:00:00+02:00,2136298,0
2941,T. Morente,2026-08-12T00:00:00+02:00,2083399,0
2941,T. Morente,2026-08-13T00:00:00+02:00,2033651,0
2941,T. Morente,2026-08-14T00:00:00+02:00,1984647,0
2941,T. Morente,2026-08-15T00:00:00+02:00,1943924,0
2941,T. Morente,2026-08-16T00:00:00+02:00,1904452,0
2943,Diabate,2026-06-29T00:00:00+02:00,4000000,0
2943,Diabate,2026-06-30T00:00:00+02:00,4000000,0
2943,Diabate,2026-07-01T00:00:00+02:00,4000000,0
2943,Diabate,2026-07-02T00:00:00+02:00,4000000,0
2943,Diabate,2026-07-03T00:00:00+02:00,4001899,0
2943,Diabate,2026-07-04T00:00:00+02:00,4006543,0
2943,Diabate,2026-07-05T00:00:00+02:00,4010501,0
2943,Diabate,2026-07-06T00:00:00+02:00,4015452,0
2947,Birma,2026-06-29T00:00:00+02:00,1500000,0
2947,Birma,2026-06-30T00:00:00+02:00,1500000,0
2947,Birma,2026-07-01T00:00:00+02:00,1500000,0
2947,Birma,2026-07-02T00:00:00+02:00,1500000,0
2947,Birma,2026-07-03T00:00:00+02:00,1500712,0
2947,Birma,2026-07-04T00:00:00+02:00,1502453,0
2947,Birma,2026-07-05T00:00:00+02:00,1503937,0
2957,Yañez,2026-06-29T00:00:00+02:00,700000,0
2957,Yañez,2026-06-30T00:00:00+02:00,700000,0
2957,Yañez,2026-07-01T00:00:00+02:00,700000,0
2957,Yañez,2026-07-02T00:00:00+02:00,700000,0
2957,Yañez,2026-07-03T00:00:00+02:00,700332,0
2957,Yañez,2026-07-04T00:00:00+02:00,701144,0
2957,Yañez,2026-07-05T00:00:00+02:00,701836,0
2961,Miguel Cubo,2026-06-29T00:00:00+02:00,600000,0
2961,Miguel Cubo,2026-06-30T00:00:00+02:00,600000,0
2961,Miguel Cubo,2026-07-01T00:00:00+02:00,600000,0
2961,Miguel Cubo,2026-07-02T00:00:00+02:00,600000,0
2961,Miguel Cubo,2026-07-03T00:00:00+02:00,600285,0
2961,Miguel Cubo,2026-07-04T00:00:00+02:00,600981,0
2961,Miguel Cubo,2026-07-05T00:00:00+02:00,601574,0
2962,Luismi Cruz,2026-06-29T00:00:00+02:00,9000000,0
2962,Luismi Cruz,2026-06-30T00:00:00+02:00,9000000,0
2962,Luismi Cruz,2026-07-01T00:00:00+02:00,9000000,0
2962,Luismi Cruz,2026-07-02T00:00:00+02:00,9000000,0
2962,Luismi Cruz,2026-07-03T00:00:00+02:00,9004274,0
2962,Luismi Cruz,2026-07-04T00:00:00+02:00,9014723,0
2962,Luismi Cruz,2026-07-05T00:00:00+02:00,9023629,0
2962,Luismi Cruz,2026-07-06T00:00:00+02:00,9034770,0
2962,Luismi Cruz,2026-07-07T00:00:00+02:00,9034303,0
2962,Luismi Cruz,2026-07-08T00:00:00+02:00,9433639,0
2962,Luismi Cruz,2026-07-09T00:00:00+02:00,9421991,0
2962,Luismi Cruz,2026-07-10T00:00:00+02:00,9605052,0
2962,Luismi Cruz,2026-07-11T00:00:00+02:00,9680732,0
2962,Luismi Cruz,2026-07-12T00:00:00+02:00,9604358,0
2962,Luismi Cruz,2026-07-13T00:00:00+02:00,9515789,0
2962,Luismi Cruz,2026-07-14T00:00:00+02:00,9321346,0
2962,Luismi Cruz,2026-07-15T00:00:00+02:00,9190170,0
2962,Luismi Cruz,2026-07-16T00:00:00+02:00,9032627,0
2962,Luismi Cruz,2026-07-17T00:00:00+02:00,8863070,0
2962,Luismi Cruz,2026-07-18T00:00:00+02:00,8711220,0
2962,Luismi Cruz,2026-07-19T00:00:00+02:00,8557312,0
2962,Luismi Cruz,2026-07-20T00:00:00+02:00,8407364,0
2962,Luismi Cruz,2026-07-21T00:00:00+02:00,8289706,0
2962,Luismi Cruz,2026-07-22T00:00:00+02:00,8117762,0
2962,Luismi Cruz,2026-07-23T00:00:00+02:00,7997739,0
2962,Luismi Cruz,2026-07-24T00:00:00+02:00,7824291,0
2962,Luismi Cruz,2026-07-25T00:00:00+02:00,7692163,0
2962,Luismi Cruz,2026-07-26T00:00:00+02:00,7549684,0
2962,Luismi Cruz,2026-07-27T00:00:00+02:00,7395086,0
2962,Luismi Cruz,2026-07-28T00:00:00+02:00,7281187,0
2962,Luismi Cruz,2026-07-29T00:00:00+02:00,7130430,0
2962,Luismi Cruz,2026-07-30T00:00:00+02:00,6983391,0
2962,Luismi Cruz,2026-07-31T00:00:00+02:00,6828678,0
2962,Luismi Cruz,2026-08-01T00:00:00+02:00,6701892,0
2962,Luismi Cruz,2026-08-02T00:00:00+02:00,6582851,0
2962,Luismi Cruz,2026-08-03T00:00:00+02:00,6461027,0
2962,Luismi Cruz,2026-08-04T00:00:00+02:00,6369818,0
2962,Luismi Cruz,2026-08-05T00:00:00+02:00,6261447,0
2962,Luismi Cruz,2026-08-06T00:00:00+02:00,6152206,0
2962,Luismi Cruz,2026-08-07T00:00:00+02:00,6058096,0
2962,Luismi Cruz,2026-08-08T00:00:00+02:00,5991327,0
2962,Luismi Cruz,2026-08-09T00:00:00+02:00,5951402,0
2962,Luismi Cruz,2026-08-10T00:00:00+02:00,5918453,0
2962,Luismi Cruz,2026-08-11T00:00:00+02:00,5909574,0
2962,Luismi Cruz,2026-08-12T00:00:00+02:00,5911394,0
2962,Luismi Cruz,2026-08-13T00:00:00+02:00,5908326,0
2962,Luismi Cruz,2026-08-14T00:00:00+02:00,5943107,0
2962,Luismi Cruz,2026-08-15T00:00:00+02:00,5970347,0
2962,Luismi Cruz,2026-08-16T00:00:00+02:00,6004343,0
2973,Nsongo Bil,2026-06-29T00:00:00+02:00,6500000,0
2973,Nsongo Bil,2026-06-30T00:00:00+02:00,6500000,0
2973,Nsongo Bil,2026-07-01T00:00:00+02:00,6500000,0
2973,Nsongo Bil,2026-07-02T00:00:00+02:00,6500000,0
2973,Nsongo Bil,2026-07-03T00:00:00+02:00,6503087,0
2973,Nsongo Bil,2026-07-04T00:00:00+02:00,6510633,0
2973,Nsongo Bil,2026-07-05T00:00:00+02:00,6517065,0
2978,Cristian H.,2026-06-29T00:00:00+02:00,800000,0
2978,Cristian H.,2026-06-30T00:00:00+02:00,800000,0
2978,Cristian H.,2026-07-01T00:00:00+02:00,800000,0
2978,Cristian H.,2026-07-02T00:00:00+02:00,800000,0
2978,Cristian H.,2026-07-03T00:00:00+02:00,800380,0
2978,Cristian H.,2026-07-04T00:00:00+02:00,801308,0
2978,Cristian H.,2026-07-05T00:00:00+02:00,802099,0
2980,Eddahchouri,2026-06-29T00:00:00+02:00,4000000,0
2980,Eddahchouri,2026-06-30T00:00:00+02:00,4000000,0
2980,Eddahchouri,2026-07-01T00:00:00+02:00,4000000,0
2980,Eddahchouri,2026-07-02T00:00:00+02:00,4000000,0
2980,Eddahchouri,2026-07-03T00:00:00+02:00,4001899,0
2980,Eddahchouri,2026-07-04T00:00:00+02:00,4006543,0
2980,Eddahchouri,2026-07-05T00:00:00+02:00,4010501,0
2980,Eddahchouri,2026-07-06T00:00:00+02:00,4015452,0
2980,Eddahchouri,2026-07-07T00:00:00+02:00,4015244,0
2980,Eddahchouri,2026-07-08T00:00:00+02:00,3940434,0
2980,Eddahchouri,2026-07-09T00:00:00+02:00,3870928,0
2980,Eddahchouri,2026-07-10T00:00:00+02:00,3781665,0
2980,Eddahchouri,2026-07-11T00:00:00+02:00,3700171,0
2980,Eddahchouri,2026-07-12T00:00:00+02:00,3631848,0
2980,Eddahchouri,2026-07-13T00:00:00+02:00,3561517,0
2980,Eddahchouri,2026-07-14T00:00:00+02:00,3484813,0
2980,Eddahchouri,2026-07-15T00:00:00+02:00,3401248,0
2980,Eddahchouri,2026-07-16T00:00:00+02:00,3327725,0
2980,Eddahchouri,2026-07-17T00:00:00+02:00,3249548,0
2980,Eddahchouri,2026-07-18T00:00:00+02:00,3186346,0
2980,Eddahchouri,2026-07-19T00:00:00+02:00,3108733,0
2980,Eddahchouri,2026-07-20T00:00:00+02:00,3053345,0
2980,Eddahchouri,2026-07-21T00:00:00+02:00,2998577,0
2980,Eddahchouri,2026-07-22T00:00:00+02:00,2935435,0
2980,Eddahchouri,2026-07-23T00:00:00+02:00,2883583,0
2980,Eddahchouri,2026-07-24T00:00:00+02:00,2832930,0
2980,Eddahchouri,2026-07-25T00:00:00+02:00,2780890,0
2980,Eddahchouri,2026-07-26T00:00:00+02:00,2737106,0
2980,Eddahchouri,2026-07-27T00:00:00+02:00,2691404,0
2980,Eddahchouri,2026-07-28T00:00:00+02:00,2645563,0
2980,Eddahchouri,2026-07-29T00:00:00+02:00,2594806,0
2980,Eddahchouri,2026-07-30T00:00:00+02:00,2556704,0
2980,Eddahchouri,2026-07-31T00:00:00+02:00,2498706,0
2980,Eddahchouri,2026-08-01T00:00:00+02:00,2447353,0
2980,Eddahchouri,2026-08-02T00:00:00+02:00,2398362,0
2980,Eddahchouri,2026-08-03T00:00:00+02:00,2346123,0
2980,Eddahchouri,2026-08-04T00:00:00+02:00,2295357,0
2980,Eddahchouri,2026-08-05T00:00:00+02:00,2243747,0
2980,Eddahchouri,2026-08-06T00:00:00+02:00,2196620,0
2980,Eddahchouri,2026-08-07T00:00:00+02:00,2152146,0
2980,Eddahchouri,2026-08-08T00:00:00+02:00,2114297,0
2980,Eddahchouri,2026-08-09T00:00:00+02:00,2071831,0
2980,Eddahchouri,2026-08-10T00:00:00+02:00,2030798,0
2980,Eddahchouri,2026-08-11T00:00:00+02:00,2000106,0
2980,Eddahchouri,2026-08-12T00:00:00+02:00,1971203,0
2980,Eddahchouri,2026-08-13T00:00:00+02:00,1933691,0
2980,Eddahchouri,2026-08-14T00:00:00+02:00,1903990,0
2980,Eddahchouri,2026-08-15T00:00:00+02:00,1880948,0
2980,Eddahchouri,2026-08-16T00:00:00+02:00,1855900,0
3002,Iñigo Vicente,2026-06-29T00:00:00+02:00,25500000,0
3002,Iñigo Vicente,2026-06-30T00:00:00+02:00,25500000,0
3002,Iñigo Vicente,2026-07-01T00:00:00+02:00,25500000,0
3002,Iñigo Vicente,2026-07-02T00:00:00+02:00,25500000,0
3002,Iñigo Vicente,2026-07-03T00:00:00+02:00,25512112,0
3002,Iñigo Vicente,2026-07-04T00:00:00+02:00,25541717,0
3002,Iñigo Vicente,2026-07-05T00:00:00+02:00,25566950,0
3002,Iñigo Vicente,2026-07-06T00:00:00+02:00,25598516,0
3002,Iñigo Vicente,2026-07-07T00:00:00+02:00,25597193,0
3002,Iñigo Vicente,2026-07-08T00:00:00+02:00,25643491,0
3002,Iñigo Vicente,2026-07-09T00:00:00+02:00,25586560,0
3002,Iñigo Vicente,2026-07-10T00:00:00+02:00,25596443,0
3002,Iñigo Vicente,2026-07-11T00:00:00+02:00,25399378,0
3002,Iñigo Vicente,2026-07-12T00:00:00+02:00,25220971,0
3002,Iñigo Vicente,2026-07-13T00:00:00+02:00,24862268,0
3002,Iñigo Vicente,2026-07-14T00:00:00+02:00,24564756,0
3002,Iñigo Vicente,2026-07-15T00:00:00+02:00,24194939,0
3002,Iñigo Vicente,2026-07-16T00:00:00+02:00,23763202,0
3002,Iñigo Vicente,2026-07-17T00:00:00+02:00,23565693,0
3002,Iñigo Vicente,2026-07-18T00:00:00+02:00,23322321,0
3002,Iñigo Vicente,2026-07-19T00:00:00+02:00,23079487,0
3002,Iñigo Vicente,2026-07-20T00:00:00+02:00,22786505,0
3002,Iñigo Vicente,2026-07-21T00:00:00+02:00,22517640,0
3002,Iñigo Vicente,2026-07-22T00:00:00+02:00,22139775,0
3002,Iñigo Vicente,2026-07-23T00:00:00+02:00,21868375,0
3002,Iñigo Vicente,2026-07-24T00:00:00+02:00,21638377,0
3002,Iñigo Vicente,2026-07-25T00:00:00+02:00,21468242,0
3002,Iñigo Vicente,2026-07-26T00:00:00+02:00,21339300,0
3002,Iñigo Vicente,2026-07-27T00:00:00+02:00,21163722,0
3002,Iñigo Vicente,2026-07-28T00:00:00+02:00,21006807,0
3002,Iñigo Vicente,2026-07-29T00:00:00+02:00,20683501,0
3002,Iñigo Vicente,2026-07-30T00:00:00+02:00,20353971,0
3002,Iñigo Vicente,2026-07-31T00:00:00+02:00,19909555,0
3002,Iñigo Vicente,2026-08-01T00:00:00+02:00,19623078,0
3002,Iñigo Vicente,2026-08-02T00:00:00+02:00,19558002,0
3002,Iñigo Vicente,2026-08-03T00:00:00+02:00,19467869,0
3002,Iñigo Vicente,2026-08-04T00:00:00+02:00,19403666,0
3002,Iñigo Vicente,2026-08-05T00:00:00+02:00,19328507,0
3002,Iñigo Vicente,2026-08-06T00:00:00+02:00,19148576,0
3002,Iñigo Vicente,2026-08-07T00:00:00+02:00,18974460,0
3002,Iñigo Vicente,2026-08-08T00:00:00+02:00,18850260,0
3002,Iñigo Vicente,2026-08-09T00:00:00+02:00,18767184,0
3002,Iñigo Vicente,2026-08-10T00:00:00+02:00,18753390,0
3002,Iñigo Vicente,2026-08-11T00:00:00+02:00,18759528,0
3002,Iñigo Vicente,2026-08-12T00:00:00+02:00,18851433,0
3002,Iñigo Vicente,2026-08-13T00:00:00+02:00,18875455,0
3002,Iñigo Vicente,2026-08-14T00:00:00+02:00,19045333,0
3002,Iñigo Vicente,2026-08-15T00:00:00+02:00,19165047,0
3002,Iñigo Vicente,2026-08-16T00:00:00+02:00,19269684,0
3005,Sangalli,2026-06-29T00:00:00+02:00,2500000,0
3005,Sangalli,2026-06-30T00:00:00+02:00,2500000,0
3005,Sangalli,2026-07-01T00:00:00+02:00,2500000,0
3005,Sangalli,2026-07-02T00:00:00+02:00,2500000,0
3005,Sangalli,2026-07-03T00:00:00+02:00,2501187,0
3005,Sangalli,2026-07-04T00:00:00+02:00,2504089,0
3005,Sangalli,2026-07-05T00:00:00+02:00,2506562,0
3007,Arana,2026-06-29T00:00:00+02:00,1500000,0
3007,Arana,2026-06-30T00:00:00+02:00,1500000,0
3007,Arana,2026-07-01T00:00:00+02:00,1500000,0
3007,Arana,2026-07-02T00:00:00+02:00,1500000,0
3007,Arana,2026-07-03T00:00:00+02:00,1500712,0
3007,Arana,2026-07-04T00:00:00+02:00,1502453,0
3007,Arana,2026-07-05T00:00:00+02:00,1503937,0
3007,Arana,2026-07-06T00:00:00+02:00,1505793,0
3007,Arana,2026-07-07T00:00:00+02:00,1505715,0
3007,Arana,2026-07-08T00:00:00+02:00,1464362,0
3007,Arana,2026-07-09T00:00:00+02:00,1442835,0
3007,Arana,2026-07-10T00:00:00+02:00,1427804,0
3007,Arana,2026-07-11T00:00:00+02:00,1400582,0
3007,Arana,2026-07-12T00:00:00+02:00,1377821,0
3007,Arana,2026-07-13T00:00:00+02:00,1347876,0
3007,Arana,2026-07-14T00:00:00+02:00,1313668,0
3007,Arana,2026-07-15T00:00:00+02:00,1292079,0
3007,Arana,2026-07-16T00:00:00+02:00,1262113,0
3007,Arana,2026-07-17T00:00:00+02:00,1236283,0
3007,Arana,2026-07-18T00:00:00+02:00,1209129,0
3007,Arana,2026-07-19T00:00:00+02:00,1182420,0
3007,Arana,2026-07-20T00:00:00+02:00,1161886,0
3007,Arana,2026-07-21T00:00:00+02:00,1139644,0
3007,Arana,2026-07-22T00:00:00+02:00,1111633,0
3007,Arana,2026-07-23T00:00:00+02:00,1089293,0
3007,Arana,2026-07-24T00:00:00+02:00,1069914,0
3007,Arana,2026-07-25T00:00:00+02:00,1054767,0
3007,Arana,2026-07-26T00:00:00+02:00,1039930,0
3007,Arana,2026-07-27T00:00:00+02:00,1023184,0
3007,Arana,2026-07-28T00:00:00+02:00,1009473,0
3007,Arana,2026-07-29T00:00:00+02:00,994631,0
3007,Arana,2026-07-30T00:00:00+02:00,984094,0
3007,Arana,2026-07-31T00:00:00+02:00,969579,0
3007,Arana,2026-08-01T00:00:00+02:00,957489,0
3007,Arana,2026-08-02T00:00:00+02:00,945780,0
3007,Arana,2026-08-03T00:00:00+02:00,935140,0
3007,Arana,2026-08-04T00:00:00+02:00,923265,0
3007,Arana,2026-08-05T00:00:00+02:00,912326,0
3007,Arana,2026-08-06T00:00:00+02:00,899460,0
3007,Arana,2026-08-07T00:00:00+02:00,883754,0
3007,Arana,2026-08-08T00:00:00+02:00,867898,0
3007,Arana,2026-08-09T00:00:00+02:00,856144,0
3007,Arana,2026-08-10T00:00:00+02:00,841922,0
3007,Arana,2026-08-11T00:00:00+02:00,830589,0
3007,Arana,2026-08-12T00:00:00+02:00,818384,0
3007,Arana,2026-08-13T00:00:00+02:00,809703,0
3007,Arana,2026-08-14T00:00:00+02:00,798619,0
3007,Arana,2026-08-15T00:00:00+02:00,791527,0
3007,Arana,2026-08-16T00:00:00+02:00,782536,0
3017,Guliashvili,2026-06-29T00:00:00+02:00,6500000,0
3017,Guliashvili,2026-06-30T00:00:00+02:00,6500000,0
3017,Guliashvili,2026-07-01T00:00:00+02:00,6500000,0
3017,Guliashvili,2026-07-02T00:00:00+02:00,6500000,0
3017,Guliashvili,2026-07-03T00:00:00+02:00,6503087,0
3017,Guliashvili,2026-07-04T00:00:00+02:00,6510633,0
3017,Guliashvili,2026-07-05T00:00:00+02:00,6517065,0
3017,Guliashvili,2026-07-06T00:00:00+02:00,6525111,0
3017,Guliashvili,2026-07-07T00:00:00+02:00,6524774,0
3017,Guliashvili,2026-07-08T00:00:00+02:00,6380955,0
3017,Guliashvili,2026-07-09T00:00:00+02:00,6287233,0
3017,Guliashvili,2026-07-10T00:00:00+02:00,6112337,0
3017,Guliashvili,2026-07-11T00:00:00+02:00,5971037,0
3017,Guliashvili,2026-07-12T00:00:00+02:00,5806217,0
3017,Guliashvili,2026-07-13T00:00:00+02:00,5671023,0
3017,Guliashvili,2026-07-14T00:00:00+02:00,5530554,0
3017,Guliashvili,2026-07-15T00:00:00+02:00,5390464,0
3017,Guliashvili,2026-07-16T00:00:00+02:00,5237676,0
3017,Guliashvili,2026-07-17T00:00:00+02:00,5072550,0
3017,Guliashvili,2026-07-18T00:00:00+02:00,4920302,0
3017,Guliashvili,2026-07-19T00:00:00+02:00,4779824,0
3017,Guliashvili,2026-07-20T00:00:00+02:00,4643131,0
3017,Guliashvili,2026-07-21T00:00:00+02:00,4509384,0
3017,Guliashvili,2026-07-22T00:00:00+02:00,4367064,0
3017,Guliashvili,2026-07-23T00:00:00+02:00,4238507,0
3017,Guliashvili,2026-07-24T00:00:00+02:00,4113154,0
3017,Guliashvili,2026-07-25T00:00:00+02:00,3990897,0
3017,Guliashvili,2026-07-26T00:00:00+02:00,3873518,0
3017,Guliashvili,2026-07-27T00:00:00+02:00,3757997,0
3017,Guliashvili,2026-07-28T00:00:00+02:00,3648490,0
3017,Guliashvili,2026-07-29T00:00:00+02:00,3534507,0
3017,Guliashvili,2026-07-30T00:00:00+02:00,3428647,0
3017,Guliashvili,2026-07-31T00:00:00+02:00,3326523,0
3017,Guliashvili,2026-08-01T00:00:00+02:00,3224360,0
3017,Guliashvili,2026-08-02T00:00:00+02:00,3128362,0
3017,Guliashvili,2026-08-03T00:00:00+02:00,3031841,0
3017,Guliashvili,2026-08-04T00:00:00+02:00,2938523,0
3017,Guliashvili,2026-08-05T00:00:00+02:00,2846422,0
3017,Guliashvili,2026-08-06T00:00:00+02:00,2757775,0
3017,Guliashvili,2026-08-07T00:00:00+02:00,2670723,0
3017,Guliashvili,2026-08-08T00:00:00+02:00,2591896,0
3017,Guliashvili,2026-08-09T00:00:00+02:00,2513647,0
3017,Guliashvili,2026-08-10T00:00:00+02:00,2437773,0
3017,Guliashvili,2026-08-11T00:00:00+02:00,2361238,0
3017,Guliashvili,2026-08-12T00:00:00+02:00,2287108,0
3017,Guliashvili,2026-08-13T00:00:00+02:00,2214007,0
3017,Guliashvili,2026-08-14T00:00:00+02:00,2144486,0
3017,Guliashvili,2026-08-15T00:00:00+02:00,2081326,0
3017,Guliashvili,2026-08-16T00:00:00+02:00,2019126,0
3019,Mata,2026-06-29T00:00:00+02:00,1500000,0
3019,Mata,2026-06-30T00:00:00+02:00,1500000,0
3019,Mata,2026-07-01T00:00:00+02:00,1500000,0
3019,Mata,2026-07-02T00:00:00+02:00,1500000,0
3019,Mata,2026-07-03T00:00:00+02:00,1500712,0
3019,Mata,2026-07-04T00:00:00+02:00,1502453,0
3019,Mata,2026-07-05T00:00:00+02:00,1503937,0
3022,Villalibre,2026-06-29T00:00:00+02:00,7500000,0
3022,Villalibre,2026-06-30T00:00:00+02:00,7500000,0
3022,Villalibre,2026-07-01T00:00:00+02:00,7500000,0
3022,Villalibre,2026-07-02T00:00:00+02:00,7500000,0
3022,Villalibre,2026-07-03T00:00:00+02:00,7503562,0
3022,Villalibre,2026-07-04T00:00:00+02:00,7512269,0
3022,Villalibre,2026-07-05T00:00:00+02:00,7519690,0
3022,Villalibre,2026-08-11T00:00:00+02:00,7271507,0
3022,Villalibre,2026-08-12T00:00:00+02:00,7030280,0
3022,Villalibre,2026-08-13T00:00:00+02:00,6939774,0
3022,Villalibre,2026-08-14T00:00:00+02:00,7036052,0
3022,Villalibre,2026-08-15T00:00:00+02:00,7170288,0
3022,Villalibre,2026-08-16T00:00:00+02:00,7249976,0
3023,Canales,2026-06-29T00:00:00+02:00,10000000,0
3023,Canales,2026-06-30T00:00:00+02:00,10000000,0
3023,Canales,2026-07-01T00:00:00+02:00,10000000,0
3023,Canales,2026-07-02T00:00:00+02:00,10000000,0
3023,Canales,2026-07-03T00:00:00+02:00,10004749,0
3023,Canales,2026-07-04T00:00:00+02:00,10016359,0
3023,Canales,2026-07-05T00:00:00+02:00,10026254,0
3025,S. Franco,2026-06-29T00:00:00+02:00,700000,0
3025,S. Franco,2026-06-30T00:00:00+02:00,700000,0
3025,S. Franco,2026-07-01T00:00:00+02:00,700000,0
3025,S. Franco,2026-07-02T00:00:00+02:00,700000,0
3025,S. Franco,2026-07-03T00:00:00+02:00,700332,0
3025,S. Franco,2026-07-04T00:00:00+02:00,701144,0
3025,S. Franco,2026-07-05T00:00:00+02:00,701836,0
3031,Diego Diaz,2026-06-29T00:00:00+02:00,600000,0
3031,Diego Diaz,2026-06-30T00:00:00+02:00,600000,0
3031,Diego Diaz,2026-07-01T00:00:00+02:00,600000,0
3031,Diego Diaz,2026-07-02T00:00:00+02:00,600000,0
3031,Diego Diaz,2026-07-03T00:00:00+02:00,600285,0
3031,Diego Diaz,2026-07-04T00:00:00+02:00,600981,0
3031,Diego Diaz,2026-07-05T00:00:00+02:00,601574,0
3034,Joaquín,2026-06-29T00:00:00+02:00,14000000,0
3034,Joaquín,2026-06-30T00:00:00+02:00,14000000,0
3034,Joaquín,2026-07-01T00:00:00+02:00,14000000,0
3034,Joaquín,2026-07-02T00:00:00+02:00,14000000,0
3034,Joaquín,2026-07-03T00:00:00+02:00,14006649,0
3034,Joaquín,2026-07-04T00:00:00+02:00,14022903,0
3034,Joaquín,2026-07-05T00:00:00+02:00,14036756,0
3034,Joaquín,2026-07-06T00:00:00+02:00,14054086,0
3034,Joaquín,2026-07-07T00:00:00+02:00,14053360,0
3034,Joaquín,2026-07-08T00:00:00+02:00,13942602,0
3034,Joaquín,2026-07-09T00:00:00+02:00,13802001,0
3034,Joaquín,2026-07-10T00:00:00+02:00,13479039,0
3034,Joaquín,2026-07-11T00:00:00+02:00,13256212,0
3034,Joaquín,2026-07-12T00:00:00+02:00,13001048,0
3034,Joaquín,2026-07-13T00:00:00+02:00,12676793,0
3034,Joaquín,2026-07-14T00:00:00+02:00,12404494,0
3034,Joaquín,2026-07-15T00:00:00+02:00,12094100,0
3034,Joaquín,2026-07-16T00:00:00+02:00,11867644,0
3034,Joaquín,2026-07-17T00:00:00+02:00,11623148,0
3034,Joaquín,2026-07-18T00:00:00+02:00,11364432,0
3034,Joaquín,2026-07-19T00:00:00+02:00,11141976,0
3034,Joaquín,2026-07-20T00:00:00+02:00,10923473,0
3034,Joaquín,2026-07-21T00:00:00+02:00,10692861,0
3034,Joaquín,2026-07-22T00:00:00+02:00,10449121,0
3034,Joaquín,2026-07-23T00:00:00+02:00,10266610,0
3034,Joaquín,2026-07-24T00:00:00+02:00,10063942,0
3034,Joaquín,2026-07-25T00:00:00+02:00,9892687,0
3034,Joaquín,2026-07-26T00:00:00+02:00,9716732,0
3034,Joaquín,2026-07-27T00:00:00+02:00,9534282,0
3034,Joaquín,2026-07-28T00:00:00+02:00,9359446,0
3034,Joaquín,2026-07-29T00:00:00+02:00,9174534,0
3034,Joaquín,2026-07-30T00:00:00+02:00,9035190,0
3034,Joaquín,2026-07-31T00:00:00+02:00,8867967,0
3034,Joaquín,2026-08-01T00:00:00+02:00,8719977,0
3034,Joaquín,2026-08-02T00:00:00+02:00,8575850,0
3034,Joaquín,2026-08-03T00:00:00+02:00,8422101,0
3034,Joaquín,2026-08-04T00:00:00+02:00,8270116,0
3034,Joaquín,2026-08-05T00:00:00+02:00,8108035,0
3034,Joaquín,2026-08-06T00:00:00+02:00,7927241,0
3034,Joaquín,2026-08-07T00:00:00+02:00,7774926,0
3034,Joaquín,2026-08-08T00:00:00+02:00,7631778,0
3034,Joaquín,2026-08-09T00:00:00+02:00,7496564,0
3034,Joaquín,2026-08-10T00:00:00+02:00,7353311,0
3034,Joaquín,2026-08-11T00:00:00+02:00,7223471,0
3034,Joaquín,2026-08-12T00:00:00+02:00,7088642,0
3034,Joaquín,2026-08-13T00:00:00+02:00,6972915,0
3034,Joaquín,2026-08-14T00:00:00+02:00,6868310,0
3034,Joaquín,2026-08-15T00:00:00+02:00,6793050,0
3034,Joaquín,2026-08-16T00:00:00+02:00,6704555,0
3045,Niño,2026-06-29T00:00:00+02:00,4000000,0
3045,Niño,2026-06-30T00:00:00+02:00,4000000,0
3045,Niño,2026-07-01T00:00:00+02:00,4000000,0
3045,Niño,2026-07-02T00:00:00+02:00,4000000,0
3045,Niño,2026-07-03T00:00:00+02:00,4001899,0
3045,Niño,2026-07-04T00:00:00+02:00,4006543,0
3045,Niño,2026-07-05T00:00:00+02:00,4010501,0
3045,Niño,2026-07-06T00:00:00+02:00,4015452,0
3045,Niño,2026-07-07T00:00:00+02:00,4015244,0
3045,Niño,2026-07-08T00:00:00+02:00,3942122,0
3045,Niño,2026-07-09T00:00:00+02:00,3883184,0
3045,Niño,2026-07-10T00:00:00+02:00,3851217,0
3045,Niño,2026-07-11T00:00:00+02:00,3804383,0
3045,Niño,2026-07-12T00:00:00+02:00,3758658,0
3045,Niño,2026-07-13T00:00:00+02:00,3699295,0
3045,Niño,2026-07-14T00:00:00+02:00,3651704,0
3045,Niño,2026-07-15T00:00:00+02:00,3593479,0
3045,Niño,2026-07-16T00:00:00+02:00,3540878,0
3045,Niño,2026-07-17T00:00:00+02:00,3485058,0
3045,Niño,2026-07-18T00:00:00+02:00,3444629,0
3045,Niño,2026-07-19T00:00:00+02:00,3398380,0
3045,Niño,2026-07-20T00:00:00+02:00,3362789,0
3045,Niño,2026-07-21T00:00:00+02:00,3323323,0
3045,Niño,2026-07-22T00:00:00+02:00,3260528,0
3045,Niño,2026-07-23T00:00:00+02:00,3217188,0
3045,Niño,2026-07-24T00:00:00+02:00,3169339,0
3045,Niño,2026-07-25T00:00:00+02:00,3134612,0
3045,Niño,2026-07-26T00:00:00+02:00,3102674,0
3045,Niño,2026-07-27T00:00:00+02:00,3062030,0
3045,Niño,2026-07-28T00:00:00+02:00,3030881,0
3045,Niño,2026-07-29T00:00:00+02:00,2982825,0
3045,Niño,2026-07-30T00:00:00+02:00,2956346,0
3045,Niño,2026-07-31T00:00:00+02:00,2919463,0
3045,Niño,2026-08-01T00:00:00+02:00,2897159,0
3045,Niño,2026-08-02T00:00:00+02:00,2881600,0
3045,Niño,2026-08-03T00:00:00+02:00,2868468,0
3045,Niño,2026-08-04T00:00:00+02:00,2846524,0
3045,Niño,2026-08-05T00:00:00+02:00,2826419,0
3045,Niño,2026-08-06T00:00:00+02:00,2803788,0
3045,Niño,2026-08-07T00:00:00+02:00,2787543,0
3045,Niño,2026-08-08T00:00:00+02:00,2773538,0
3045,Niño,2026-08-09T00:00:00+02:00,2758055,0
3045,Niño,2026-08-10T00:00:00+02:00,2742783,0
3045,Niño,2026-08-11T00:00:00+02:00,2728342,0
3045,Niño,2026-08-12T00:00:00+02:00,2713267,0
3045,Niño,2026-08-13T00:00:00+02:00,2686802,0
3045,Niño,2026-08-14T00:00:00+02:00,2621179,0
3045,Niño,2026-08-15T00:00:00+02:00,2553265,0
3045,Niño,2026-08-16T00:00:00+02:00,2485055,0
3049,Lobete,2026-06-29T00:00:00+02:00,2000000,0
3049,Lobete,2026-06-30T00:00:00+02:00,2000000,0
3049,Lobete,2026-07-01T00:00:00+02:00,2000000,0
3049,Lobete,2026-07-02T00:00:00+02:00,2000000,0
3049,Lobete,2026-07-03T00:00:00+02:00,2000949,0
3049,Lobete,2026-07-04T00:00:00+02:00,2003271,0
3049,Lobete,2026-07-05T00:00:00+02:00,2005250,0
3049,Lobete,2026-07-06T00:00:00+02:00,2007725,0
3049,Lobete,2026-07-07T00:00:00+02:00,2007621,0
3049,Lobete,2026-07-08T00:00:00+02:00,1972798,0
3049,Lobete,2026-07-09T00:00:00+02:00,1932360,0
3049,Lobete,2026-07-10T00:00:00+02:00,1886441,0
3049,Lobete,2026-07-11T00:00:00+02:00,1843239,0
3049,Lobete,2026-07-12T00:00:00+02:00,1795314,0
3049,Lobete,2026-07-13T00:00:00+02:00,1746357,0
3049,Lobete,2026-07-14T00:00:00+02:00,1704449,0
3049,Lobete,2026-07-15T00:00:00+02:00,1657536,0
3049,Lobete,2026-07-16T00:00:00+02:00,1616000,0
3049,Lobete,2026-07-17T00:00:00+02:00,1577710,0
3049,Lobete,2026-07-18T00:00:00+02:00,1539963,0
3049,Lobete,2026-07-19T00:00:00+02:00,1504506,0
3049,Lobete,2026-07-20T00:00:00+02:00,1470081,0
3049,Lobete,2026-07-21T00:00:00+02:00,1434846,0
3049,Lobete,2026-07-22T00:00:00+02:00,1395022,0
3049,Lobete,2026-07-23T00:00:00+02:00,1362465,0
3049,Lobete,2026-07-24T00:00:00+02:00,1329601,0
3049,Lobete,2026-07-25T00:00:00+02:00,1297910,0
3049,Lobete,2026-07-26T00:00:00+02:00,1267923,0
3049,Lobete,2026-07-27T00:00:00+02:00,1237154,0
3049,Lobete,2026-07-28T00:00:00+02:00,1209174,0
3049,Lobete,2026-07-29T00:00:00+02:00,1179105,0
3049,Lobete,2026-07-30T00:00:00+02:00,1155718,0
3049,Lobete,2026-07-31T00:00:00+02:00,1126490,0
3049,Lobete,2026-08-01T00:00:00+02:00,1098477,0
3049,Lobete,2026-08-02T00:00:00+02:00,1071697,0
3049,Lobete,2026-08-03T00:00:00+02:00,1046394,0
3049,Lobete,2026-08-04T00:00:00+02:00,1019609,0
3049,Lobete,2026-08-05T00:00:00+02:00,994054,0
3049,Lobete,2026-08-06T00:00:00+02:00,967778,0
3049,Lobete,2026-08-07T00:00:00+02:00,943805,0
3049,Lobete,2026-08-08T00:00:00+02:00,919952,0
3049,Lobete,2026-08-09T00:00:00+02:00,898167,0
3049,Lobete,2026-08-10T00:00:00+02:00,877376,0
3049,Lobete,2026-08-11T00:00:00+02:00,862166,0
3049,Lobete,2026-08-12T00:00:00+02:00,841330,0
3049,Lobete,2026-08-13T00:00:00+02:00,827880,0
3049,Lobete,2026-08-14T00:00:00+02:00,808050,0
3049,Lobete,2026-08-15T00:00:00+02:00,791301,0
3049,Lobete,2026-08-16T00:00:00+02:00,774568,0
3050,Jauregi,2026-06-29T00:00:00+02:00,1550000,0
3050,Jauregi,2026-06-30T00:00:00+02:00,1550000,0
3050,Jauregi,2026-07-01T00:00:00+02:00,1550000,0
3050,Jauregi,2026-07-02T00:00:00+02:00,1550000,0
3050,Jauregi,2026-07-03T00:00:00+02:00,1550736,0
3050,Jauregi,2026-07-04T00:00:00+02:00,1552535,0
3050,Jauregi,2026-07-05T00:00:00+02:00,1554068,0
3050,Jauregi,2026-08-10T00:00:00+02:00,1507041,0
3050,Jauregi,2026-08-11T00:00:00+02:00,1460805,0
3050,Jauregi,2026-08-12T00:00:00+02:00,1425051,0
3050,Jauregi,2026-08-13T00:00:00+02:00,1388386,0
3050,Jauregi,2026-08-14T00:00:00+02:00,1357090,0
3050,Jauregi,2026-08-15T00:00:00+02:00,1333295,0
3050,Jauregi,2026-08-16T00:00:00+02:00,1306593,0
3055,Haitam,2026-06-29T00:00:00+02:00,700000,0
3055,Haitam,2026-06-30T00:00:00+02:00,700000,0
3055,Haitam,2026-07-01T00:00:00+02:00,700000,0
3055,Haitam,2026-07-02T00:00:00+02:00,700000,0
3055,Haitam,2026-07-03T00:00:00+02:00,700332,0
3055,Haitam,2026-07-04T00:00:00+02:00,701144,0
3055,Haitam,2026-07-05T00:00:00+02:00,701836,0
3055,Haitam,2026-07-06T00:00:00+02:00,702702,0
3055,Haitam,2026-07-07T00:00:00+02:00,702665,0
3055,Haitam,2026-07-08T00:00:00+02:00,685410,0
3055,Haitam,2026-07-09T00:00:00+02:00,667103,0
3055,Haitam,2026-07-10T00:00:00+02:00,650981,0
3055,Haitam,2026-07-11T00:00:00+02:00,635920,0
3055,Haitam,2026-07-12T00:00:00+02:00,622596,0
3055,Haitam,2026-07-13T00:00:00+02:00,610622,0
3055,Haitam,2026-07-14T00:00:00+02:00,598958,0
3055,Haitam,2026-07-15T00:00:00+02:00,588326,0
3055,Haitam,2026-07-16T00:00:00+02:00,579427,0
3055,Haitam,2026-07-17T00:00:00+02:00,571183,0
3055,Haitam,2026-07-18T00:00:00+02:00,563623,0
3055,Haitam,2026-07-19T00:00:00+02:00,556610,0
3055,Haitam,2026-07-20T00:00:00+02:00,550588,0
3055,Haitam,2026-07-21T00:00:00+02:00,546324,0
3055,Haitam,2026-07-22T00:00:00+02:00,537766,0
3055,Haitam,2026-07-23T00:00:00+02:00,531103,0
3055,Haitam,2026-07-24T00:00:00+02:00,523756,0
3055,Haitam,2026-07-25T00:00:00+02:00,518356,0
3055,Haitam,2026-07-26T00:00:00+02:00,513793,0
3055,Haitam,2026-07-27T00:00:00+02:00,509020,0
3055,Haitam,2026-07-28T00:00:00+02:00,504558,0
3055,Haitam,2026-07-29T00:00:00+02:00,498070,0
3055,Haitam,2026-07-30T00:00:00+02:00,492563,0
3055,Haitam,2026-07-31T00:00:00+02:00,486825,0
3055,Haitam,2026-08-01T00:00:00+02:00,481421,0
3055,Haitam,2026-08-02T00:00:00+02:00,477147,0
3055,Haitam,2026-08-03T00:00:00+02:00,472470,0
3055,Haitam,2026-08-04T00:00:00+02:00,467314,0
3055,Haitam,2026-08-05T00:00:00+02:00,462436,0
3055,Haitam,2026-08-06T00:00:00+02:00,457258,0
3055,Haitam,2026-08-07T00:00:00+02:00,452385,0
3055,Haitam,2026-08-08T00:00:00+02:00,448189,0
3055,Haitam,2026-08-09T00:00:00+02:00,445178,0
3055,Haitam,2026-08-10T00:00:00+02:00,442507,0
3055,Haitam,2026-08-11T00:00:00+02:00,438852,0
3055,Haitam,2026-08-12T00:00:00+02:00,434949,0
3055,Haitam,2026-08-13T00:00:00+02:00,430091,0
3055,Haitam,2026-08-14T00:00:00+02:00,424703,0
3055,Haitam,2026-08-15T00:00:00+02:00,420686,0
3055,Haitam,2026-08-16T00:00:00+02:00,418777,0
3070,Chupe,2026-07-14T00:00:00+02:00,25000000,0
3070,Chupe,2026-07-15T00:00:00+02:00,24166579,0
3070,Chupe,2026-07-16T00:00:00+02:00,24304865,0
3070,Chupe,2026-07-17T00:00:00+02:00,24773569,0
3070,Chupe,2026-07-18T00:00:00+02:00,25306889,0
3070,Chupe,2026-07-19T00:00:00+02:00,26311348,0
3070,Chupe,2026-07-20T00:00:00+02:00,27241557,0
3070,Chupe,2026-07-21T00:00:00+02:00,28249408,0
3070,Chupe,2026-07-22T00:00:00+02:00,28918829,0
3070,Chupe,2026-07-23T00:00:00+02:00,30374961,0
3070,Chupe,2026-07-24T00:00:00+02:00,31418420,0
3070,Chupe,2026-07-25T00:00:00+02:00,33034932,0
3070,Chupe,2026-07-26T00:00:00+02:00,34444361,0
3070,Chupe,2026-07-27T00:00:00+02:00,35754472,0
3070,Chupe,2026-07-28T00:00:00+02:00,37081989,0
3070,Chupe,2026-07-29T00:00:00+02:00,38142891,0
3070,Chupe,2026-07-30T00:00:00+02:00,39810857,0
3070,Chupe,2026-07-31T00:00:00+02:00,40971553,0
3070,Chupe,2026-08-01T00:00:00+02:00,42290587,0
3070,Chupe,2026-08-02T00:00:00+02:00,43812470,0
3070,Chupe,2026-08-03T00:00:00+02:00,45114320,0
3070,Chupe,2026-08-04T00:00:00+02:00,46427724,0
3070,Chupe,2026-08-05T00:00:00+02:00,47695082,0
3070,Chupe,2026-08-06T00:00:00+02:00,48813586,0
3070,Chupe,2026-08-07T00:00:00+02:00,50090969,0
3070,Chupe,2026-08-08T00:00:00+02:00,51339745,0
3070,Chupe,2026-08-09T00:00:00+02:00,52462790,0
3070,Chupe,2026-08-10T00:00:00+02:00,53207243,0
3070,Chupe,2026-08-11T00:00:00+02:00,53703114,0
3070,Chupe,2026-08-12T00:00:00+02:00,53820807,0
3070,Chupe,2026-08-13T00:00:00+02:00,53193312,0
3070,Chupe,2026-08-14T00:00:00+02:00,52381983,0
3070,Chupe,2026-08-15T00:00:00+02:00,51547929,0
3070,Chupe,2026-08-16T00:00:00+02:00,50669666,0
3071,B. Iglesias,2026-07-14T00:00:00+02:00,25500000,0
3071,B. Iglesias,2026-07-15T00:00:00+02:00,24649911,0
3071,B. Iglesias,2026-07-16T00:00:00+02:00,24541493,0
3071,B. Iglesias,2026-07-17T00:00:00+02:00,24676419,0
3071,B. Iglesias,2026-07-18T00:00:00+02:00,25065606,0
3071,B. Iglesias,2026-07-19T00:00:00+02:00,25658673,0
3071,B. Iglesias,2026-07-20T00:00:00+02:00,26111288,0
3071,B. Iglesias,2026-07-21T00:00:00+02:00,26871417,0
3071,B. Iglesias,2026-07-22T00:00:00+02:00,27221631,0
3071,B. Iglesias,2026-07-23T00:00:00+02:00,28075610,0
3071,B. Iglesias,2026-07-24T00:00:00+02:00,28769027,0
3071,B. Iglesias,2026-07-25T00:00:00+02:00,29569211,0
3071,B. Iglesias,2026-07-26T00:00:00+02:00,30337319,0
3071,B. Iglesias,2026-07-27T00:00:00+02:00,30941790,0
3071,B. Iglesias,2026-07-28T00:00:00+02:00,31634385,0
3071,B. Iglesias,2026-07-29T00:00:00+02:00,31930878,0
3071,B. Iglesias,2026-07-30T00:00:00+02:00,32278124,0
3071,B. Iglesias,2026-07-31T00:00:00+02:00,32362054,0
3071,B. Iglesias,2026-08-01T00:00:00+02:00,32463107,0
3071,B. Iglesias,2026-08-02T00:00:00+02:00,32471043,0
3071,B. Iglesias,2026-08-03T00:00:00+02:00,32287759,0
3071,B. Iglesias,2026-08-04T00:00:00+02:00,31866073,0
3071,B. Iglesias,2026-08-05T00:00:00+02:00,31319385,0
3071,B. Iglesias,2026-08-06T00:00:00+02:00,30747132,0
3071,B. Iglesias,2026-08-07T00:00:00+02:00,30182513,0
3071,B. Iglesias,2026-08-08T00:00:00+02:00,29619713,0
3071,B. Iglesias,2026-08-09T00:00:00+02:00,29175123,0
3071,B. Iglesias,2026-08-10T00:00:00+02:00,28702800,0
3071,B. Iglesias,2026-08-11T00:00:00+02:00,28290045,0
3071,B. Iglesias,2026-08-12T00:00:00+02:00,27997655,0
3071,B. Iglesias,2026-08-13T00:00:00+02:00,27569684,0
3071,B. Iglesias,2026-08-14T00:00:00+02:00,27272235,0
3071,B. Iglesias,2026-08-15T00:00:00+02:00,27037034,0
3071,B. Iglesias,2026-08-16T00:00:00+02:00,26847444,0
3073,Andrés Martín,2026-07-15T00:00:00+02:00,29000000,0
3073,Andrés Martín,2026-07-16T00:00:00+02:00,28052195,0
3073,Andrés Martín,2026-07-17T00:00:00+02:00,27521399,0
3073,Andrés Martín,2026-07-18T00:00:00+02:00,27193354,0
3073,Andrés Martín,2026-07-19T00:00:00+02:00,26826322,0
3073,Andrés Martín,2026-07-20T00:00:00+02:00,26504083,0
3073,Andrés Martín,2026-07-21T00:00:00+02:00,26147044,0
3073,Andrés Martín,2026-07-22T00:00:00+02:00,25610559,0
3073,Andrés Martín,2026-07-23T00:00:00+02:00,25237875,0
3073,Andrés Martín,2026-07-24T00:00:00+02:00,24940234,0
3073,Andrés Martín,2026-07-25T00:00:00+02:00,24656452,0
3073,Andrés Martín,2026-07-26T00:00:00+02:00,24354680,0
3073,Andrés Martín,2026-07-27T00:00:00+02:00,24132621,0
3073,Andrés Martín,2026-07-28T00:00:00+02:00,23892558,0
3073,Andrés Martín,2026-07-29T00:00:00+02:00,23517014,0
3073,Andrés Martín,2026-07-30T00:00:00+02:00,23268408,0
3073,Andrés Martín,2026-07-31T00:00:00+02:00,22898266,0
3073,Andrés Martín,2026-08-01T00:00:00+02:00,22575762,0
3073,Andrés Martín,2026-08-02T00:00:00+02:00,22301486,0
3073,Andrés Martín,2026-08-03T00:00:00+02:00,21974463,0
3073,Andrés Martín,2026-08-04T00:00:00+02:00,21634481,0
3073,Andrés Martín,2026-08-05T00:00:00+02:00,21327600,0
3073,Andrés Martín,2026-08-06T00:00:00+02:00,21001252,0
3073,Andrés Martín,2026-08-07T00:00:00+02:00,20686051,0
3073,Andrés Martín,2026-08-08T00:00:00+02:00,20382679,0
3073,Andrés Martín,2026-08-09T00:00:00+02:00,20113886,0
3073,Andrés Martín,2026-08-10T00:00:00+02:00,19854978,0
3073,Andrés Martín,2026-08-11T00:00:00+02:00,19668587,0
3073,Andrés Martín,2026-08-12T00:00:00+02:00,19511012,0
3073,Andrés Martín,2026-08-13T00:00:00+02:00,19345316,0
3073,Andrés Martín,2026-08-14T00:00:00+02:00,19222161,0
3073,Andrés Martín,2026-08-15T00:00:00+02:00,19118254,0
3073,Andrés Martín,2026-08-16T00:00:00+02:00,19005850,0
3076,Yeremay,2026-07-16T00:00:00+02:00,31000000,0
3076,Yeremay,2026-07-17T00:00:00+02:00,29991473,0
3076,Yeremay,2026-07-18T00:00:00+02:00,29828540,0
3076,Yeremay,2026-07-19T00:00:00+02:00,30895936,0
3076,Yeremay,2026-07-20T00:00:00+02:00,32167242,0
3076,Yeremay,2026-07-21T00:00:00+02:00,33934541,0
3076,Yeremay,2026-07-22T00:00:00+02:00,35147102,0
3076,Yeremay,2026-07-23T00:00:00+02:00,36818528,0
3076,Yeremay,2026-07-24T00:00:00+02:00,38528218,0
3076,Yeremay,2026-07-25T00:00:00+02:00,40608285,0
3076,Yeremay,2026-07-26T00:00:00+02:00,42793742,0
3076,Yeremay,2026-07-27T00:00:00+02:00,44575288,0
3076,Yeremay,2026-07-28T00:00:00+02:00,46891847,0
3076,Yeremay,2026-07-29T00:00:00+02:00,48581633,0
3076,Yeremay,2026-07-30T00:00:00+02:00,50410404,0
3076,Yeremay,2026-07-31T00:00:00+02:00,52117804,0
3076,Yeremay,2026-08-01T00:00:00+02:00,53570569,0
3076,Yeremay,2026-08-02T00:00:00+02:00,54778931,0
3076,Yeremay,2026-08-03T00:00:00+02:00,55740008,0
3076,Yeremay,2026-08-04T00:00:00+02:00,57076453,0
3076,Yeremay,2026-08-05T00:00:00+02:00,57978298,0
3076,Yeremay,2026-08-06T00:00:00+02:00,58493534,0
3076,Yeremay,2026-08-07T00:00:00+02:00,58849039,0
3076,Yeremay,2026-08-08T00:00:00+02:00,59087380,0
3076,Yeremay,2026-08-09T00:00:00+02:00,58797168,0
3076,Yeremay,2026-08-10T00:00:00+02:00,57916612,0
3076,Yeremay,2026-08-11T00:00:00+02:00,56685598,0
3076,Yeremay,2026-08-12T00:00:00+02:00,55418618,0
3076,Yeremay,2026-08-13T00:00:00+02:00,54114438,0
3076,Yeremay,2026-08-14T00:00:00+02:00,52770430,0
3076,Yeremay,2026-08-15T00:00:00+02:00,51573206,0
3076,Yeremay,2026-08-16T00:00:00+02:00,50616368,0
3078,T. Martínez,2026-07-17T00:00:00+02:00,35000000,0
3078,T. Martínez,2026-07-18T00:00:00+02:00,33867531,0
3078,T. Martínez,2026-07-19T00:00:00+02:00,33342532,0
3078,T. Martínez,2026-07-20T00:00:00+02:00,32928825,0
3078,T. Martínez,2026-07-21T00:00:00+02:00,32550840,0
3078,T. Martínez,2026-07-22T00:00:00+02:00,31951548,0
3078,T. Martínez,2026-07-23T00:00:00+02:00,31410767,0
3078,T. Martínez,2026-07-24T00:00:00+02:00,30901709,0
3078,T. Martínez,2026-07-25T00:00:00+02:00,30442141,0
3078,T. Martínez,2026-07-26T00:00:00+02:00,30023905,0
3078,T. Martínez,2026-07-27T00:00:00+02:00,29587410,0
3078,T. Martínez,2026-07-28T00:00:00+02:00,29188984,0
3078,T. Martínez,2026-07-29T00:00:00+02:00,28784146,0
3078,T. Martínez,2026-07-30T00:00:00+02:00,28471515,0
3078,T. Martínez,2026-07-31T00:00:00+02:00,28027931,0
3078,T. Martínez,2026-08-01T00:00:00+02:00,27717640,0
3078,T. Martínez,2026-08-02T00:00:00+02:00,27399684,0
3078,T. Martínez,2026-08-03T00:00:00+02:00,27213642,0
3078,T. Martínez,2026-08-04T00:00:00+02:00,26974353,0
3078,T. Martínez,2026-08-05T00:00:00+02:00,26676119,0
3078,T. Martínez,2026-08-06T00:00:00+02:00,26420644,0
3078,T. Martínez,2026-08-07T00:00:00+02:00,26130192,0
3078,T. Martínez,2026-08-08T00:00:00+02:00,25876945,0
3078,T. Martínez,2026-08-09T00:00:00+02:00,25640207,0
3078,T. Martínez,2026-08-10T00:00:00+02:00,25475664,0
3078,T. Martínez,2026-08-11T00:00:00+02:00,25363927,0
3078,T. Martínez,2026-08-12T00:00:00+02:00,25241121,0
3078,T. Martínez,2026-08-13T00:00:00+02:00,25132637,0
3078,T. Martínez,2026-08-14T00:00:00+02:00,25014169,0
3078,T. Martínez,2026-08-15T00:00:00+02:00,25023738,0
3078,T. Martínez,2026-08-16T00:00:00+02:00,25050128,0
3079,Lookman,2026-07-17T00:00:00+02:00,50000000,0
3079,Lookman,2026-07-18T00:00:00+02:00,48382188,0
3079,Lookman,2026-07-19T00:00:00+02:00,47758932,0
3079,Lookman,2026-07-20T00:00:00+02:00,48071403,0
3079,Lookman,2026-07-21T00:00:00+02:00,48737083,0
3079,Lookman,2026-07-22T00:00:00+02:00,49115127,0
3079,Lookman,2026-07-23T00:00:00+02:00,50102470,0
3079,Lookman,2026-07-24T00:00:00+02:00,50997155,0
3079,Lookman,2026-07-25T00:00:00+02:00,52370429,0
3079,Lookman,2026-07-26T00:00:00+02:00,54046997,0
3079,Lookman,2026-07-27T00:00:00+02:00,55457364,0
3079,Lookman,2026-07-28T00:00:00+02:00,57314411,0
3079,Lookman,2026-07-29T00:00:00+02:00,58443494,0
3079,Lookman,2026-07-30T00:00:00+02:00,60117747,0
3079,Lookman,2026-07-31T00:00:00+02:00,61565201,0
3079,Lookman,2026-08-01T00:00:00+02:00,63608716,0
3079,Lookman,2026-08-02T00:00:00+02:00,65344078,0
3079,Lookman,2026-08-03T00:00:00+02:00,67161658,0
3079,Lookman,2026-08-04T00:00:00+02:00,69367176,0
3079,Lookman,2026-08-05T00:00:00+02:00,71078598,0
3079,Lookman,2026-08-06T00:00:00+02:00,72766146,0
3079,Lookman,2026-08-07T00:00:00+02:00,74250154,0
3079,Lookman,2026-08-08T00:00:00+02:00,75923343,0
3079,Lookman,2026-08-09T00:00:00+02:00,77090190,0
3079,Lookman,2026-08-10T00:00:00+02:00,78117316,0
3079,Lookman,2026-08-11T00:00:00+02:00,79079686,0
3079,Lookman,2026-08-12T00:00:00+02:00,79182685,0
3079,Lookman,2026-08-13T00:00:00+02:00,78726649,0
3079,Lookman,2026-08-14T00:00:00+02:00,77826011,0
3079,Lookman,2026-08-15T00:00:00+02:00,76962254,0
3079,Lookman,2026-08-16T00:00:00+02:00,76185001,0
3083,Nico Williams,2026-07-20T00:00:00+02:00,65000000,0
3083,Nico Williams,2026-07-21T00:00:00+02:00,62977195,0
3083,Nico Williams,2026-07-22T00:00:00+02:00,62332543,0
3083,Nico Williams,2026-07-23T00:00:00+02:00,62848922,0
3083,Nico Williams,2026-07-24T00:00:00+02:00,63564212,0
3083,Nico Williams,2026-07-25T00:00:00+02:00,65102022,0
3083,Nico Williams,2026-07-26T00:00:00+02:00,66611551,0
3083,Nico Williams,2026-07-27T00:00:00+02:00,67977499,0
3083,Nico Williams,2026-07-28T00:00:00+02:00,69575620,0
3083,Nico Williams,2026-07-29T00:00:00+02:00,70595144,0
3083,Nico Williams,2026-07-30T00:00:00+02:00,72110173,0
3083,Nico Williams,2026-07-31T00:00:00+02:00,73155280,0
3083,Nico Williams,2026-08-01T00:00:00+02:00,73995934,0
3083,Nico Williams,2026-08-02T00:00:00+02:00,74751877,0
3083,Nico Williams,2026-08-03T00:00:00+02:00,75302881,0
3083,Nico Williams,2026-08-04T00:00:00+02:00,75874854,0
3083,Nico Williams,2026-08-05T00:00:00+02:00,76029517,0
3083,Nico Williams,2026-08-06T00:00:00+02:00,75648495,0
3083,Nico Williams,2026-08-07T00:00:00+02:00,74515162,0
3083,Nico Williams,2026-08-08T00:00:00+02:00,73107516,0
3083,Nico Williams,2026-08-09T00:00:00+02:00,71662381,0
3083,Nico Williams,2026-08-10T00:00:00+02:00,70216837,0
3083,Nico Williams,2026-08-11T00:00:00+02:00,68896354,0
3083,Nico Williams,2026-08-12T00:00:00+02:00,67512196,0
3083,Nico Williams,2026-08-13T00:00:00+02:00,66282912,0
3083,Nico Williams,2026-08-14T00:00:00+02:00,65142650,0
3083,Nico Williams,2026-08-15T00:00:00+02:00,64295032,0
3083,Nico Williams,2026-08-16T00:00:00+02:00,63595418,0
3084,Budimir,2026-07-20T00:00:00+02:00,60000000,0
3084,Budimir,2026-07-21T00:00:00+02:00,58132795,0
3084,Budimir,2026-07-22T00:00:00+02:00,56605450,0
3084,Budimir,2026-07-23T00:00:00+02:00,55533187,0
3084,Budimir,2026-07-24T00:00:00+02:00,54654527,0
3084,Budimir,2026-07-25T00:00:00+02:00,53994511,0
3084,Budimir,2026-07-26T00:00:00+02:00,53269213,0
3084,Budimir,2026-07-27T00:00:00+02:00,52528833,0
3084,Budimir,2026-07-28T00:00:00+02:00,51926566,0
3084,Budimir,2026-07-29T00:00:00+02:00,50967463,0
3084,Budimir,2026-07-30T00:00:00+02:00,50226998,0
3084,Budimir,2026-07-31T00:00:00+02:00,49501980,0
3084,Budimir,2026-08-01T00:00:00+02:00,48978874,0
3084,Budimir,2026-08-02T00:00:00+02:00,48571256,0
3084,Budimir,2026-08-03T00:00:00+02:00,48189608,0
3084,Budimir,2026-08-04T00:00:00+02:00,47934863,0
3084,Budimir,2026-08-05T00:00:00+02:00,47670405,0
3084,Budimir,2026-08-06T00:00:00+02:00,47414201,0
3084,Budimir,2026-08-07T00:00:00+02:00,47056029,0
3084,Budimir,2026-08-08T00:00:00+02:00,46986232,0
3084,Budimir,2026-08-09T00:00:00+02:00,46896891,0
3084,Budimir,2026-08-10T00:00:00+02:00,46945550,0
3084,Budimir,2026-08-11T00:00:00+02:00,47524204,0
3084,Budimir,2026-08-12T00:00:00+02:00,48288694,0
3084,Budimir,2026-08-13T00:00:00+02:00,48858340,0
3084,Budimir,2026-08-14T00:00:00+02:00,49716551,0
3084,Budimir,2026-08-15T00:00:00+02:00,50415606,0
3084,Budimir,2026-08-16T00:00:00+02:00,50978461,0
3085,Guedes,2026-07-21T00:00:00+02:00,65000000,0
3085,Guedes,2026-07-22T00:00:00+02:00,62832102,0
3085,Guedes,2026-07-23T00:00:00+02:00,61587759,0
3085,Guedes,2026-07-24T00:00:00+02:00,60182481,0
3085,Guedes,2026-07-25T00:00:00+02:00,58767684,0
3085,Guedes,2026-07-26T00:00:00+02:00,57358641,0
3085,Guedes,2026-07-27T00:00:00+02:00,55952477,0
3085,Guedes,2026-07-28T00:00:00+02:00,54628613,0
3085,Guedes,2026-07-29T00:00:00+02:00,53282844,0
3085,Guedes,2026-07-30T00:00:00+02:00,52103111,0
3085,Guedes,2026-07-31T00:00:00+02:00,50867672,0
3085,Guedes,2026-08-01T00:00:00+02:00,49800941,0
3085,Guedes,2026-08-02T00:00:00+02:00,48812122,0
3085,Guedes,2026-08-03T00:00:00+02:00,47915974,0
3085,Guedes,2026-08-04T00:00:00+02:00,47031231,0
3085,Guedes,2026-08-05T00:00:00+02:00,46118501,0
3085,Guedes,2026-08-06T00:00:00+02:00,45004141,0
3085,Guedes,2026-08-07T00:00:00+02:00,43634316,0
3085,Guedes,2026-08-08T00:00:00+02:00,42335832,0
3085,Guedes,2026-08-09T00:00:00+02:00,41086768,0
3085,Guedes,2026-08-10T00:00:00+02:00,39859942,0
3085,Guedes,2026-08-11T00:00:00+02:00,38671532,0
3085,Guedes,2026-08-12T00:00:00+02:00,37499154,0
3085,Guedes,2026-08-13T00:00:00+02:00,36348757,0
3085,Guedes,2026-08-14T00:00:00+02:00,35214110,0
3085,Guedes,2026-08-15T00:00:00+02:00,34127668,0
3085,Guedes,2026-08-16T00:00:00+02:00,33135587,0
3087,Pepe,2026-07-21T00:00:00+02:00,70000000,0
3087,Pepe,2026-07-22T00:00:00+02:00,67665341,0
3087,Pepe,2026-07-23T00:00:00+02:00,66240716,0
3087,Pepe,2026-07-24T00:00:00+02:00,64782943,0
3087,Pepe,2026-07-25T00:00:00+02:00,63514861,0
3087,Pepe,2026-07-26T00:00:00+02:00,62277005,0
3087,Pepe,2026-07-27T00:00:00+02:00,61033499,0
3087,Pepe,2026-07-28T00:00:00+02:00,59861794,0
3087,Pepe,2026-07-29T00:00:00+02:00,58624653,0
3087,Pepe,2026-07-30T00:00:00+02:00,57613085,0
3087,Pepe,2026-07-31T00:00:00+02:00,56536949,0
3087,Pepe,2026-08-01T00:00:00+02:00,55625959,0
3087,Pepe,2026-08-02T00:00:00+02:00,54726952,0
3087,Pepe,2026-08-03T00:00:00+02:00,53864490,0
3087,Pepe,2026-08-04T00:00:00+02:00,53069293,0
3087,Pepe,2026-08-05T00:00:00+02:00,52328584,0
3087,Pepe,2026-08-06T00:00:00+02:00,51551745,0
3087,Pepe,2026-08-07T00:00:00+02:00,50949118,0
3087,Pepe,2026-08-08T00:00:00+02:00,50463183,0
3087,Pepe,2026-08-09T00:00:00+02:00,49931606,0
3087,Pepe,2026-08-10T00:00:00+02:00,49454876,0
3087,Pepe,2026-08-11T00:00:00+02:00,49180950,0
3087,Pepe,2026-08-12T00:00:00+02:00,49148042,0
3087,Pepe,2026-08-13T00:00:00+02:00,49139313,0
3087,Pepe,2026-08-14T00:00:00+02:00,49524683,0
3087,Pepe,2026-08-15T00:00:00+02:00,50092006,0
3087,Pepe,2026-08-16T00:00:00+02:00,50686818,0
3088,Julián Alvarez,2026-07-21T00:00:00+02:00,80000000,0
3088,Julián Alvarez,2026-07-22T00:00:00+02:00,77337942,0
3088,Julián Alvarez,2026-07-23T00:00:00+02:00,76946809,0
3088,Julián Alvarez,2026-07-24T00:00:00+02:00,76566160,0
3088,Julián Alvarez,2026-07-25T00:00:00+02:00,76621470,0
3088,Julián Alvarez,2026-07-26T00:00:00+02:00,76573833,0
3088,Julián Alvarez,2026-07-27T00:00:00+02:00,76318389,0
3088,Julián Alvarez,2026-07-28T00:00:00+02:00,76264675,0
3088,Julián Alvarez,2026-07-29T00:00:00+02:00,75594940,0
3088,Julián Alvarez,2026-07-30T00:00:00+02:00,75239760,0
3088,Julián Alvarez,2026-07-31T00:00:00+02:00,74555418,0
3088,Julián Alvarez,2026-08-01T00:00:00+02:00,73922145,0
3088,Julián Alvarez,2026-08-02T00:00:00+02:00,73335784,0
3088,Julián Alvarez,2026-08-03T00:00:00+02:00,72642280,0
3088,Julián Alvarez,2026-08-04T00:00:00+02:00,71843867,0
3088,Julián Alvarez,2026-08-05T00:00:00+02:00,71055704,0
3088,Julián Alvarez,2026-08-06T00:00:00+02:00,70372416,0
3088,Julián Alvarez,2026-08-07T00:00:00+02:00,70041037,0
3088,Julián Alvarez,2026-08-08T00:00:00+02:00,69773854,0
3088,Julián Alvarez,2026-08-09T00:00:00+02:00,69519285,0
3088,Julián Alvarez,2026-08-10T00:00:00+02:00,69450658,0
3088,Julián Alvarez,2026-08-11T00:00:00+02:00,69446171,0
3088,Julián Alvarez,2026-08-12T00:00:00+02:00,69606904,0
3088,Julián Alvarez,2026-08-13T00:00:00+02:00,69748085,0
3088,Julián Alvarez,2026-08-14T00:00:00+02:00,70117730,0
3088,Julián Alvarez,2026-08-15T00:00:00+02:00,70430139,0
3088,Julián Alvarez,2026-08-16T00:00:00+02:00,70546928,0
3089,Ez Abde,2026-07-22T00:00:00+02:00,87436369,0
3089,Ez Abde,2026-07-23T00:00:00+02:00,84588027,0
3089,Ez Abde,2026-07-24T00:00:00+02:00,81964375,0
3089,Ez Abde,2026-07-25T00:00:00+02:00,79556388,0
3089,Ez Abde,2026-07-26T00:00:00+02:00,77194129,0
3089,Ez Abde,2026-07-27T00:00:00+02:00,74889022,0
3089,Ez Abde,2026-07-28T00:00:00+02:00,72671704,0
3089,Ez Abde,2026-07-29T00:00:00+02:00,70515749,0
3089,Ez Abde,2026-07-30T00:00:00+02:00,68552687,0
3089,Ez Abde,2026-07-31T00:00:00+02:00,66555070,0
3089,Ez Abde,2026-08-01T00:00:00+02:00,64755867,0
3089,Ez Abde,2026-08-02T00:00:00+02:00,63086555,0
3089,Ez Abde,2026-08-03T00:00:00+02:00,61383871,0
3089,Ez Abde,2026-08-04T00:00:00+02:00,59777499,0
3089,Ez Abde,2026-08-05T00:00:00+02:00,58174351,0
3089,Ez Abde,2026-08-06T00:00:00+02:00,56628392,0
3089,Ez Abde,2026-08-07T00:00:00+02:00,55130923,0
3089,Ez Abde,2026-08-08T00:00:00+02:00,53814058,0
3089,Ez Abde,2026-08-09T00:00:00+02:00,52547136,0
3089,Ez Abde,2026-08-10T00:00:00+02:00,51290948,0
3089,Ez Abde,2026-08-11T00:00:00+02:00,49991863,0
3089,Ez Abde,2026-08-12T00:00:00+02:00,48702757,0
3089,Ez Abde,2026-08-13T00:00:00+02:00,47471856,0
3089,Ez Abde,2026-08-14T00:00:00+02:00,46331229,0
3089,Ez Abde,2026-08-15T00:00:00+02:00,45281828,0
3089,Ez Abde,2026-08-16T00:00:00+02:00,44395627,0
3091,Oyarzabal,2026-07-22T00:00:00+02:00,87436369,0
3091,Oyarzabal,2026-07-23T00:00:00+02:00,84597947,0
3091,Oyarzabal,2026-07-24T00:00:00+02:00,83094958,0
3091,Oyarzabal,2026-07-25T00:00:00+02:00,81926203,0
3091,Oyarzabal,2026-07-26T00:00:00+02:00,80739949,0
3091,Oyarzabal,2026-07-27T00:00:00+02:00,79401482,0
3091,Oyarzabal,2026-07-28T00:00:00+02:00,78105466,0
3091,Oyarzabal,2026-07-29T00:00:00+02:00,76638856,0
3091,Oyarzabal,2026-07-30T00:00:00+02:00,75456423,0
3091,Oyarzabal,2026-07-31T00:00:00+02:00,74263168,0
3091,Oyarzabal,2026-08-01T00:00:00+02:00,73319380,0
3091,Oyarzabal,2026-08-02T00:00:00+02:00,72413578,0
3091,Oyarzabal,2026-08-03T00:00:00+02:00,71264477,0
3091,Oyarzabal,2026-08-04T00:00:00+02:00,70314237,0
3091,Oyarzabal,2026-08-05T00:00:00+02:00,69332677,0
3091,Oyarzabal,2026-08-06T00:00:00+02:00,68205478,0
3091,Oyarzabal,2026-08-07T00:00:00+02:00,67378984,0
3091,Oyarzabal,2026-08-08T00:00:00+02:00,66881756,0
3091,Oyarzabal,2026-08-09T00:00:00+02:00,66430956,0
3091,Oyarzabal,2026-08-10T00:00:00+02:00,65891432,0
3091,Oyarzabal,2026-08-11T00:00:00+02:00,65435958,0
3091,Oyarzabal,2026-08-12T00:00:00+02:00,64890267,0
3091,Oyarzabal,2026-08-13T00:00:00+02:00,64254760,0
3091,Oyarzabal,2026-08-14T00:00:00+02:00,63556769,0
3091,Oyarzabal,2026-08-15T00:00:00+02:00,63198941,0
3091,Oyarzabal,2026-08-16T00:00:00+02:00,62905318,0
3102,Vini Jr.,2026-07-23T00:00:00+02:00,120000000,0
3102,Vini Jr.,2026-07-24T00:00:00+02:00,116033826,0
3102,Vini Jr.,2026-07-25T00:00:00+02:00,114335415,0
3102,Vini Jr.,2026-07-26T00:00:00+02:00,113135381,0
3102,Vini Jr.,2026-07-27T00:00:00+02:00,111589992,0
3102,Vini Jr.,2026-07-28T00:00:00+02:00,109906448,0
3102,Vini Jr.,2026-07-29T00:00:00+02:00,107890186,0
3102,Vini Jr.,2026-07-30T00:00:00+02:00,106973001,0
3102,Vini Jr.,2026-07-31T00:00:00+02:00,105648424,0
3102,Vini Jr.,2026-08-01T00:00:00+02:00,104859542,0
3102,Vini Jr.,2026-08-02T00:00:00+02:00,103711546,0
3102,Vini Jr.,2026-08-03T00:00:00+02:00,102243757,0
3102,Vini Jr.,2026-08-04T00:00:00+02:00,101046121,0
3102,Vini Jr.,2026-08-05T00:00:00+02:00,99932130,0
3102,Vini Jr.,2026-08-06T00:00:00+02:00,98830616,0
3102,Vini Jr.,2026-08-07T00:00:00+02:00,98000815,0
3102,Vini Jr.,2026-08-08T00:00:00+02:00,98581783,0
3102,Vini Jr.,2026-08-09T00:00:00+02:00,99874515,0
3102,Vini Jr.,2026-08-10T00:00:00+02:00,101749180,0
3102,Vini Jr.,2026-08-11T00:00:00+02:00,103696078,0
3102,Vini Jr.,2026-08-12T00:00:00+02:00,105523480,0
3102,Vini Jr.,2026-08-13T00:00:00+02:00,106549589,0
3102,Vini Jr.,2026-08-14T00:00:00+02:00,107343064,0
3102,Vini Jr.,2026-08-15T00:00:00+02:00,107534318,0
3102,Vini Jr.,2026-08-16T00:00:00+02:00,107583315,0
3103,Mbappé,2026-07-24T00:00:00+02:00,142866249,0
3103,Mbappé,2026-07-25T00:00:00+02:00,138262459,0
3103,Mbappé,2026-07-26T00:00:00+02:00,136216221,0
3103,Mbappé,2026-07-27T00:00:00+02:00,135077816,0
3103,Mbappé,2026-07-28T00:00:00+02:00,134472313,0
3103,Mbappé,2026-07-29T00:00:00+02:00,132843192,0
3103,Mbappé,2026-07-30T00:00:00+02:00,132127362,0
3103,Mbappé,2026-07-31T00:00:00+02:00,131382911,0
3103,Mbappé,2026-08-01T00:00:00+02:00,131053762,0
3103,Mbappé,2026-08-02T00:00:00+02:00,130851512,0
3103,Mbappé,2026-08-03T00:00:00+02:00,130366891,0
3103,Mbappé,2026-08-04T00:00:00+02:00,130277056,0
3103,Mbappé,2026-08-05T00:00:00+02:00,130279066,0
3103,Mbappé,2026-08-06T00:00:00+02:00,130180229,0
3103,Mbappé,2026-08-07T00:00:00+02:00,130216697,0
3103,Mbappé,2026-08-08T00:00:00+02:00,130547900,0
3103,Mbappé,2026-08-09T00:00:00+02:00,130742233,0
3103,Mbappé,2026-08-10T00:00:00+02:00,131039235,0
3103,Mbappé,2026-08-11T00:00:00+02:00,131187001,0
3103,Mbappé,2026-08-12T00:00:00+02:00,131190567,0
3103,Mbappé,2026-08-13T00:00:00+02:00,130530556,0
3103,Mbappé,2026-08-14T00:00:00+02:00,130137163,0
3103,Mbappé,2026-08-15T00:00:00+02:00,129580862,0
3103,Mbappé,2026-08-16T00:00:00+02:00,128763909,0
3104,Lamine Yamal,2026-07-24T00:00:00+02:00,148361105,0
3104,Lamine Yamal,2026-07-25T00:00:00+02:00,143580246,0
3104,Lamine Yamal,2026-07-26T00:00:00+02:00,140527628,0
3104,Lamine Yamal,2026-07-27T00:00:00+02:00,138093433,0
3104,Lamine Yamal,2026-07-28T00:00:00+02:00,136460234,0
3104,Lamine Yamal,2026-07-29T00:00:00+02:00,134476556,0
3104,Lamine Yamal,2026-07-30T00:00:00+02:00,132697205,0
3104,Lamine Yamal,2026-07-31T00:00:00+02:00,131071905,0
3104,Lamine Yamal,2026-08-01T00:00:00+02:00,129989126,0
3104,Lamine Yamal,2026-08-02T00:00:00+02:00,129523464,0
3104,Lamine Yamal,2026-08-03T00:00:00+02:00,129050996,0
3104,Lamine Yamal,2026-08-04T00:00:00+02:00,128860506,0
3104,Lamine Yamal,2026-08-05T00:00:00+02:00,128573840,0
3104,Lamine Yamal,2026-08-06T00:00:00+02:00,128060199,0
3104,Lamine Yamal,2026-08-07T00:00:00+02:00,127760798,0
3104,Lamine Yamal,2026-08-08T00:00:00+02:00,127891411,0
3104,Lamine Yamal,2026-08-09T00:00:00+02:00,128339906,0
3104,Lamine Yamal,2026-08-10T00:00:00+02:00,128802985,0
3104,Lamine Yamal,2026-08-11T00:00:00+02:00,128937711,0
3104,Lamine Yamal,2026-08-12T00:00:00+02:00,128697695,0
3104,Lamine Yamal,2026-08-13T00:00:00+02:00,127779483,0
3104,Lamine Yamal,2026-08-14T00:00:00+02:00,127108524,0
3104,Lamine Yamal,2026-08-15T00:00:00+02:00,126806305,0
3104,Lamine Yamal,2026-08-16T00:00:00+02:00,126122321,0
3105,Cala,2026-07-27T00:00:00+02:00,3353385,0
3105,Cala,2026-07-28T00:00:00+02:00,3246100,0
3105,Cala,2026-07-29T00:00:00+02:00,3207299,0
3105,Cala,2026-07-30T00:00:00+02:00,3203837,0
3105,Cala,2026-07-31T00:00:00+02:00,3201817,0
3105,Cala,2026-08-01T00:00:00+02:00,3223055,0
3105,Cala,2026-08-02T00:00:00+02:00,3234166,0
3105,Cala,2026-08-03T00:00:00+02:00,3250702,0
3105,Cala,2026-08-04T00:00:00+02:00,3299614,0
3105,Cala,2026-08-05T00:00:00+02:00,3350156,0
3105,Cala,2026-08-06T00:00:00+02:00,3404130,0
3105,Cala,2026-08-07T00:00:00+02:00,3445978,0
3105,Cala,2026-08-08T00:00:00+02:00,3519614,0
3105,Cala,2026-08-09T00:00:00+02:00,3578930,0
3105,Cala,2026-08-10T00:00:00+02:00,3630255,0
3105,Cala,2026-08-11T00:00:00+02:00,3715715,0
3105,Cala,2026-08-12T00:00:00+02:00,3772166,0
3105,Cala,2026-08-13T00:00:00+02:00,3813266,0
3105,Cala,2026-08-14T00:00:00+02:00,3887319,0
3105,Cala,2026-08-15T00:00:00+02:00,3936762,0
3105,Cala,2026-08-16T00:00:00+02:00,3979107,0
3108,Aubameyang,2026-07-29T00:00:00+02:00,12614852,0
3108,Aubameyang,2026-07-30T00:00:00+02:00,12201189,0
3108,Aubameyang,2026-07-31T00:00:00+02:00,13083110,0
3108,Aubameyang,2026-08-01T00:00:00+02:00,14275090,0
3108,Aubameyang,2026-08-02T00:00:00+02:00,15493971,0
3108,Aubameyang,2026-08-03T00:00:00+02:00,16735376,0
3108,Aubameyang,2026-08-04T00:00:00+02:00,18065386,0
3108,Aubameyang,2026-08-05T00:00:00+02:00,19402579,0
3108,Aubameyang,2026-08-06T00:00:00+02:00,20548721,0
3108,Aubameyang,2026-08-07T00:00:00+02:00,21967301,0
3108,Aubameyang,2026-08-08T00:00:00+02:00,23433171,0
3108,Aubameyang,2026-08-09T00:00:00+02:00,24709397,0
3108,Aubameyang,2026-08-10T00:00:00+02:00,25824916,0
3108,Aubameyang,2026-08-11T00:00:00+02:00,27176992,0
3108,Aubameyang,2026-08-12T00:00:00+02:00,28491246,0
3108,Aubameyang,2026-08-13T00:00:00+02:00,29470200,0
3108,Aubameyang,2026-08-14T00:00:00+02:00,30600995,0
3108,Aubameyang,2026-08-15T00:00:00+02:00,31657424,0
3108,Aubameyang,2026-08-16T00:00:00+02:00,32609500,0
3110,C. Pérez,2026-07-29T00:00:00+02:00,1974498,0
3110,C. Pérez,2026-07-30T00:00:00+02:00,1909934,0
3110,C. Pérez,2026-07-31T00:00:00+02:00,1854566,0
3110,C. Pérez,2026-08-01T00:00:00+02:00,1803009,0
3110,C. Pérez,2026-08-02T00:00:00+02:00,1752838,0
3110,C. Pérez,2026-08-03T00:00:00+02:00,1701919,0
3110,C. Pérez,2026-08-04T00:00:00+02:00,1651432,0
3110,C. Pérez,2026-08-05T00:00:00+02:00,1603506,0
3110,C. Pérez,2026-08-06T00:00:00+02:00,1555706,0
3110,C. Pérez,2026-08-07T00:00:00+02:00,1510163,0
3110,C. Pérez,2026-08-08T00:00:00+02:00,1466288,0
3110,C. Pérez,2026-08-09T00:00:00+02:00,1424771,0
3110,C. Pérez,2026-08-10T00:00:00+02:00,1384178,0
3110,C. Pérez,2026-08-11T00:00:00+02:00,1345122,0
3110,C. Pérez,2026-08-12T00:00:00+02:00,1307595,0
3110,C. Pérez,2026-08-13T00:00:00+02:00,1269605,0
3110,C. Pérez,2026-08-14T00:00:00+02:00,1234485,0
3110,C. Pérez,2026-08-15T00:00:00+02:00,1203563,0
3110,C. Pérez,2026-08-16T00:00:00+02:00,1174121,0
3112,Endrick,2026-07-29T00:00:00+02:00,8336772,0
3112,Endrick,2026-07-30T00:00:00+02:00,8063395,0
3112,Endrick,2026-07-31T00:00:00+02:00,7909130,0
3112,Endrick,2026-08-01T00:00:00+02:00,7826122,0
3112,Endrick,2026-08-02T00:00:00+02:00,7751339,0
3112,Endrick,2026-08-03T00:00:00+02:00,7705714,0
3112,Endrick,2026-08-04T00:00:00+02:00,7678451,0
3112,Endrick,2026-08-05T00:00:00+02:00,7616242,0
3112,Endrick,2026-08-06T00:00:00+02:00,7525785,0
3112,Endrick,2026-08-07T00:00:00+02:00,7425885,0
3112,Endrick,2026-08-08T00:00:00+02:00,7340171,0
3112,Endrick,2026-08-09T00:00:00+02:00,7239857,0
3112,Endrick,2026-08-10T00:00:00+02:00,7133030,0
3112,Endrick,2026-08-11T00:00:00+02:00,7009593,0
3112,Endrick,2026-08-12T00:00:00+02:00,6920967,0
3112,Endrick,2026-08-13T00:00:00+02:00,6830327,0
3112,Endrick,2026-08-14T00:00:00+02:00,6765787,0
3112,Endrick,2026-08-15T00:00:00+02:00,6719979,0
3112,Endrick,2026-08-16T00:00:00+02:00,6696239,0
3113,Tenés,2026-07-29T00:00:00+02:00,658166,0
3113,Tenés,2026-07-30T00:00:00+02:00,646255,0
3113,Tenés,2026-07-31T00:00:00+02:00,634369,0
3113,Tenés,2026-08-01T00:00:00+02:00,623063,0
3113,Tenés,2026-08-02T00:00:00+02:00,613123,0
3113,Tenés,2026-08-03T00:00:00+02:00,603007,0
3113,Tenés,2026-08-04T00:00:00+02:00,592629,0
3113,Tenés,2026-08-05T00:00:00+02:00,582738,0
3113,Tenés,2026-08-06T00:00:00+02:00,572747,0
3113,Tenés,2026-08-07T00:00:00+02:00,563254,0
3113,Tenés,2026-08-08T00:00:00+02:00,554623,0
3113,Tenés,2026-08-09T00:00:00+02:00,547354,0
3113,Tenés,2026-08-10T00:00:00+02:00,540596,0
3113,Tenés,2026-08-11T00:00:00+02:00,533017,0
3113,Tenés,2026-08-12T00:00:00+02:00,525347,0
3113,Tenés,2026-08-13T00:00:00+02:00,516873,0
3113,Tenés,2026-08-14T00:00:00+02:00,508014,0
3113,Tenés,2026-08-15T00:00:00+02:00,500665,0
3113,Tenés,2026-08-16T00:00:00+02:00,495557,0
3117,Vargas,2026-08-03T00:00:00+02:00,29500000,0
3117,Vargas,2026-08-04T00:00:00+02:00,28522712,0
3117,Vargas,2026-08-05T00:00:00+02:00,28291119,0
3117,Vargas,2026-08-06T00:00:00+02:00,28139007,0
3117,Vargas,2026-08-07T00:00:00+02:00,28026612,0
3117,Vargas,2026-08-08T00:00:00+02:00,28011813,0
3117,Vargas,2026-08-09T00:00:00+02:00,27924180,0
3117,Vargas,2026-08-10T00:00:00+02:00,27713157,0
3117,Vargas,2026-08-11T00:00:00+02:00,27449277,0
3117,Vargas,2026-08-12T00:00:00+02:00,27130945,0
3117,Vargas,2026-08-13T00:00:00+02:00,26782926,0
3117,Vargas,2026-08-14T00:00:00+02:00,26425201,0
3117,Vargas,2026-08-15T00:00:00+02:00,26148999,0
3117,Vargas,2026-08-16T00:00:00+02:00,25880676,0
3122,Djalo,2026-08-07T00:00:00+02:00,1313010,0
3122,Djalo,2026-08-08T00:00:00+02:00,1274389,0
3122,Djalo,2026-08-09T00:00:00+02:00,1240399,0
3122,Djalo,2026-08-10T00:00:00+02:00,1208040,0
3122,Djalo,2026-08-11T00:00:00+02:00,1176415,0
3122,Djalo,2026-08-12T00:00:00+02:00,1145471,0
3122,Djalo,2026-08-13T00:00:00+02:00,1115441,0
3122,Djalo,2026-08-14T00:00:00+02:00,1089852,0
3122,Djalo,2026-08-15T00:00:00+02:00,1065718,0
3122,Djalo,2026-08-16T00:00:00+02:00,1042067,0
3126,Uche,2026-08-07T00:00:00+02:00,27505000,0
3126,Uche,2026-08-08T00:00:00+02:00,26596335,0
3126,Uche,2026-08-09T00:00:00+02:00,25746312,0
3126,Uche,2026-08-10T00:00:00+02:00,24922611,0
3126,Uche,2026-08-11T00:00:00+02:00,24122573,0
3126,Uche,2026-08-12T00:00:00+02:00,23329829,0
3126,Uche,2026-08-13T00:00:00+02:00,22553066,0
3126,Uche,2026-08-14T00:00:00+02:00,21792434,0
3126,Uche,2026-08-15T00:00:00+02:00,21077545,0
3126,Uche,2026-08-16T00:00:00+02:00,20405835,0
3129,Carlos Espí,2026-08-10T00:00:00+02:00,8335214,0
3129,Carlos Espí,2026-08-11T00:00:00+02:00,8060342,0
3129,Carlos Espí,2026-08-12T00:00:00+02:00,8198118,0
3129,Carlos Espí,2026-08-13T00:00:00+02:00,8359239,0
3129,Carlos Espí,2026-08-14T00:00:00+02:00,8578898,0
3129,Carlos Espí,2026-08-15T00:00:00+02:00,8742183,0
3129,Carlos Espí,2026-08-16T00:00:00+02:00,8869571,0
3131,Marcos,2026-08-12T00:00:00+02:00,1535120,0
3131,Marcos,2026-08-13T00:00:00+02:00,1486255,0
3131,Marcos,2026-08-14T00:00:00+02:00,1457546,0
3131,Marcos,2026-08-15T00:00:00+02:00,1430424,0
3131,Marcos,2026-08-16T00:00:00+02:00,1400367,0
3137,Satriano,2026-08-13T00:00:00+02:00,32562047,0
3137,Satriano,2026-08-14T00:00:00+02:00,31452488,0
3137,Satriano,2026-08-15T00:00:00+02:00,31250567,0
3137,Satriano,2026-08-16T00:00:00+02:00,31071263,0
3143,Diomande,2026-08-13T00:00:00+02:00,92259134,0
3143,Diomande,2026-08-14T00:00:00+02:00,89113854,0
3143,Diomande,2026-08-15T00:00:00+02:00,87890623,0
3143,Diomande,2026-08-16T00:00:00+02:00,86823233,0
3145,Robbie Ure,2026-08-14T00:00:00+02:00,12398886,0
3145,Robbie Ure,2026-08-15T00:00:00+02:00,11983348,0
3145,Robbie Ure,2026-08-16T00:00:00+02:00,11891683,0
3147,Fer Niño,2026-08-14T00:00:00+02:00,15633379,0
3147,Fer Niño,2026-08-15T00:00:00+02:00,15109440,0
3147,Fer Niño,2026-08-16T00:00:00+02:00,14910826,0
3152,Y. Zabiri,2026-08-14T00:00:00+02:00,5929902,0
3152,Y. Zabiri,2026-08-15T00:00:00+02:00,5731166,0
3152,Y. Zabiri,2026-08-16T00:00:00+02:00,5589898,0
3153,Miguel Rodríguez,2026-08-14T00:00:00+02:00,3342308,0
3153,Miguel Rodríguez,2026-08-15T00:00:00+02:00,3230293,0
3153,Miguel Rodríguez,2026-08-16T00:00:00+02:00,3145243,0
3154,Enes Ünal,2026-08-14T00:00:00+02:00,13045785,0
3154,Enes Ünal,2026-08-15T00:00:00+02:00,12608567,0
3154,Enes Ünal,2026-08-16T00:00:00+02:00,12446259,0
1356,Marcelino,2026-06-29T00:00:00+02:00,8000000,0
1356,Marcelino,2026-06-30T00:00:00+02:00,8000000,0
1356,Marcelino,2026-07-01T00:00:00+02:00,8000000,0
1356,Marcelino,2026-07-02T00:00:00+02:00,8000000,0
1356,Marcelino,2026-07-03T00:00:00+02:00,8003799,0
1356,Marcelino,2026-07-04T00:00:00+02:00,8013087,0
1356,Marcelino,2026-07-05T00:00:00+02:00,8021003,0
1481,Ernesto Valverde,2026-06-29T00:00:00+02:00,4900000,0
1481,Ernesto Valverde,2026-06-30T00:00:00+02:00,4900000,0
1481,Ernesto Valverde,2026-07-01T00:00:00+02:00,4900000,0
1481,Ernesto Valverde,2026-07-02T00:00:00+02:00,4900000,0
1481,Ernesto Valverde,2026-07-03T00:00:00+02:00,4902327,0
1481,Ernesto Valverde,2026-07-04T00:00:00+02:00,4908015,0
1481,Ernesto Valverde,2026-07-05T00:00:00+02:00,4912863,0
1611,Bordalás,2026-06-29T00:00:00+02:00,5000000,0
1611,Bordalás,2026-06-30T00:00:00+02:00,5000000,0
1611,Bordalás,2026-07-01T00:00:00+02:00,5000000,0
1611,Bordalás,2026-07-02T00:00:00+02:00,5000000,0
1611,Bordalás,2026-07-03T00:00:00+02:00,5002374,0
1611,Bordalás,2026-07-04T00:00:00+02:00,5008179,0
1611,Bordalás,2026-07-05T00:00:00+02:00,5013126,5
1611,Bordalás,2026-07-22T00:00:00+02:00,4825896,205
1611,Bordalás,2026-07-23T00:00:00+02:00,4648322,501
1611,Bordalás,2026-07-24T00:00:00+02:00,4501761,109
1611,Bordalás,2026-07-25T00:00:00+02:00,8137077,158
1611,Bordalás,2026-07-26T00:00:00+02:00,9127483,142
1611,Bordalás,2026-07-27T00:00:00+02:00,10202656,121
1611,Bordalás,2026-07-28T00:00:00+02:00,11416653,299
1611,Bordalás,2026-07-29T00:00:00+02:00,34333397,38
1611,Bordalás,2026-07-30T00:00:00+02:00,37909770,127
1611,Bordalás,2026-07-31T00:00:00+02:00,53202270,123
1611,Bordalás,2026-08-01T00:00:00+02:00,58559516,266
1611,Bordalás,2026-08-06T00:00:00+02:00,63626968,17
1611,Bordalás,2026-08-07T00:00:00+02:00,61107805,11
1611,Bordalás,2026-08-08T00:00:00+02:00,58677392,11
1611,Bordalás,2026-08-09T00:00:00+02:00,56345213,10
1611,Bordalás,2026-08-10T00:00:00+02:00,54106540,10
1611,Bordalás,2026-08-11T00:00:00+02:00,51956324,6
1611,Bordalás,2026-08-12T00:00:00+02:00,49891722,18
1611,Bordalás,2026-08-13T00:00:00+02:00,47908593,14
1611,Bordalás,2026-08-14T00:00:00+02:00,46004065,5
1611,Bordalás,2026-08-15T00:00:00+02:00,44176874,18
1611,Bordalás,2026-08-16T00:00:00+02:00,42424718,3
1849,Iñigo Perez,2026-06-29T00:00:00+02:00,2500000,0
1849,Iñigo Perez,2026-06-30T00:00:00+02:00,2500000,0
1849,Iñigo Perez,2026-07-01T00:00:00+02:00,2500000,0
1849,Iñigo Perez,2026-07-02T00:00:00+02:00,2500000,0
1849,Iñigo Perez,2026-07-03T00:00:00+02:00,2501187,0
1849,Iñigo Perez,2026-07-04T00:00:00+02:00,2504089,0
1849,Iñigo Perez,2026-07-05T00:00:00+02:00,2506562,2
1849,Iñigo Perez,2026-07-22T00:00:00+02:00,2419595,232
1849,Iñigo Perez,2026-07-23T00:00:00+02:00,2339547,969
1849,Iñigo Perez,2026-07-24T00:00:00+02:00,2271873,596
1849,Iñigo Perez,2026-07-25T00:00:00+02:00,2256200,489
1849,Iñigo Perez,2026-07-26T00:00:00+02:00,2241552,427
1849,Iñigo Perez,2026-07-27T00:00:00+02:00,2232226,298
1849,Iñigo Perez,2026-07-28T00:00:00+02:00,2219574,724
1849,Iñigo Perez,2026-07-29T00:00:00+02:00,2194393,348
1849,Iñigo Perez,2026-07-30T00:00:00+02:00,2196856,500
1849,Iñigo Perez,2026-07-31T00:00:00+02:00,2176856,553
1849,Iñigo Perez,2026-08-01T00:00:00+02:00,2158631,1177
1849,Iñigo Perez,2026-08-02T00:00:00+02:00,2147223,1392
1849,Iñigo Perez,2026-08-03T00:00:00+02:00,2122859,1334
1849,Iñigo Perez,2026-08-04T00:00:00+02:00,2186491,1221
1849,Iñigo Perez,2026-08-05T00:00:00+02:00,2196600,1162
1849,Iñigo Perez,2026-08-06T00:00:00+02:00,2190069,375
1849,Iñigo Perez,2026-08-07T00:00:00+02:00,2889574,121
1849,Iñigo Perez,2026-08-08T00:00:00+02:00,2821637,235
1849,Iñigo Perez,2026-08-09T00:00:00+02:00,2762527,308
1849,Iñigo Perez,2026-08-10T00:00:00+02:00,2700442,217
1849,Iñigo Perez,2026-08-11T00:00:00+02:00,2630529,287
1849,Iñigo Perez,2026-08-12T00:00:00+02:00,2572154,633
1849,Iñigo Perez,2026-08-13T00:00:00+02:00,2503873,496
1849,Iñigo Perez,2026-08-14T00:00:00+02:00,2439165,271
1849,Iñigo Perez,2026-08-15T00:00:00+02:00,2366380,962
1849,Iñigo Perez,2026-08-16T00:00:00+02:00,2302712,839
1851,Claudio Giraldez,2026-06-29T00:00:00+02:00,5000000,0
1851,Claudio Giraldez,2026-06-30T00:00:00+02:00,5000000,0
1851,Claudio Giraldez,2026-07-01T00:00:00+02:00,5000000,0
1851,Claudio Giraldez,2026-07-02T00:00:00+02:00,5000000,0
1851,Claudio Giraldez,2026-07-03T00:00:00+02:00,5002374,0
1851,Claudio Giraldez,2026-07-04T00:00:00+02:00,5008179,0
1851,Claudio Giraldez,2026-07-05T00:00:00+02:00,5013126,0
1851,Claudio Giraldez,2026-07-22T00:00:00+02:00,5479119,0
1851,Claudio Giraldez,2026-07-23T00:00:00+02:00,5274801,99
1851,Claudio Giraldez,2026-07-24T00:00:00+02:00,5077706,189
1851,Claudio Giraldez,2026-07-25T00:00:00+02:00,4892622,185
1851,Claudio Giraldez,2026-07-26T00:00:00+02:00,4718442,116
1851,Claudio Giraldez,2026-07-27T00:00:00+02:00,4551849,52
1851,Claudio Giraldez,2026-07-28T00:00:00+02:00,4385673,149
1851,Claudio Giraldez,2026-07-29T00:00:00+02:00,4224587,98
1851,Claudio Giraldez,2026-07-30T00:00:00+02:00,4081554,147
1851,Claudio Giraldez,2026-07-31T00:00:00+02:00,3938147,202
1851,Claudio Giraldez,2026-08-01T00:00:00+02:00,3803841,366
1851,Claudio Giraldez,2026-08-02T00:00:00+02:00,3675020,473
1851,Claudio Giraldez,2026-08-03T00:00:00+02:00,3548449,639
1851,Claudio Giraldez,2026-08-04T00:00:00+02:00,3434840,623
1851,Claudio Giraldez,2026-08-05T00:00:00+02:00,3321837,536
1851,Claudio Giraldez,2026-08-06T00:00:00+02:00,3211679,181
1851,Claudio Giraldez,2026-08-07T00:00:00+02:00,3222494,61
1851,Claudio Giraldez,2026-08-08T00:00:00+02:00,3110254,133
1851,Claudio Giraldez,2026-08-09T00:00:00+02:00,3006412,200
1851,Claudio Giraldez,2026-08-10T00:00:00+02:00,2905854,121
1851,Claudio Giraldez,2026-08-11T00:00:00+02:00,2806649,174
1851,Claudio Giraldez,2026-08-12T00:00:00+02:00,2713215,472
1851,Claudio Giraldez,2026-08-13T00:00:00+02:00,2624415,287
1851,Claudio Giraldez,2026-08-14T00:00:00+02:00,2534421,203
1851,Claudio Giraldez,2026-08-15T00:00:00+02:00,2446608,539
1851,Claudio Giraldez,2026-08-16T00:00:00+02:00,2363662,423
1976,Hansi Flick,2026-06-29T00:00:00+02:00,15000000,0
1976,Hansi Flick,2026-06-30T00:00:00+02:00,15000000,0
1976,Hansi Flick,2026-07-01T00:00:00+02:00,15000000,0
1976,Hansi Flick,2026-07-02T00:00:00+02:00,15000000,0
1976,Hansi Flick,2026-07-03T00:00:00+02:00,15007124,0
1976,Hansi Flick,2026-07-04T00:00:00+02:00,15024539,0
1976,Hansi Flick,2026-07-05T00:00:00+02:00,15039382,0
1976,Hansi Flick,2026-07-22T00:00:00+02:00,16437361,0
1976,Hansi Flick,2026-07-23T00:00:00+02:00,18220432,171
1976,Hansi Flick,2026-07-24T00:00:00+02:00,17587409,462
1976,Hansi Flick,2026-07-25T00:00:00+02:00,16983721,832
1976,Hansi Flick,2026-07-26T00:00:00+02:00,16512867,503
1976,Hansi Flick,2026-07-27T00:00:00+02:00,16089787,190
1976,Hansi Flick,2026-07-28T00:00:00+02:00,15650412,394
1976,Hansi Flick,2026-07-29T00:00:00+02:00,15183123,229
1976,Hansi Flick,2026-07-30T00:00:00+02:00,14762833,342
1976,Hansi Flick,2026-07-31T00:00:00+02:00,14332565,365
1976,Hansi Flick,2026-08-01T00:00:00+02:00,13936193,691
1976,Hansi Flick,2026-08-02T00:00:00+02:00,13545746,798
1976,Hansi Flick,2026-08-03T00:00:00+02:00,13188255,1192
1976,Hansi Flick,2026-08-04T00:00:00+02:00,12803803,1517
1976,Hansi Flick,2026-08-05T00:00:00+02:00,12479029,1359
1976,Hansi Flick,2026-08-06T00:00:00+02:00,12154431,460
1976,Hansi Flick,2026-08-07T00:00:00+02:00,12326307,220
1976,Hansi Flick,2026-08-08T00:00:00+02:00,11994339,407
1976,Hansi Flick,2026-08-09T00:00:00+02:00,11713525,453
1976,Hansi Flick,2026-08-10T00:00:00+02:00,11450922,244
1976,Hansi Flick,2026-08-11T00:00:00+02:00,11155049,317
1976,Hansi Flick,2026-08-12T00:00:00+02:00,10868693,674
1976,Hansi Flick,2026-08-13T00:00:00+02:00,10569436,480
1976,Hansi Flick,2026-08-14T00:00:00+02:00,10260629,355
1976,Hansi Flick,2026-08-15T00:00:00+02:00,9965447,1059
1976,Hansi Flick,2026-08-16T00:00:00+02:00,9690803,1139
2527,Simeone,2026-06-29T00:00:00+02:00,10000000,0
2527,Simeone,2026-06-30T00:00:00+02:00,10000000,0
2527,Simeone,2026-07-01T00:00:00+02:00,10000000,0
2527,Simeone,2026-07-02T00:00:00+02:00,10000000,0
2527,Simeone,2026-07-03T00:00:00+02:00,10004749,0
2527,Simeone,2026-07-04T00:00:00+02:00,10016359,0
2527,Simeone,2026-07-05T00:00:00+02:00,10026254,0
2527,Simeone,2026-07-22T00:00:00+02:00,10958240,0
2527,Simeone,2026-07-23T00:00:00+02:00,12146954,0
2527,Simeone,2026-07-24T00:00:00+02:00,11674972,135
2527,Simeone,2026-07-25T00:00:00+02:00,11234848,373
2527,Simeone,2026-07-26T00:00:00+02:00,10834490,464
2527,Simeone,2026-07-27T00:00:00+02:00,10487901,135
2527,Simeone,2026-07-28T00:00:00+02:00,10156317,228
2527,Simeone,2026-07-29T00:00:00+02:00,9825928,127
2527,Simeone,2026-07-30T00:00:00+02:00,9499031,238
2527,Simeone,2026-07-31T00:00:00+02:00,9195700,246
2527,Simeone,2026-08-01T00:00:00+02:00,8895589,469
2527,Simeone,2026-08-02T00:00:00+02:00,8627316,440
2527,Simeone,2026-08-03T00:00:00+02:00,8349419,690
2527,Simeone,2026-08-04T00:00:00+02:00,8076352,1014
2527,Simeone,2026-08-05T00:00:00+02:00,7818467,1141
2527,Simeone,2026-08-06T00:00:00+02:00,7579622,454
2527,Simeone,2026-08-07T00:00:00+02:00,7554580,226
2527,Simeone,2026-08-08T00:00:00+02:00,7331503,335
2527,Simeone,2026-08-09T00:00:00+02:00,7108427,453
2527,Simeone,2026-08-10T00:00:00+02:00,6913032,210
2527,Simeone,2026-08-11T00:00:00+02:00,6696837,262
2527,Simeone,2026-08-12T00:00:00+02:00,6498592,656
2527,Simeone,2026-08-13T00:00:00+02:00,6301542,420
2527,Simeone,2026-08-14T00:00:00+02:00,6100748,366
2527,Simeone,2026-08-15T00:00:00+02:00,5907178,983
2527,Simeone,2026-08-16T00:00:00+02:00,5725103,886
2566,Carlos Corberán,2026-06-29T00:00:00+02:00,900000,0
2566,Carlos Corberán,2026-06-30T00:00:00+02:00,900000,0
2566,Carlos Corberán,2026-07-01T00:00:00+02:00,900000,0
2566,Carlos Corberán,2026-07-02T00:00:00+02:00,900000,0
2566,Carlos Corberán,2026-07-03T00:00:00+02:00,900427,0
2566,Carlos Corberán,2026-07-04T00:00:00+02:00,901471,0
2566,Carlos Corberán,2026-07-05T00:00:00+02:00,902361,0
2566,Carlos Corberán,2026-07-22T00:00:00+02:00,986239,0
2566,Carlos Corberán,2026-07-23T00:00:00+02:00,1093223,0
2566,Carlos Corberán,2026-07-24T00:00:00+02:00,1201420,21
2566,Carlos Corberán,2026-07-25T00:00:00+02:00,1168914,132
2566,Carlos Corberán,2026-07-26T00:00:00+02:00,1138328,289
2566,Carlos Corberán,2026-07-27T00:00:00+02:00,1108574,110
2566,Carlos Corberán,2026-07-28T00:00:00+02:00,1080129,151
2566,Carlos Corberán,2026-07-29T00:00:00+02:00,1050618,55
2566,Carlos Corberán,2026-07-30T00:00:00+02:00,1023009,102
2566,Carlos Corberán,2026-07-31T00:00:00+02:00,996053,134
2566,Carlos Corberán,2026-08-01T00:00:00+02:00,970280,273
2566,Carlos Corberán,2026-08-02T00:00:00+02:00,946452,243
2566,Carlos Corberán,2026-08-03T00:00:00+02:00,923003,280
2566,Carlos Corberán,2026-08-04T00:00:00+02:00,899826,454
2566,Carlos Corberán,2026-08-05T00:00:00+02:00,877647,654
2566,Carlos Corberán,2026-08-06T00:00:00+02:00,855860,309
2566,Carlos Corberán,2026-08-07T00:00:00+02:00,835273,126
2566,Carlos Corberán,2026-08-08T00:00:00+02:00,815762,199
2566,Carlos Corberán,2026-08-09T00:00:00+02:00,798048,227
2566,Carlos Corberán,2026-08-10T00:00:00+02:00,781262,114
2566,Carlos Corberán,2026-08-11T00:00:00+02:00,764057,177
2566,Carlos Corberán,2026-08-12T00:00:00+02:00,747146,372
2566,Carlos Corberán,2026-08-13T00:00:00+02:00,729800,257
2566,Carlos Corberán,2026-08-14T00:00:00+02:00,712424,187
2566,Carlos Corberán,2026-08-15T00:00:00+02:00,696898,538
2566,Carlos Corberán,2026-08-16T00:00:00+02:00,683941,379
2580,Manuel Pellegrini,2026-06-29T00:00:00+02:00,7000000,0
2580,Manuel Pellegrini,2026-06-30T00:00:00+02:00,7000000,0
2580,Manuel Pellegrini,2026-07-01T00:00:00+02:00,7000000,0
2580,Manuel Pellegrini,2026-07-02T00:00:00+02:00,7000000,0
2580,Manuel Pellegrini,2026-07-03T00:00:00+02:00,7003324,0
2580,Manuel Pellegrini,2026-07-04T00:00:00+02:00,7011451,0
2580,Manuel Pellegrini,2026-07-05T00:00:00+02:00,7018377,0
2580,Manuel Pellegrini,2026-07-22T00:00:00+02:00,7670767,0
2580,Manuel Pellegrini,2026-07-23T00:00:00+02:00,8502866,0
2580,Manuel Pellegrini,2026-07-24T00:00:00+02:00,9344404,0
2580,Manuel Pellegrini,2026-07-25T00:00:00+02:00,8986178,70
2580,Manuel Pellegrini,2026-07-26T00:00:00+02:00,8644030,305
2580,Manuel Pellegrini,2026-07-27T00:00:00+02:00,8331496,172
2580,Manuel Pellegrini,2026-07-28T00:00:00+02:00,8042561,308
2580,Manuel Pellegrini,2026-07-29T00:00:00+02:00,7775396,75
2580,Manuel Pellegrini,2026-07-30T00:00:00+02:00,7513258,141
2580,Manuel Pellegrini,2026-07-31T00:00:00+02:00,7254284,163
2580,Manuel Pellegrini,2026-08-01T00:00:00+02:00,7002269,381
2580,Manuel Pellegrini,2026-08-02T00:00:00+02:00,6774227,325
2580,Manuel Pellegrini,2026-08-03T00:00:00+02:00,6558333,337
2580,Manuel Pellegrini,2026-08-04T00:00:00+02:00,6334546,533
2580,Manuel Pellegrini,2026-08-05T00:00:00+02:00,6118658,882
2580,Manuel Pellegrini,2026-08-06T00:00:00+02:00,5911664,460
2580,Manuel Pellegrini,2026-08-07T00:00:00+02:00,5792143,348
2580,Manuel Pellegrini,2026-08-08T00:00:00+02:00,5607309,417
2580,Manuel Pellegrini,2026-08-09T00:00:00+02:00,5428550,494
2580,Manuel Pellegrini,2026-08-10T00:00:00+02:00,5256417,304
2580,Manuel Pellegrini,2026-08-11T00:00:00+02:00,5100112,313
2580,Manuel Pellegrini,2026-08-12T00:00:00+02:00,4938015,665
2580,Manuel Pellegrini,2026-08-13T00:00:00+02:00,4777393,513
2580,Manuel Pellegrini,2026-08-14T00:00:00+02:00,4622068,340
2580,Manuel Pellegrini,2026-08-15T00:00:00+02:00,4468072,850
2580,Manuel Pellegrini,2026-08-16T00:00:00+02:00,4321145,707
2637,Alessio Lisci,2026-06-29T00:00:00+02:00,1800000,0
2637,Alessio Lisci,2026-06-30T00:00:00+02:00,1800000,0
2637,Alessio Lisci,2026-07-01T00:00:00+02:00,1800000,0
2637,Alessio Lisci,2026-07-02T00:00:00+02:00,1800000,0
2637,Alessio Lisci,2026-07-03T00:00:00+02:00,1800854,0
2637,Alessio Lisci,2026-07-04T00:00:00+02:00,1802943,0
2637,Alessio Lisci,2026-07-05T00:00:00+02:00,1804724,0
2638,Manolo González,2026-06-29T00:00:00+02:00,1500000,0
2638,Manolo González,2026-06-30T00:00:00+02:00,1500000,0
2638,Manolo González,2026-07-01T00:00:00+02:00,1500000,0
2638,Manolo González,2026-07-02T00:00:00+02:00,1500000,0
2638,Manolo González,2026-07-03T00:00:00+02:00,1500712,0
2638,Manolo González,2026-07-04T00:00:00+02:00,1502453,0
2638,Manolo González,2026-07-05T00:00:00+02:00,1503937,0
2638,Manolo González,2026-07-22T00:00:00+02:00,1643734,0
2638,Manolo González,2026-07-23T00:00:00+02:00,1822040,0
2638,Manolo González,2026-07-24T00:00:00+02:00,2002369,0
2638,Manolo González,2026-07-25T00:00:00+02:00,2233663,5
2638,Manolo González,2026-07-26T00:00:00+02:00,2160488,108
2638,Manolo González,2026-07-27T00:00:00+02:00,2089848,119
2638,Manolo González,2026-07-28T00:00:00+02:00,2022152,276
2638,Manolo González,2026-07-29T00:00:00+02:00,1954960,53
2638,Manolo González,2026-07-30T00:00:00+02:00,1891178,110
2638,Manolo González,2026-07-31T00:00:00+02:00,1829496,89
2638,Manolo González,2026-08-01T00:00:00+02:00,1770385,275
2638,Manolo González,2026-08-02T00:00:00+02:00,1714553,243
2638,Manolo González,2026-08-03T00:00:00+02:00,1660380,231
2638,Manolo González,2026-08-04T00:00:00+02:00,1607708,297
2638,Manolo González,2026-08-05T00:00:00+02:00,1557214,433
2638,Manolo González,2026-08-06T00:00:00+02:00,1508244,345
2638,Manolo González,2026-08-07T00:00:00+02:00,1462339,246
2638,Manolo González,2026-08-08T00:00:00+02:00,1417745,346
2638,Manolo González,2026-08-09T00:00:00+02:00,1375952,420
2638,Manolo González,2026-08-10T00:00:00+02:00,1336050,215
2638,Manolo González,2026-08-11T00:00:00+02:00,1296653,315
2638,Manolo González,2026-08-12T00:00:00+02:00,1258438,614
2638,Manolo González,2026-08-13T00:00:00+02:00,1220640,414
2638,Manolo González,2026-08-14T00:00:00+02:00,1183630,296
2638,Manolo González,2026-08-15T00:00:00+02:00,1149256,620
2638,Manolo González,2026-08-16T00:00:00+02:00,1118204,415
2869,Matarazzo,2026-06-29T00:00:00+02:00,5000000,0
2869,Matarazzo,2026-06-30T00:00:00+02:00,5000000,0
2869,Matarazzo,2026-07-01T00:00:00+02:00,5000000,0
2869,Matarazzo,2026-07-02T00:00:00+02:00,5000000,0
2869,Matarazzo,2026-07-03T00:00:00+02:00,5002374,0
2869,Matarazzo,2026-07-04T00:00:00+02:00,5008179,0
2869,Matarazzo,2026-07-05T00:00:00+02:00,5013126,0
2869,Matarazzo,2026-07-22T00:00:00+02:00,5479119,0
2869,Matarazzo,2026-07-23T00:00:00+02:00,6073476,0
2869,Matarazzo,2026-07-24T00:00:00+02:00,6674574,0
2869,Matarazzo,2026-07-25T00:00:00+02:00,7445557,0
2869,Matarazzo,2026-07-26T00:00:00+02:00,8351794,31
2869,Matarazzo,2026-07-27T00:00:00+02:00,8033501,73
2869,Matarazzo,2026-07-28T00:00:00+02:00,7728059,199
2869,Matarazzo,2026-07-29T00:00:00+02:00,7435975,60
2869,Matarazzo,2026-07-30T00:00:00+02:00,7166501,86
2869,Matarazzo,2026-07-31T00:00:00+02:00,6909116,76
2869,Matarazzo,2026-08-01T00:00:00+02:00,6653859,177
2869,Matarazzo,2026-08-02T00:00:00+02:00,6414360,163
2869,Matarazzo,2026-08-03T00:00:00+02:00,6180542,174
2869,Matarazzo,2026-08-04T00:00:00+02:00,5959249,202
2869,Matarazzo,2026-08-05T00:00:00+02:00,5740489,261
2869,Matarazzo,2026-08-06T00:00:00+02:00,5526291,213
2869,Matarazzo,2026-08-07T00:00:00+02:00,5332947,292
2869,Matarazzo,2026-08-08T00:00:00+02:00,5143415,368
2869,Matarazzo,2026-08-09T00:00:00+02:00,4962620,382
2869,Matarazzo,2026-08-10T00:00:00+02:00,4786960,247
2869,Matarazzo,2026-08-11T00:00:00+02:00,4619761,292
2869,Matarazzo,2026-08-12T00:00:00+02:00,4460547,515
2869,Matarazzo,2026-08-13T00:00:00+02:00,4301152,426
2869,Matarazzo,2026-08-14T00:00:00+02:00,4147998,244
2869,Matarazzo,2026-08-15T00:00:00+02:00,3997238,716
2869,Matarazzo,2026-08-16T00:00:00+02:00,3857007,540
2877,Luís Castro,2026-06-29T00:00:00+02:00,1500000,0
2877,Luís Castro,2026-06-30T00:00:00+02:00,1500000,0
2877,Luís Castro,2026-07-01T00:00:00+02:00,1500000,0
2877,Luís Castro,2026-07-02T00:00:00+02:00,1500000,0
2877,Luís Castro,2026-07-03T00:00:00+02:00,1500712,0
2877,Luís Castro,2026-07-04T00:00:00+02:00,1502453,0
2877,Luís Castro,2026-07-05T00:00:00+02:00,1503937,0
2877,Luís Castro,2026-07-22T00:00:00+02:00,1643734,0
2877,Luís Castro,2026-07-23T00:00:00+02:00,1822040,0
2877,Luís Castro,2026-07-24T00:00:00+02:00,2002369,0
2877,Luís Castro,2026-07-25T00:00:00+02:00,2233663,0
2877,Luís Castro,2026-07-26T00:00:00+02:00,2505533,0
2877,Luís Castro,2026-07-27T00:00:00+02:00,2421091,23
2877,Luís Castro,2026-07-28T00:00:00+02:00,2340146,64
2877,Luís Castro,2026-07-29T00:00:00+02:00,2260234,31
2877,Luís Castro,2026-07-30T00:00:00+02:00,2184241,30
2877,Luís Castro,2026-07-31T00:00:00+02:00,2110836,30
2877,Luís Castro,2026-08-01T00:00:00+02:00,2040472,45
2877,Luís Castro,2026-08-02T00:00:00+02:00,1973836,56
2877,Luís Castro,2026-08-03T00:00:00+02:00,1909291,70
2877,Luís Castro,2026-08-04T00:00:00+02:00,1846662,100
2877,Luís Castro,2026-08-05T00:00:00+02:00,1786610,99
2877,Luís Castro,2026-08-06T00:00:00+02:00,1728465,109
2877,Luís Castro,2026-08-07T00:00:00+02:00,1672743,136
2877,Luís Castro,2026-08-08T00:00:00+02:00,1619733,225
2877,Luís Castro,2026-08-09T00:00:00+02:00,1569860,213
2877,Luís Castro,2026-08-10T00:00:00+02:00,1522201,111
2877,Luís Castro,2026-08-11T00:00:00+02:00,1475358,137
2877,Luís Castro,2026-08-12T00:00:00+02:00,1429995,287
2877,Luís Castro,2026-08-13T00:00:00+02:00,1385335,246
2877,Luís Castro,2026-08-14T00:00:00+02:00,1341738,188
2877,Luís Castro,2026-08-15T00:00:00+02:00,1301040,413
2877,Luís Castro,2026-08-16T00:00:00+02:00,1263917,133
2951,Sánchez Flores,2026-06-29T00:00:00+02:00,800000,0
2951,Sánchez Flores,2026-06-30T00:00:00+02:00,800000,0
2951,Sánchez Flores,2026-07-01T00:00:00+02:00,800000,0
2951,Sánchez Flores,2026-07-02T00:00:00+02:00,800000,0
2951,Sánchez Flores,2026-07-03T00:00:00+02:00,800380,0
2951,Sánchez Flores,2026-07-04T00:00:00+02:00,801308,0
2951,Sánchez Flores,2026-07-05T00:00:00+02:00,802099,0
2951,Sánchez Flores,2026-07-22T00:00:00+02:00,876657,0
2951,Sánchez Flores,2026-07-23T00:00:00+02:00,971753,0
2951,Sánchez Flores,2026-07-24T00:00:00+02:00,1067928,0
2951,Sánchez Flores,2026-07-25T00:00:00+02:00,1191284,0
2951,Sánchez Flores,2026-07-26T00:00:00+02:00,1336281,0
2951,Sánchez Flores,2026-07-27T00:00:00+02:00,1493688,14
2951,Sánchez Flores,2026-07-28T00:00:00+02:00,1449839,80
2951,Sánchez Flores,2026-07-29T00:00:00+02:00,1405539,85
2951,Sánchez Flores,2026-07-30T00:00:00+02:00,1363734,109
2951,Sánchez Flores,2026-07-31T00:00:00+02:00,1323149,74
2951,Sánchez Flores,2026-08-01T00:00:00+02:00,1284292,108
2951,Sánchez Flores,2026-08-02T00:00:00+02:00,1247903,112
2951,Sánchez Flores,2026-08-03T00:00:00+02:00,1212396,139
2951,Sánchez Flores,2026-08-04T00:00:00+02:00,1177643,162
2951,Sánchez Flores,2026-08-05T00:00:00+02:00,1144351,174
2951,Sánchez Flores,2026-08-06T00:00:00+02:00,1111896,169
2951,Sánchez Flores,2026-08-07T00:00:00+02:00,1080837,316
2951,Sánchez Flores,2026-08-08T00:00:00+02:00,1051503,393
2951,Sánchez Flores,2026-08-09T00:00:00+02:00,1024359,442
2951,Sánchez Flores,2026-08-10T00:00:00+02:00,998520,249
2951,Sánchez Flores,2026-08-11T00:00:00+02:00,972624,284
2951,Sánchez Flores,2026-08-12T00:00:00+02:00,947370,565
2951,Sánchez Flores,2026-08-13T00:00:00+02:00,922015,435
2951,Sánchez Flores,2026-08-14T00:00:00+02:00,896950,254
2951,Sánchez Flores,2026-08-15T00:00:00+02:00,874043,593
2951,Sánchez Flores,2026-08-16T00:00:00+02:00,854000,542
2959,Luis García,2026-06-29T00:00:00+02:00,800000,0
2959,Luis García,2026-06-30T00:00:00+02:00,800000,0
2959,Luis García,2026-07-01T00:00:00+02:00,800000,0
2959,Luis García,2026-07-02T00:00:00+02:00,800000,0
2959,Luis García,2026-07-03T00:00:00+02:00,800380,0
2959,Luis García,2026-07-04T00:00:00+02:00,801308,0
2959,Luis García,2026-07-05T00:00:00+02:00,802099,0
2959,Luis García,2026-07-22T00:00:00+02:00,876657,0
2959,Luis García,2026-07-23T00:00:00+02:00,971753,0
2959,Luis García,2026-07-24T00:00:00+02:00,1067928,0
2959,Luis García,2026-07-25T00:00:00+02:00,1191284,0
2959,Luis García,2026-07-26T00:00:00+02:00,1336281,0
2959,Luis García,2026-07-27T00:00:00+02:00,1493688,1
2959,Luis García,2026-07-28T00:00:00+02:00,1449839,24
2959,Luis García,2026-07-29T00:00:00+02:00,1405539,58
2959,Luis García,2026-07-30T00:00:00+02:00,1363734,107
2959,Luis García,2026-07-31T00:00:00+02:00,1323149,93
2959,Luis García,2026-08-01T00:00:00+02:00,1284292,155
2959,Luis García,2026-08-02T00:00:00+02:00,1247903,89
2959,Luis García,2026-08-03T00:00:00+02:00,1212396,106
2959,Luis García,2026-08-04T00:00:00+02:00,1177643,153
2959,Luis García,2026-08-05T00:00:00+02:00,1144351,177
2959,Luis García,2026-08-06T00:00:00+02:00,1111896,167
2959,Luis García,2026-08-07T00:00:00+02:00,1080837,309
2959,Luis García,2026-08-08T00:00:00+02:00,1051503,405
2959,Luis García,2026-08-09T00:00:00+02:00,1024359,528
2959,Luis García,2026-08-10T00:00:00+02:00,998520,283
2959,Luis García,2026-08-11T00:00:00+02:00,972624,308
2959,Luis García,2026-08-12T00:00:00+02:00,947370,606
2959,Luis García,2026-08-13T00:00:00+02:00,922015,437
2959,Luis García,2026-08-14T00:00:00+02:00,896950,309
2959,Luis García,2026-08-15T00:00:00+02:00,874043,540
2959,Luis García,2026-08-16T00:00:00+02:00,854000,530
2986,Antonio Hidalgo,2026-06-29T00:00:00+02:00,1500000,0
2986,Antonio Hidalgo,2026-06-30T00:00:00+02:00,1500000,0
2986,Antonio Hidalgo,2026-07-01T00:00:00+02:00,1500000,0
2986,Antonio Hidalgo,2026-07-02T00:00:00+02:00,1500000,0
2986,Antonio Hidalgo,2026-07-03T00:00:00+02:00,1500712,0
2986,Antonio Hidalgo,2026-07-04T00:00:00+02:00,1502453,0
2986,Antonio Hidalgo,2026-07-05T00:00:00+02:00,1503937,0
2986,Antonio Hidalgo,2026-07-22T00:00:00+02:00,1643734,0
2986,Antonio Hidalgo,2026-07-23T00:00:00+02:00,1822040,0
2986,Antonio Hidalgo,2026-07-24T00:00:00+02:00,2002369,0
2986,Antonio Hidalgo,2026-07-25T00:00:00+02:00,2233663,0
2986,Antonio Hidalgo,2026-07-26T00:00:00+02:00,2505533,0
2986,Antonio Hidalgo,2026-07-27T00:00:00+02:00,2800672,0
2986,Antonio Hidalgo,2026-07-28T00:00:00+02:00,3133919,6
2986,Antonio Hidalgo,2026-07-29T00:00:00+02:00,3022256,23
2986,Antonio Hidalgo,2026-07-30T00:00:00+02:00,2915782,80
2986,Antonio Hidalgo,2026-07-31T00:00:00+02:00,2813115,95
2986,Antonio Hidalgo,2026-08-01T00:00:00+02:00,2714660,184
2986,Antonio Hidalgo,2026-08-02T00:00:00+02:00,2621057,97
2986,Antonio Hidalgo,2026-08-03T00:00:00+02:00,2530623,70
2986,Antonio Hidalgo,2026-08-04T00:00:00+02:00,2443141,105
2986,Antonio Hidalgo,2026-08-05T00:00:00+02:00,2359230,136
2986,Antonio Hidalgo,2026-08-06T00:00:00+02:00,2278180,157
2986,Antonio Hidalgo,2026-08-07T00:00:00+02:00,2200470,308
2986,Antonio Hidalgo,2026-08-08T00:00:00+02:00,2126351,452
2986,Antonio Hidalgo,2026-08-09T00:00:00+02:00,2056213,470
2986,Antonio Hidalgo,2026-08-10T00:00:00+02:00,1989100,228
2986,Antonio Hidalgo,2026-08-11T00:00:00+02:00,1923581,291
2986,Antonio Hidalgo,2026-08-12T00:00:00+02:00,1860289,636
2986,Antonio Hidalgo,2026-08-13T00:00:00+02:00,1798417,442
2986,Antonio Hidalgo,2026-08-14T00:00:00+02:00,1738296,288
2986,Antonio Hidalgo,2026-08-15T00:00:00+02:00,1681735,538
2986,Antonio Hidalgo,2026-08-16T00:00:00+02:00,1629384,264
3004,José Alberto,2026-06-29T00:00:00+02:00,800000,0
3004,José Alberto,2026-06-30T00:00:00+02:00,800000,0
3004,José Alberto,2026-07-01T00:00:00+02:00,800000,0
3004,José Alberto,2026-07-02T00:00:00+02:00,800000,0
3004,José Alberto,2026-07-03T00:00:00+02:00,800380,0
3004,José Alberto,2026-07-04T00:00:00+02:00,801308,0
3004,José Alberto,2026-07-05T00:00:00+02:00,802099,0
3004,José Alberto,2026-07-22T00:00:00+02:00,876657,0
3004,José Alberto,2026-07-23T00:00:00+02:00,971753,0
3004,José Alberto,2026-07-24T00:00:00+02:00,1067928,0
3004,José Alberto,2026-07-25T00:00:00+02:00,1191284,0
3004,José Alberto,2026-07-26T00:00:00+02:00,1336281,0
3004,José Alberto,2026-07-27T00:00:00+02:00,1493688,0
3004,José Alberto,2026-07-28T00:00:00+02:00,1671419,1
3004,José Alberto,2026-07-29T00:00:00+02:00,1618256,10
3004,José Alberto,2026-07-30T00:00:00+02:00,1567942,24
3004,José Alberto,2026-07-31T00:00:00+02:00,1519189,53
3004,José Alberto,2026-08-01T00:00:00+02:00,1472491,96
3004,José Alberto,2026-08-02T00:00:00+02:00,1428574,49
3004,José Alberto,2026-08-03T00:00:00+02:00,1385840,46
3004,José Alberto,2026-08-04T00:00:00+02:00,1344149,43
3004,José Alberto,2026-08-05T00:00:00+02:00,1304197,62
3004,José Alberto,2026-08-06T00:00:00+02:00,1265348,95
3004,José Alberto,2026-08-07T00:00:00+02:00,1228151,211
3004,José Alberto,2026-08-08T00:00:00+02:00,1192925,265
3004,José Alberto,2026-08-09T00:00:00+02:00,1160124,274
3004,José Alberto,2026-08-10T00:00:00+02:00,1128855,166
3004,José Alberto,2026-08-11T00:00:00+02:00,1097746,189
3004,José Alberto,2026-08-12T00:00:00+02:00,1067487,348
3004,José Alberto,2026-08-13T00:00:00+02:00,1037327,270
3004,José Alberto,2026-08-14T00:00:00+02:00,1007650,197
3004,José Alberto,2026-08-15T00:00:00+02:00,980315,382
3004,José Alberto,2026-08-16T00:00:00+02:00,956021,324
3053,Funes,2026-06-29T00:00:00+02:00,1000000,0
3053,Funes,2026-06-30T00:00:00+02:00,1000000,0
3053,Funes,2026-07-01T00:00:00+02:00,1000000,0
3053,Funes,2026-07-02T00:00:00+02:00,1000000,0
3053,Funes,2026-07-03T00:00:00+02:00,1000475,0
3053,Funes,2026-07-04T00:00:00+02:00,1001636,0
3053,Funes,2026-07-05T00:00:00+02:00,1002625,0
3053,Funes,2026-07-22T00:00:00+02:00,1095823,0
3053,Funes,2026-07-23T00:00:00+02:00,1214694,0
3053,Funes,2026-07-24T00:00:00+02:00,1334913,0
3053,Funes,2026-07-25T00:00:00+02:00,1489109,0
3053,Funes,2026-07-26T00:00:00+02:00,1670356,0
3053,Funes,2026-07-27T00:00:00+02:00,1867115,0
3053,Funes,2026-07-28T00:00:00+02:00,2089280,0
3053,Funes,2026-07-29T00:00:00+02:00,2291822,3
3053,Funes,2026-07-30T00:00:00+02:00,2214565,17
3053,Funes,2026-07-31T00:00:00+02:00,2139947,49
3053,Funes,2026-08-01T00:00:00+02:00,2068418,127
3053,Funes,2026-08-02T00:00:00+02:00,2000664,71
3053,Funes,2026-08-03T00:00:00+02:00,1935046,54
3053,Funes,2026-08-04T00:00:00+02:00,1871387,77
3053,Funes,2026-08-05T00:00:00+02:00,1810346,69
3053,Funes,2026-08-06T00:00:00+02:00,1751251,154
3053,Funes,2026-08-07T00:00:00+02:00,1694618,236
3053,Funes,2026-08-08T00:00:00+02:00,1640733,326
3053,Funes,2026-08-09T00:00:00+02:00,1590020,348
3053,Funes,2026-08-10T00:00:00+02:00,1541555,154
3053,Funes,2026-08-11T00:00:00+02:00,1493938,180
3053,Funes,2026-08-12T00:00:00+02:00,1447831,310
3053,Funes,2026-08-13T00:00:00+02:00,1402457,221
3053,Funes,2026-08-14T00:00:00+02:00,1358175,167
3053,Funes,2026-08-15T00:00:00+02:00,1316819,374
3053,Funes,2026-08-16T00:00:00+02:00,1279065,193
3093,Mourinho,2026-07-22T00:00:00+02:00,12143940,0
3093,Mourinho,2026-07-23T00:00:00+02:00,13461275,0
3093,Mourinho,2026-07-24T00:00:00+02:00,14793552,0
3093,Mourinho,2026-07-25T00:00:00+02:00,16502362,0
3093,Mourinho,2026-07-26T00:00:00+02:00,18510951,0
3093,Mourinho,2026-07-27T00:00:00+02:00,20691451,0
3093,Mourinho,2026-07-28T00:00:00+02:00,23153494,0
3093,Mourinho,2026-07-29T00:00:00+02:00,25398079,2
3093,Mourinho,2026-07-30T00:00:00+02:00,24748309,26
3093,Mourinho,2026-07-31T00:00:00+02:00,23818282,88
3093,Mourinho,2026-08-01T00:00:00+02:00,22920569,269
3093,Mourinho,2026-08-02T00:00:00+02:00,22082302,253
3093,Mourinho,2026-08-03T00:00:00+02:00,21301952,186
3093,Mourinho,2026-08-04T00:00:00+02:00,20551845,164
3093,Mourinho,2026-08-05T00:00:00+02:00,19827181,200
3093,Mourinho,2026-08-06T00:00:00+02:00,19126110,386
3093,Mourinho,2026-08-07T00:00:00+02:00,18445298,688
3093,Mourinho,2026-08-08T00:00:00+02:00,17819270,910
3093,Mourinho,2026-08-09T00:00:00+02:00,17230161,1039
3093,Mourinho,2026-08-10T00:00:00+02:00,16680918,583
3093,Mourinho,2026-08-11T00:00:00+02:00,16152733,532
3093,Mourinho,2026-08-12T00:00:00+02:00,15641154,844
3093,Mourinho,2026-08-13T00:00:00+02:00,15121626,624
3093,Mourinho,2026-08-14T00:00:00+02:00,14620384,389
3093,Mourinho,2026-08-15T00:00:00+02:00,14124668,991
3093,Mourinho,2026-08-16T00:00:00+02:00,13670173,973
3094,Edin Terzic,2026-07-22T00:00:00+02:00,6557727,0
3094,Edin Terzic,2026-07-23T00:00:00+02:00,7269087,0
3094,Edin Terzic,2026-07-24T00:00:00+02:00,7988516,0
3094,Edin Terzic,2026-07-25T00:00:00+02:00,8911273,0
3094,Edin Terzic,2026-07-26T00:00:00+02:00,9995910,0
3094,Edin Terzic,2026-07-27T00:00:00+02:00,11173379,0
3094,Edin Terzic,2026-07-28T00:00:00+02:00,12502881,0
3094,Edin Terzic,2026-07-29T00:00:00+02:00,13714956,0
3094,Edin Terzic,2026-07-30T00:00:00+02:00,15143588,2
3094,Edin Terzic,2026-07-31T00:00:00+02:00,14551809,7
3094,Edin Terzic,2026-08-01T00:00:00+02:00,13983806,28
3094,Edin Terzic,2026-08-02T00:00:00+02:00,13439437,54
3094,Edin Terzic,2026-08-03T00:00:00+02:00,12916268,48
3094,Edin Terzic,2026-08-04T00:00:00+02:00,12413360,48
3094,Edin Terzic,2026-08-05T00:00:00+02:00,11932716,36
3094,Edin Terzic,2026-08-06T00:00:00+02:00,11468726,101
3094,Edin Terzic,2026-08-07T00:00:00+02:00,11023394,174
3094,Edin Terzic,2026-08-08T00:00:00+02:00,10596358,214
3094,Edin Terzic,2026-08-09T00:00:00+02:00,10187740,264
3094,Edin Terzic,2026-08-10T00:00:00+02:00,9798180,149
3094,Edin Terzic,2026-08-11T00:00:00+02:00,9425099,127
3094,Edin Terzic,2026-08-12T00:00:00+02:00,9064871,230
3094,Edin Terzic,2026-08-13T00:00:00+02:00,8715725,212
3094,Edin Terzic,2026-08-14T00:00:00+02:00,8383365,144
3094,Edin Terzic,2026-08-15T00:00:00+02:00,8062530,364
3094,Edin Terzic,2026-08-16T00:00:00+02:00,7757987,241
3095,Ramis,2026-07-22T00:00:00+02:00,1092954,0
3095,Ramis,2026-07-23T00:00:00+02:00,1211514,0
3095,Ramis,2026-07-24T00:00:00+02:00,1331418,0
3095,Ramis,2026-07-25T00:00:00+02:00,1485210,0
3095,Ramis,2026-07-26T00:00:00+02:00,1665982,0
3095,Ramis,2026-07-27T00:00:00+02:00,1862226,0
3095,Ramis,2026-07-28T00:00:00+02:00,2083809,0
3095,Ramis,2026-07-29T00:00:00+02:00,2285821,0
3095,Ramis,2026-07-30T00:00:00+02:00,2523925,0
3095,Ramis,2026-07-31T00:00:00+02:00,2436933,6
3095,Ramis,2026-08-01T00:00:00+02:00,2353525,39
3095,Ramis,2026-08-02T00:00:00+02:00,2274367,101
3095,Ramis,2026-08-03T00:00:00+02:00,2197801,138
3095,Ramis,2026-08-04T00:00:00+02:00,2123632,145
3095,Ramis,2026-08-05T00:00:00+02:00,2052501,108
3095,Ramis,2026-08-06T00:00:00+02:00,1983720,179
3095,Ramis,2026-08-07T00:00:00+02:00,1917788,424
3095,Ramis,2026-08-08T00:00:00+02:00,1854976,492
3095,Ramis,2026-08-09T00:00:00+02:00,1795693,519
3095,Ramis,2026-08-10T00:00:00+02:00,1739001,231
3095,Ramis,2026-08-11T00:00:00+02:00,1683486,235
3095,Ramis,2026-08-12T00:00:00+02:00,1629798,500
3095,Ramis,2026-08-13T00:00:00+02:00,1577146,320
3095,Ramis,2026-08-14T00:00:00+02:00,1525876,242
3095,Ramis,2026-08-15T00:00:00+02:00,1477812,546
3095,Ramis,2026-08-16T00:00:00+02:00,1433618,361
3096,Martín Anselmi,2026-07-22T00:00:00+02:00,1092954,0
3096,Martín Anselmi,2026-07-23T00:00:00+02:00,1211514,0
3096,Martín Anselmi,2026-07-24T00:00:00+02:00,1331418,0
3096,Martín Anselmi,2026-07-25T00:00:00+02:00,1485210,0
3096,Martín Anselmi,2026-07-26T00:00:00+02:00,1665982,0
3096,Martín Anselmi,2026-07-27T00:00:00+02:00,1862226,0
3096,Martín Anselmi,2026-07-28T00:00:00+02:00,2083809,0
3096,Martín Anselmi,2026-07-29T00:00:00+02:00,2285821,0
3096,Martín Anselmi,2026-07-30T00:00:00+02:00,2523925,0
3096,Martín Anselmi,2026-07-31T00:00:00+02:00,2775436,0
3096,Martín Anselmi,2026-08-01T00:00:00+02:00,2678488,6
3096,Martín Anselmi,2026-08-02T00:00:00+02:00,2586331,19
3096,Martín Anselmi,2026-08-03T00:00:00+02:00,2497286,40
3096,Martín Anselmi,2026-08-04T00:00:00+02:00,2411137,39
3096,Martín Anselmi,2026-08-05T00:00:00+02:00,2328506,40
3096,Martín Anselmi,2026-08-06T00:00:00+02:00,2248685,88
3096,Martín Anselmi,2026-08-07T00:00:00+02:00,2172155,190
3096,Martín Anselmi,2026-08-08T00:00:00+02:00,2099168,235
3096,Martín Anselmi,2026-08-09T00:00:00+02:00,2030118,224
3096,Martín Anselmi,2026-08-10T00:00:00+02:00,1964049,133
3096,Martín Anselmi,2026-08-11T00:00:00+02:00,1899532,146
3096,Martín Anselmi,2026-08-12T00:00:00+02:00,1837202,279
3096,Martín Anselmi,2026-08-13T00:00:00+02:00,1776254,234
3096,Martín Anselmi,2026-08-14T00:00:00+02:00,1717020,186
3096,Martín Anselmi,2026-08-15T00:00:00+02:00,1661311,327
3096,Martín Anselmi,2026-08-16T00:00:00+02:00,1609777,120
3097,Beñat,2026-07-22T00:00:00+02:00,1092954,0
3097,Beñat,2026-07-23T00:00:00+02:00,1211514,0
3097,Beñat,2026-07-24T00:00:00+02:00,1331418,0
3097,Beñat,2026-07-25T00:00:00+02:00,1485210,0
3097,Beñat,2026-07-26T00:00:00+02:00,1665982,0
3097,Beñat,2026-07-27T00:00:00+02:00,1862226,0
3097,Beñat,2026-07-28T00:00:00+02:00,2083809,0
3097,Beñat,2026-07-29T00:00:00+02:00,2285821,0
3097,Beñat,2026-07-30T00:00:00+02:00,2523925,0
3097,Beñat,2026-07-31T00:00:00+02:00,2775436,0
3097,Beñat,2026-08-01T00:00:00+02:00,2678488,1
3097,Beñat,2026-08-02T00:00:00+02:00,2586331,14
3097,Beñat,2026-08-03T00:00:00+02:00,2497286,30
3097,Beñat,2026-08-04T00:00:00+02:00,2411137,47
3097,Beñat,2026-08-05T00:00:00+02:00,2328506,37
3097,Beñat,2026-08-06T00:00:00+02:00,2248685,188
3097,Beñat,2026-08-07T00:00:00+02:00,2172155,444
3097,Beñat,2026-08-08T00:00:00+02:00,2099168,430
3097,Beñat,2026-08-09T00:00:00+02:00,2030118,477
3097,Beñat,2026-08-10T00:00:00+02:00,1964049,215
3097,Beñat,2026-08-11T00:00:00+02:00,1899532,256
3097,Beñat,2026-08-12T00:00:00+02:00,1837202,481
3097,Beñat,2026-08-13T00:00:00+02:00,1776254,372
3097,Beñat,2026-08-14T00:00:00+02:00,1717020,242
3097,Beñat,2026-08-15T00:00:00+02:00,1661311,587
3097,Beñat,2026-08-16T00:00:00+02:00,1609777,236
