fecha,player_id,nickname,positionId,precio,var_7d,var_3d,var_1d,score_base,penalizacion_adaptativa,memoria_apariciones,memoria_rent_7d,memoria_acierto_7d,memoria_fallos_consecutivos,memoria_deterioro,score,grupo_score
2026-08-16 00:00:00+02:00,2005,Abel Bretones,2,3864534,27.03499093718751,9.563013417062988,2.4538060544907885,45.039776427087965,0.0,8,29.06708568719158,100.0,0,10.681758738948886,45.039776427087965,40-50
2026-08-16 00:00:00+02:00,1121,Balliu,2,968786,17.5618428157973,9.452998251076696,2.7266210851345387,43.573981492864895,0.0,1,2.7266210851345387,100.0,0,0.0,43.573981492864895,40-50
2026-08-16 00:00:00+02:00,2784,Marc Bernal,3,7147163,34.514044982413076,12.471121609085609,3.5389912400217245,42.6971536677692,0.0,6,36.53143265433484,100.0,0,20.025861085216214,42.6971536677692,40-50
2026-08-16 00:00:00+02:00,2714,Javi Rueda,2,4295574,15.689305703757528,7.106348251332915,1.839287073259723,39.26936537839383,0.0,1,1.839287073259723,100.0,0,0.0,39.26936537839383,30-40
2026-08-16 00:00:00+02:00,2548,Riquelme,3,4089871,19.712919948753058,9.099389477632187,2.3104120763114655,36.1487580679473,0.0,1,2.310412076311465,100.0,0,0.0,36.1487580679473,30-40
2026-08-16 00:00:00+02:00,2520,Roberto,4,7128806,20.188429024179623,7.561513084190412,1.9210692839081567,35.13695412902584,0.0,1,1.921069283908157,100.0,0,0.0,35.13695412902584,30-40
2026-08-16 00:00:00+02:00,2445,Olasagasti,3,4382766,14.120385077266464,5.4837130516529555,1.3005203514435113,34.9133371955224,0.0,1,1.3005203514435113,100.0,0,0.0,34.9133371955224,30-40
2026-08-16 00:00:00+02:00,2774,Kiko F.,2,3965370,11.023258952357407,6.143232615079713,1.6450608826582023,34.529431928233386,0.0,0,0.0,100.0,0,0.0,34.529431928233386,30-40
2026-08-16 00:00:00+02:00,2335,Areso,2,2880831,11.309835444197118,4.341528662281965,1.3281056547284065,34.29578033866727,0.0,2,6.888158851121304,100.0,0,0.0,34.29578033866727,30-40
2026-08-16 00:00:00+02:00,2626,Deossa,3,2110419,12.450486318398681,4.839389131257694,1.09016793922382,34.27240746427491,0.0,1,1.09016793922382,100.0,0,0.0,34.27240746427491,30-40
2026-08-16 00:00:00+02:00,2721,A. Osambela,3,501311,0.0,0.0,0.0,32.44205874698859,0.0,1,0.0,0.0,0,0.0,32.44205874698859,30-40
2026-08-16 00:00:00+02:00,3108,Aubameyang,4,32609500,31.97205905105657,10.652455701013228,3.0074335801927536,31.76157824705788,0.0,5,33.53306778095042,100.0,0,0.0,31.76157824705788,30-40
2026-08-16 00:00:00+02:00,2315,Paredes,2,5141603,15.681680272275674,6.974697968717784,1.489876678896924,31.690181420278638,0.0,1,1.489876678896924,100.0,0,0.0,31.690181420278638,30-40
2026-08-16 00:00:00+02:00,2206,Yoel Lago,2,701836,0.0,0.0,0.0,31.361609395416593,0.0,1,0.0,0.0,0,0.0,31.361609395416593,30-40
2026-08-16 00:00:00+02:00,2457,Dimitrievski,1,14397928,22.440762245604404,8.442262566708179,2.0642415312236406,29.292808520169917,0.0,1,2.0642415312236406,100.0,0,0.0,29.292808520169917,20-30
2026-08-16 00:00:00+02:00,2613,M. Dituro,1,7572315,14.869105182319814,5.782966745129813,1.1834442870812476,28.976859040474785,0.0,1,1.1834442870812476,100.0,0,0.0,28.976859040474785,20-30
2026-08-16 00:00:00+02:00,2776,A. Abqar,2,7177243,16.66040066947832,6.28668058401939,1.8428721413622586,28.66792561282966,0.0,6,15.630483222792073,100.0,0,6.050645658523749,28.66792561282966,20-30
2026-08-16 00:00:00+02:00,1103,Óscar Valentín,3,3654976,6.244576912712894,3.2981872250250612,0.7821907462315347,27.75340440038482,0.0,1,0.7821907462315347,100.0,0,0.0,27.75340440038482,20-30
2026-08-16 00:00:00+02:00,1682,Altimira,3,1904987,0.0,0.0,0.0,25.904812900000056,0.0,0,0.0,100.0,0,0.0,25.904812900000056,20-30
2026-08-16 00:00:00+02:00,3125,Canales,3,23589445,25.67179922938307,8.470339561535006,1.8610833446646917,25.324139967293473,0.0,1,1.861083344664692,100.0,0,0.0,25.324139967293473,20-30
2026-08-16 00:00:00+02:00,2759,Vlachodimos,1,18343601,19.41777620176679,6.659335325312234,1.7683354118514423,24.84347890388396,0.0,0,0.0,100.0,0,0.0,24.84347890388396,20-30
2026-08-16 00:00:00+02:00,2563,A. Roca,3,492679,0.0,0.0,0.0,24.70637939615233,0.0,0,0.0,100.0,0,0.0,24.70637939615233,20-30
2026-08-16 00:00:00+02:00,77,Yeray,2,4711880,11.857612458102773,4.86133226688957,1.3099895870803253,24.644999375697367,0.0,0,0.0,100.0,0,0.0,24.644999375697367,20-30
2026-08-16 00:00:00+02:00,2545,Adama,2,489901,-8.670760534812793,-3.8878360191321475,-0.9846939909817229,23.99940424169972,0.0,0,0.0,100.0,0,0.0,23.99940424169972,20-30
2026-08-16 00:00:00+02:00,2882,J. Boñar,2,445140,-2.530561838593203,0.0,0.0,23.891165668089435,0.0,0,0.0,100.0,0,0.0,23.891165668089435,20-30
2026-08-16 00:00:00+02:00,2673,Paco Cortes,4,802099,0.0,0.0,0.0,23.62374496291971,0.0,0,0.0,100.0,0,0.0,23.62374496291971,20-30
2026-08-16 00:00:00+02:00,3116,Bernardo Silva,3,54626441,23.027373696222945,7.212646774412288,1.7823866318058688,23.437354027475962,0.0,1,1.7823866318058688,100.0,0,0.0,23.437354027475962,20-30
2026-08-16 00:00:00+02:00,2654,El-Abdellaoui,4,1303412,0.0,0.0,0.0,23.342007129469216,0.0,0,0.0,100.0,0,0.0,23.342007129469216,20-30
2026-08-16 00:00:00+02:00,2522,Raphinha,4,84888364,21.026203939884475,7.356633354526422,1.649885231247947,23.247738512419996,0.0,0,0.0,100.0,0,0.0,23.247738512419996,20-30
2026-08-16 00:00:00+02:00,2588,Danjuma,4,5200454,8.935605615475382,2.4667302824426174,0.6781241276130952,23.054406600224723,0.0,1,11.119175759474038,100.0,0,0.0,23.054406600224723,20-30
2026-08-16 00:00:00+02:00,637,Moncayola,3,6856268,9.65409292373309,4.1952289386377,0.965570701926267,22.981389202011137,0.0,4,7.240108796338706,100.0,0,0.0,22.981389202011137,20-30
2026-08-16 00:00:00+02:00,2385,Pedro Díaz,3,1761250,-9.956866207534022,-3.739209090188641,-1.2332040369192947,22.850740123018685,0.0,0,0.0,100.0,0,0.0,22.850740123018685,20-30
2026-08-16 00:00:00+02:00,2348,M. Aguado,3,3525382,0.0452070200571033,1.3709911398414412,0.5527950505433399,22.600577733774784,0.0,0,0.0,100.0,0,0.0,22.600577733774784,20-30
2026-08-16 00:00:00+02:00,1754,Juanlu,3,2730959,0.0,0.0,0.0,22.57906441514779,0.0,0,0.0,100.0,0,0.0,22.57906441514779,20-30
2026-08-16 00:00:00+02:00,2569,Ibañez,3,3288806,0.574522655678759,1.910761314264661,0.5998109015761363,22.496504530963197,0.0,0,0.0,100.0,0,0.0,22.496504530963197,20-30
2026-08-16 00:00:00+02:00,2628,O. Rey,3,725882,-11.780655432873733,-3.6289723001104597,-1.1323951642340737,22.47285995358805,0.0,2,-17.655621299355133,0.0,0,0.0,22.47285995358805,20-30
2026-08-16 00:00:00+02:00,2414,Bellerín,2,14291460,14.670453213337225,6.179640421379409,1.6412640434994394,22.42558072615854,0.0,2,15.265194561603183,100.0,0,0.0,22.42558072615854,20-30
2026-08-16 00:00:00+02:00,2620,Calebe,3,1305021,0.0,0.0,0.0,22.346174819529292,0.0,0,0.0,100.0,0,0.0,22.346174819529292,20-30
2026-08-16 00:00:00+02:00,2418,Marc Roca,3,5403735,7.870436541365271,2.545799647865808,1.0031087455337016,22.09899427600225,0.0,0,0.0,100.0,0,0.0,22.09899427600225,20-30
2026-08-16 00:00:00+02:00,2470,Foyth,2,12236452,14.616963433331284,6.790232493192767,2.04756428400466,22.015543307758072,0.0,0,0.0,100.0,0,0.0,22.015543307758072,20-30
2026-08-16 00:00:00+02:00,3105,Cala,4,3979107,11.181470439488898,4.3490540654651415,1.0756301752557051,21.829992421878643,0.0,0,0.0,100.0,0,0.0,21.829992421878643,20-30
2026-08-16 00:00:00+02:00,2449,Marcao,2,629055,-12.201157615150885,-4.787887777589422,-1.6237696226999336,21.52967852221189,0.0,2,-16.06820436184497,0.0,0,0.0,21.52967852221189,20-30
2026-08-16 00:00:00+02:00,2757,Gerard Martín,2,35772673,17.13680684431252,5.643579879700534,1.3313783909943786,21.485800215115265,0.0,0,0.0,100.0,0,0.0,21.485800215115265,20-30
2026-08-16 00:00:00+02:00,2178,F. Garcés,2,608200,-12.77235333937607,-5.587007580050017,-1.5859197638838771,21.319758474186123,0.0,2,-12.483301833947113,0.0,0,0.0,21.319758474186123,20-30
2026-08-16 00:00:00+02:00,2461,J. Vázquez,2,1714989,-3.699371655426842,1.2200786511615005,0.5961902248031323,21.111967729988322,0.0,0,0.0,100.0,0,0.0,21.111967729988322,20-30
2026-08-16 00:00:00+02:00,2382,Isi,4,19317166,21.24618186394396,10.983981719658377,2.6514475791561694,28.939600481473803,7.84052632818869,8,11.967690683872332,87.5,1,11.312280729308199,21.099074153285112,20-30
2026-08-16 00:00:00+02:00,2641,A. Liso,4,2205775,0.0,0.0,0.0,21.047087452898264,0.0,0,0.0,100.0,0,0.0,21.047087452898264,20-30
2026-08-16 00:00:00+02:00,2536,Gumbau,3,2306038,0.0,0.0,0.0,20.865124583241503,0.0,0,0.0,100.0,0,0.0,20.865124583241503,20-30
2026-08-16 00:00:00+02:00,2778,Álex Sancris,4,622831,-13.10030081314425,-5.735643108813309,-1.64407919878972,20.730926717160195,0.0,0,0.0,100.0,0,0.0,20.730926717160195,20-30
2026-08-16 00:00:00+02:00,1031,Comesaña,3,34650542,15.647873786187748,5.02623765953433,1.2952670212559458,20.687961449672812,0.0,0,0.0,100.0,0,0.0,20.687961449672812,20-30
2026-08-16 00:00:00+02:00,2541,Á. Valles,1,33113508,15.684931944744166,4.126301036017688,1.1540327178314995,20.607376358150105,0.0,8,25.700347747908374,100.0,0,6.881336138481984,20.607376358150105,20-30
2026-08-16 00:00:00+02:00,2392,C. Dominguez,2,683567,-1.8262689165181398,0.0,0.0,20.589783390076466,0.0,0,0.0,100.0,0,0.0,20.589783390076466,20-30
2026-08-16 00:00:00+02:00,2303,I. Romero,4,7364066,7.785863434017464,4.331503723116532,1.3327253057361461,20.33722981551459,0.0,0,0.0,100.0,0,0.0,20.33722981551459,20-30
2026-08-16 00:00:00+02:00,2775,Javi Muñoz,3,617177,-12.196242735504798,-5.213163144791828,-1.621896479169589,20.33212636504882,0.0,0,0.0,100.0,0,0.0,20.33212636504882,20-30
2026-08-16 00:00:00+02:00,2999,Mantilla,2,2793048,12.892662062654553,4.5869560251798225,0.9482758309114717,20.29606110556987,0.0,0,0.0,100.0,0,0.0,20.29606110556987,20-30
2026-08-16 00:00:00+02:00,2339,Raúl,4,1845674,-12.019932959359949,-4.702910740526178,-1.5759167161718108,20.2157259593458,0.0,0,0.0,100.0,0,0.0,20.2157259593458,20-30
2026-08-16 00:00:00+02:00,2378,D. Cárdenas,1,586960,-10.130388716384637,-3.490209425719392,-1.3083005879870397,20.208276288037805,0.0,0,0.0,100.0,0,0.0,20.208276288037805,20-30
2026-08-16 00:00:00+02:00,2773,Mendy,3,2406299,0.0,0.0,0.0,20.16721559361753,0.0,0,0.0,100.0,0,0.0,20.16721559361753,20-30
2026-08-16 00:00:00+02:00,3040,A. Herrero,1,8323282,13.682975516578946,4.745648980693122,1.513454193224673,20.095347820256578,0.0,0,0.0,100.0,0,0.0,20.095347820256578,20-30
2026-08-16 00:00:00+02:00,2397,Pablo Durán,4,1019795,-17.39547414404103,-7.445928935042116,-2.5509082743265585,20.0,0.0,2,-14.66707354275579,0.0,0,0.0,20.0,20-30
2026-08-16 00:00:00+02:00,2319,Maroan,4,421034,-6.0577798404226835,-2.68304972702604,-0.47348104302933314,19.94080956645845,0.0,2,-13.80410292970387,0.0,0,0.0,19.94080956645845,<20
2026-08-16 00:00:00+02:00,1950,Jofre,4,1109224,-10.570179363701083,-3.761898275438732,-1.1692462313348724,19.56344283372544,0.0,0,0.0,100.0,0,0.0,19.56344283372544,<20
2026-08-16 00:00:00+02:00,1730,Iker Muñoz,3,1361877,-4.487728860916804,-0.9538957652875324,-0.6777423660085913,19.55175155177871,0.0,0,0.0,100.0,0,0.0,19.55175155177871,<20
2026-08-16 00:00:00+02:00,1260,Diego López,4,2075073,-19.580133930215062,-8.830759375712578,-2.9159286197516794,19.43706719394129,0.0,0,0.0,100.0,0,0.0,19.43706719394129,<20
2026-08-16 00:00:00+02:00,873,Torró,3,2466986,-4.945263264969569,-1.8544716740929346,-0.6654286349331109,19.344745651977057,0.0,0,0.0,100.0,0,0.0,19.344745651977057,<20
2026-08-16 00:00:00+02:00,270,Guevara,3,1111411,-12.171416559720317,-4.8416083098807405,-1.6907189137789966,19.194819318266,0.0,0,0.0,100.0,0,0.0,19.194819318266,<20
2026-08-16 00:00:00+02:00,2561,Hancko,2,38497274,14.197088527431653,4.354936867975992,1.0980365607415985,19.00460594487959,0.0,0,0.0,100.0,0,0.0,19.00460594487959,<20
2026-08-16 00:00:00+02:00,2672,Pampin,3,701836,0.0,0.0,0.0,18.98922230403532,0.0,0,0.0,100.0,0,0.0,18.98922230403532,<20
2026-08-16 00:00:00+02:00,2609,Valentín Gómez,2,1752299,-10.414985956161958,-3.7874482712423525,-1.2167657055172185,18.832402460995528,0.0,0,0.0,100.0,0,0.0,18.832402460995528,<20
2026-08-16 00:00:00+02:00,2419,Aitor Ruibal,4,2278452,-19.09831333206927,-8.55613170441958,-2.8604025334847694,18.726164372418935,0.0,0,0.0,100.0,0,0.0,18.726164372418935,<20
2026-08-16 00:00:00+02:00,2293,John C.,2,677560,-13.469139633754649,-5.505968983599241,-1.8386065358833237,18.694531357616544,0.0,0,0.0,100.0,0,0.0,18.694531357616544,<20
2026-08-16 00:00:00+02:00,2639,M. Román,3,5445514,6.690645142203541,2.713415312719153,0.3988657566170343,18.636891119872264,0.0,0,0.0,100.0,0,0.0,18.636891119872264,<20
2026-08-16 00:00:00+02:00,2760,Pickel,3,1503937,0.0,0.0,0.0,18.62814603715386,0.0,0,0.0,100.0,0,0.0,18.62814603715386,<20
2026-08-16 00:00:00+02:00,2634,Joan García,1,68689669,18.944457657672945,4.026557446281549,0.9277299899709472,18.54236614750451,0.0,0,0.0,100.0,0,0.0,18.54236614750451,<20
2026-08-16 00:00:00+02:00,2846,Arguibide,2,581293,0.0,0.0,0.0,18.147928920401704,0.0,0,0.0,100.0,0,0.0,18.147928920401704,<20
2026-08-16 00:00:00+02:00,2651,Iker Losada,4,2506562,0.0,0.0,0.0,18.001907570101622,0.0,0,0.0,100.0,0,0.0,18.001907570101622,<20
2026-08-16 00:00:00+02:00,2336,Herrando,2,1671711,-11.669746254958207,-4.308028009623515,-1.3661847013274206,17.945685587999364,0.0,0,0.0,100.0,0,0.0,17.945685587999364,<20
2026-08-16 00:00:00+02:00,2985,Noubi,2,12527150,14.333865126535143,6.265275397410575,1.8979371832402634,19.357852881052676,1.5,4,11.372042357474106,75.0,0,0.0,17.857852881052676,<20
2026-08-16 00:00:00+02:00,1715,Fermín,3,65274794,10.418268427344728,6.524195511314897,1.709562787423912,17.640526768485216,0.0,0,0.0,100.0,0,0.0,17.640526768485216,<20
2026-08-16 00:00:00+02:00,92,Vesga,3,1566041,0.0,0.0,0.0,17.538016076544356,0.0,0,0.0,100.0,0,0.0,17.538016076544356,<20
2026-08-16 00:00:00+02:00,680,Moi Gómez,3,1996547,-10.227889445089673,-3.9740300715572627,-1.2758919079288946,17.363311089930104,0.0,0,0.0,100.0,0,0.0,17.363311089930104,<20
2026-08-16 00:00:00+02:00,2526,Miguel Rubio,2,558551,-11.507561174616,-5.020286562575458,-1.3655692196848224,17.306685811441866,0.0,0,0.0,100.0,0,0.0,17.306685811441866,<20
2026-08-16 00:00:00+02:00,1930,El Hilali,2,8970454,9.840002928918503,3.8484135323957656,1.4922796229882749,17.18848625746534,0.0,8,12.440616942685097,100.0,0,2.5949294389386797,17.18848625746534,<20
2026-08-16 00:00:00+02:00,2815,Adam B.,3,701836,0.0,0.0,0.0,17.179682753485046,0.0,0,0.0,100.0,0,0.0,17.179682753485046,<20
2026-08-16 00:00:00+02:00,1938,Pol Lozano,3,2274222,-8.8000192487764,-3.0523176504290177,-0.9239227508571378,17.146302802109794,0.0,0,0.0,100.0,0,0.0,17.146302802109794,<20
2026-08-16 00:00:00+02:00,2387,Camello,4,3109992,-0.8108652886889651,0.6717183929644854,0.299092016752249,17.142958964945162,0.0,0,0.0,100.0,0,0.0,17.142958964945162,<20
2026-08-16 00:00:00+02:00,2380,Pacha,2,3509188,0.0,0.0,0.0,17.1424370820056,0.0,0,0.0,100.0,0,0.0,17.1424370820056,<20
2026-08-16 00:00:00+02:00,2323,Lenglet,2,2906079,0.0,0.0,0.0,17.07398729983032,0.0,0,0.0,100.0,0,0.0,17.07398729983032,<20
2026-08-16 00:00:00+02:00,2501,Nico Serrano,4,880845,-16.273625258067092,-7.226446274028207,-2.346101526928283,17.02910273657681,0.0,0,0.0,100.0,0,0.0,17.02910273657681,<20
2026-08-16 00:00:00+02:00,2456,Isaac,4,6509025,6.492621949862766,3.2005852397252075,1.0488611050005254,16.847534259809294,0.0,0,0.0,100.0,0,0.0,16.847534259809294,<20
2026-08-16 00:00:00+02:00,2767,Alan Matturro,2,2409057,0.0,0.0,0.0,16.634276294957075,0.0,0,0.0,100.0,0,0.0,16.634276294957075,<20
2026-08-16 00:00:00+02:00,2614,C. Romero,2,43995046,14.824076883375842,4.023510258156787,0.6981294795542956,16.52055907537565,0.0,0,0.0,100.0,0,0.0,16.52055907537565,<20
2026-08-16 00:00:00+02:00,2845,Selton,3,601574,0.0,0.0,0.0,16.315012764862843,0.0,0,0.0,100.0,0,0.0,16.315012764862843,<20
2026-08-16 00:00:00+02:00,2455,Peque,4,1796418,-9.720389298023257,-3.01815449133089,-0.721919710679471,16.248530658070894,0.0,0,0.0,100.0,0,0.0,16.248530658070894,<20
2026-08-16 00:00:00+02:00,2454,Ejuke,4,2706102,-7.133689501903929,-2.425426412939069,-0.8036943915877665,15.969146070462878,0.0,0,0.0,100.0,0,0.0,15.969146070462878,<20
2026-08-16 00:00:00+02:00,2995,Mario Soriano,3,26476382,11.107538510023916,4.6064745874650574,1.382183452618547,15.933363153952703,0.0,0,0.0,100.0,0,0.0,15.933363153952703,<20
2026-08-16 00:00:00+02:00,2665,Marín,3,1552185,-18.889747621458838,-8.493578217464561,-2.7892770313179125,15.891576498076368,0.0,0,0.0,100.0,0,0.0,15.891576498076368,<20
2026-08-16 00:00:00+02:00,2362,M. Casadó,3,1715638,-9.443365617216147,-3.1637588968724777,-0.8850590251178826,15.845981398474349,0.0,0,0.0,100.0,0,0.0,15.845981398474349,<20
2026-08-16 00:00:00+02:00,2944,Obed Vargas,3,822703,-13.039944190176204,-5.00415107367896,-1.445902059601832,15.80157116237573,0.0,0,0.0,100.0,0,0.0,15.80157116237573,<20
2026-08-16 00:00:00+02:00,2678,J. Vertrouwd,2,1002625,0.0,0.0,0.0,15.732349825458172,0.0,0,0.0,100.0,0,0.0,15.732349825458172,<20
2026-08-16 00:00:00+02:00,2474,Denis Suárez,3,2492805,-8.862957260951285,-3.212035416372229,-0.8172770482058578,15.475619884476856,0.0,0,0.0,100.0,0,0.0,15.475619884476856,<20
2026-08-16 00:00:00+02:00,2766,Arriaga,3,2543981,-11.650300665579651,-4.60888036461878,-1.5710065639164508,15.461331406694207,0.0,0,0.0,100.0,0,0.0,15.461331406694207,<20
2026-08-16 00:00:00+02:00,2574,Gonzalo,4,3832043,0.0,0.0,0.0,15.403907674955736,0.0,0,0.0,100.0,0,0.0,15.403907674955736,<20
2026-08-16 00:00:00+02:00,2564,Aleñá,3,3880816,-3.5964621378951436,-0.6185705348387991,-0.2806458194256653,15.301289265708792,0.0,0,0.0,100.0,0,0.0,15.301289265708792,<20
2026-08-16 00:00:00+02:00,2629,Elgezabal,2,1420696,0.0,0.0,0.0,15.264930111884317,0.0,0,0.0,100.0,0,0.0,15.264930111884317,<20
2026-08-16 00:00:00+02:00,2384,Unai Lopez,3,5910604,1.728397101570502,2.458634603453665,0.5799346688620688,15.194374438650222,0.0,0,0.0,100.0,0,0.0,15.194374438650222,<20
2026-08-16 00:00:00+02:00,2351,Iñaki Peña,1,4010501,0.0,0.0,0.0,15.162534229912822,0.0,0,0.0,100.0,0,0.0,15.162534229912822,<20
2026-08-16 00:00:00+02:00,2646,Izeta,4,1060915,0.0,0.0,0.0,15.152273033287305,0.0,0,0.0,100.0,0,0.0,15.152273033287305,<20
2026-08-16 00:00:00+02:00,2462,Cömert,2,3709713,0.0,0.0,0.0,15.12879561924397,0.0,0,0.0,100.0,0,0.0,15.12879561924397,<20
2026-08-16 00:00:00+02:00,2933,Cepeda,4,1083351,-4.239752642055801,-0.41906040021692975,-0.27743898229416447,15.0710710665207,0.0,0,0.0,100.0,0,0.0,15.0710710665207,<20
2026-08-16 00:00:00+02:00,2801,Alexis Sánchez,4,3856366,0.0,0.0,0.0,14.995872411907376,0.0,0,0.0,100.0,0,0.0,14.995872411907376,<20
2026-08-16 00:00:00+02:00,2661,Djene,2,8653547,2.748664725809728,10.009130193353647,2.2181217860262143,14.788016324212819,0.0,0,0.0,100.0,0,0.0,14.788016324212819,<20
2026-08-16 00:00:00+02:00,1484,Guruzeta,4,13787783,8.834487277539179,3.229653581495696,1.308187914216155,14.763520977043939,0.0,0,0.0,100.0,0,0.0,14.763520977043939,<20
2026-08-16 00:00:00+02:00,2610,Pau López,1,2634421,0.0,0.0,0.0,14.748511999880403,0.0,0,0.0,100.0,0,0.0,14.748511999880403,<20
2026-08-16 00:00:00+02:00,2078,Hugo Alvarez,3,2978796,-8.148543750990578,-3.249217073736356,-0.8341619912825294,14.725427014635088,0.0,0,0.0,100.0,0,0.0,14.725427014635088,<20
2026-08-16 00:00:00+02:00,2887,Mañas,4,535627,-4.720508606029558,-4.720508606029558,-1.2496197490804841,14.641014151169376,0.0,0,0.0,100.0,0,0.0,14.641014151169376,<20
2026-08-16 00:00:00+02:00,2631,Léo Pétrot,2,3007875,0.0,0.0,0.0,14.508024832730747,0.0,0,0.0,100.0,0,0.0,14.508024832730747,<20
2026-08-16 00:00:00+02:00,2622,Urko,3,4750677,-1.1095179869682998,0.3146051187365624,0.2560279579491173,14.258281338989875,0.0,0,0.0,100.0,0,0.0,14.258281338989875,<20
2026-08-16 00:00:00+02:00,2317,Unai G.,3,2277228,0.0,0.0,0.0,14.198136676582115,0.0,0,0.0,100.0,0,0.0,14.198136676582115,<20
2026-08-16 00:00:00+02:00,2640,Mario Martín,3,3905966,-2.606532201338436,0.8132494437285018,1.9453301011214605,14.191922777294426,0.0,0,0.0,100.0,0,0.0,14.191922777294426,<20
2026-08-16 00:00:00+02:00,3028,G. Puerta,3,12808655,12.156070044924054,3.955411512278294,1.335562580608207,14.16148609149387,0.0,0,0.0,100.0,0,0.0,14.16148609149387,<20
2026-08-16 00:00:00+02:00,3109,Leo Román,1,36829681,13.297556876835198,4.664487307523524,0.9788757107070257,14.06828975009767,0.0,3,17.550947445635128,100.0,0,0.0,14.06828975009767,<20
2026-08-16 00:00:00+02:00,2606,V. Parada,2,3775868,0.0,0.0,0.0,14.019470403087112,0.0,0,0.0,100.0,0,0.0,14.019470403087112,<20
2026-08-16 00:00:00+02:00,2817,Nyom,2,1503937,0.0,0.0,0.0,13.842927862013102,0.0,0,0.0,100.0,0,0.0,13.842927862013102,<20
2026-08-16 00:00:00+02:00,2780,Grady Diangana,4,1163734,-16.275599694379256,-8.452317456721246,-2.7533607480009326,13.748846385857938,0.0,0,0.0,100.0,0,0.0,13.748846385857938,<20
2026-08-16 00:00:00+02:00,652,Rubén García,3,13858194,6.4820113000896615,3.325247414575008,0.7557301020215644,13.600687794263365,0.0,0,0.0,100.0,0,0.0,13.600687794263365,<20
2026-08-16 00:00:00+02:00,2687,Manu Bueno,3,802099,0.0,0.0,0.0,13.595888883641047,0.0,0,0.0,100.0,0,0.0,13.595888883641047,<20
2026-08-16 00:00:00+02:00,2403,Copete,2,1877657,-20.091235198963638,-9.065871001048984,-2.9176055252972204,13.491992058897518,0.0,0,0.0,100.0,0,0.0,13.491992058897518,<20
2026-08-16 00:00:00+02:00,2670,Víctor G.,2,1987022,-11.593886297737994,-3.3733370745154985,-1.1174549397679097,13.420418428515973,0.0,0,0.0,100.0,0,0.0,13.420418428515973,<20
2026-08-16 00:00:00+02:00,2736,Davinchi,2,3075075,2.2341353945892033,9.622284686585946,2.1200264608951276,13.357486747615996,0.0,0,0.0,100.0,0,0.0,13.357486747615996,<20
2026-08-16 00:00:00+02:00,2325,Molina,2,3996790,-5.55737897441314,0.0,0.0,13.264137273084984,0.0,0,0.0,100.0,0,0.0,13.264137273084984,<20
2026-08-16 00:00:00+02:00,2586,Santamaría,3,2927468,0.0,0.0,0.0,13.216237983446355,0.0,0,0.0,100.0,0,0.0,13.216237983446355,<20
2026-08-16 00:00:00+02:00,2479,Kike Salas,2,12255449,5.1893575101205105,4.212913084257582,1.607099286189643,13.186309741725104,0.0,0,0.0,100.0,0,0.0,13.186309741725104,<20
2026-08-16 00:00:00+02:00,2911,Raghouber,3,2406299,0.0,0.0,0.0,13.130129457051236,0.0,0,0.0,100.0,0,0.0,13.130129457051236,<20
2026-08-16 00:00:00+02:00,2346,Álvaro Núñez,2,3630081,-9.222398410752229,-3.4829128685514466,-1.122439557332588,13.125236445148817,0.0,0,0.0,100.0,0,0.0,13.125236445148817,<20
2026-08-16 00:00:00+02:00,2509,Kike García,4,3509051,-20.367493344008338,-9.274053014829303,-3.0770450335786617,13.108957379074855,0.0,0,0.0,100.0,0,0.0,13.108957379074855,<20
2026-08-16 00:00:00+02:00,2994,Mella,3,3387499,6.533534565149639,4.3388334930372485,1.5669346535389677,13.014985087313166,0.0,0,0.0,100.0,0,0.0,13.014985087313166,<20
2026-08-16 00:00:00+02:00,2391,Ristic,2,902361,0.0,0.0,0.0,12.676150509908563,0.0,0,0.0,100.0,0,0.0,12.676150509908563,<20
2026-08-16 00:00:00+02:00,2504,Ayoze,4,17352024,8.857283042157862,5.667965307437816,1.8051079081607957,12.627528473698309,0.0,0,0.0,100.0,0,0.0,12.627528473698309,<20
2026-08-16 00:00:00+02:00,2711,Á. Ortiz,2,1704462,0.0,0.0,0.0,12.520878953528484,0.0,0,0.0,100.0,0,0.0,12.520878953528484,<20
2026-08-16 00:00:00+02:00,2511,R. Terrats,3,3002602,6.9550668620111,14.47755401136311,3.3862005372800903,29.412830847831398,16.899179350340837,3,-3.317435773037125,0.0,3,0.0,12.51365149749056,<20
2026-08-16 00:00:00+02:00,1215,Turrientes,3,7136043,4.66756441247983,3.192901597426903,1.022878797767034,12.508497257444464,0.0,0,0.0,100.0,0,0.0,12.508497257444464,<20
2026-08-16 00:00:00+02:00,2442,Odriozola,2,590223,-11.25894029081035,-4.322192431016428,-1.5104918443118769,12.424682422293493,0.0,0,0.0,100.0,0,0.0,12.424682422293493,<20
2026-08-16 00:00:00+02:00,2624,Manu Sánchez,2,5538185,0.0,0.0,0.0,12.422333206452414,0.0,0,0.0,100.0,0,0.0,12.422333206452414,<20
2026-08-16 00:00:00+02:00,2499,Vencedor,3,2205775,0.0,0.0,0.0,12.41066714711005,0.0,0,0.0,100.0,0,0.0,12.41066714711005,<20
2026-08-16 00:00:00+02:00,2557,I. Benito,4,537305,-10.881391915874675,-4.743120843741523,-1.2582881253767328,12.40760213782985,0.0,0,0.0,100.0,0,0.0,12.40760213782985,<20
2026-08-16 00:00:00+02:00,2937,Ngonge,4,2005250,0.0,0.0,0.0,12.375724876366203,0.0,0,0.0,100.0,0,0.0,12.375724876366203,<20
2026-08-16 00:00:00+02:00,1529,Almeida,3,2451192,-12.768999014591099,-4.522572352276711,-1.503530687223264,12.374931597905563,0.0,0,0.0,100.0,0,0.0,12.374931597905563,<20
2026-08-16 00:00:00+02:00,2347,Y. Santiago,3,538830,-10.928209290523508,-4.763840553710522,-1.2663516210070345,12.37248606548757,0.0,0,0.0,100.0,0,0.0,12.37248606548757,<20
2026-08-16 00:00:00+02:00,673,Domingos Duarte,2,8021003,0.0,0.0,0.0,12.344435687523085,0.0,0,0.0,100.0,0,0.0,12.344435687523085,<20
2026-08-16 00:00:00+02:00,2742,Nacho Perez,2,581040,0.0,0.0,0.0,12.324791765386205,0.0,0,0.0,100.0,0,0.0,12.324791765386205,<20
2026-08-16 00:00:00+02:00,1614,Cardona,2,4684635,-2.7394726220906764,-0.2627222840232277,-0.13189585961692854,12.241206191455685,0.0,0,0.0,100.0,0,0.0,12.241206191455685,<20
2026-08-16 00:00:00+02:00,1056,Pedrosa,2,3308663,0.0,0.0,0.0,12.225404741322723,0.0,0,0.0,100.0,0,0.0,12.225404741322723,<20
2026-08-16 00:00:00+02:00,2746,Miguel Sierra,4,601574,0.0,0.0,0.0,12.092755818917707,0.0,0,0.0,100.0,0,0.0,12.092755818917707,<20
2026-08-16 00:00:00+02:00,3114,Hjulmand,3,36575212,10.060639675651144,4.117625390627424,0.9034217910732205,12.090920994551286,0.0,0,0.0,100.0,0,0.0,12.090920994551286,<20
2026-08-16 00:00:00+02:00,2833,N. Mendy,2,6015752,0.0,0.0,0.0,12.038196247085718,0.0,0,0.0,100.0,0,0.0,12.038196247085718,<20
2026-08-16 00:00:00+02:00,2356,R. Araujo,2,4635257,-2.933669783366664,0.0,0.0,12.00019021259168,0.0,0,0.0,100.0,0,0.0,12.00019021259168,<20
2026-08-16 00:00:00+02:00,2553,Almada,3,5800439,0.0,0.0,0.0,11.999884312706607,0.0,0,0.0,100.0,0,0.0,11.999884312706607,<20
2026-08-16 00:00:00+02:00,1197,Kubo,3,24035618,8.44499737613619,5.490893541292445,1.6497110342396568,11.968435365235514,0.0,0,0.0,100.0,0,0.0,11.968435365235514,<20
2026-08-16 00:00:00+02:00,2488,B. Mayoral,4,2965368,-2.435711796970388,-0.6117067896403663,-0.18973377695426294,11.949750491843531,0.0,0,0.0,100.0,0,0.0,11.949750491843531,<20
2026-08-16 00:00:00+02:00,2439,Pacheco,2,4015452,0.0,0.0,0.0,11.879070341507024,0.0,0,0.0,100.0,0,0.0,11.879070341507024,<20
2026-08-16 00:00:00+02:00,2674,A. J. Morales,4,3208400,0.0,0.0,0.0,11.709741442047957,0.0,0,0.0,100.0,0,0.0,11.709741442047957,<20
2026-08-16 00:00:00+02:00,2450,Nianzou,2,1673795,0.0,0.0,0.0,11.653438714133651,0.0,0,0.0,100.0,0,0.0,11.653438714133651,<20
2026-08-16 00:00:00+02:00,2452,Gudelj,3,7018377,0.0,0.0,0.0,11.576828809236343,0.0,0,0.0,100.0,0,0.0,11.576828809236343,<20
2026-08-16 00:00:00+02:00,2700,Etta Eyong,4,25699219,10.02171603559589,2.0054200262332573,0.7731693673977911,11.534687447554164,0.0,8,19.85750055941206,100.0,0,7.502321226694008,11.534687447554164,<20
2026-08-16 00:00:00+02:00,2923,Raúl Moro,4,13540658,8.51361759687996,3.7015519400821026,1.6880599236490452,11.484832895425358,0.0,0,0.0,100.0,0,0.0,11.484832895425358,<20
2026-08-16 00:00:00+02:00,3120,De Haas,2,9187200,8.63295724705697,3.5926950642261852,0.81513965286856,11.438166580707058,0.0,0,0.0,100.0,0,0.0,11.438166580707058,<20
2026-08-16 00:00:00+02:00,1251,Carmona,2,4337315,-3.735360492327797,-0.9417727462806759,-0.4522358061784904,11.415747093069482,0.0,2,-8.002088747088868,0.0,0,0.0,11.415747093069482,<20
2026-08-16 00:00:00+02:00,184,David Soria,1,19976720,3.6542030300742536,10.791573266828248,2.542332991144339,11.40698611394707,0.0,0,0.0,100.0,0,0.0,11.40698611394707,<20
2026-08-16 00:00:00+02:00,2807,D. Jiménez,2,601574,0.0,0.0,0.0,11.38904632792685,0.0,0,0.0,100.0,0,0.0,11.38904632792685,<20
2026-08-16 00:00:00+02:00,2464,Pepelu,3,7578375,-0.152162261440299,2.46707911073036,1.463734066242445,11.370954991466977,0.0,0,0.0,100.0,0,0.0,11.370954991466977,<20
2026-08-16 00:00:00+02:00,2443,Aramburu,2,17462968,8.970137647201684,3.2846873767936158,0.9267792011275061,11.233481252692652,0.0,8,14.565626096134926,100.0,0,6.471453126420549,11.233481252692652,<20
2026-08-16 00:00:00+02:00,2753,Suazo,2,5432732,-0.735249513427074,0.9583807208854597,0.5487236548608165,11.178315015988911,0.0,0,0.0,100.0,0,0.0,11.178315015988911,<20
2026-08-16 00:00:00+02:00,2612,Ugrinic,3,3834226,-5.454071116343078,-0.5761523890526119,-0.051978249422608716,11.052943773363804,0.0,1,-14.452544406440824,0.0,0,0.0,11.052943773363804,<20
2026-08-16 00:00:00+02:00,2438,Aihen,2,1387278,-14.27575676495687,-5.672906283359738,-1.858235853828495,11.052819502171399,0.0,0,0.0,100.0,0,0.0,11.052819502171399,<20
2026-08-16 00:00:00+02:00,1890,Boyomo,2,28167229,9.423600225892418,2.7092681133506997,0.576190084775823,11.022343995646217,0.0,0,0.0,100.0,0,0.0,11.022343995646217,<20
2026-08-16 00:00:00+02:00,2930,Nuñez,2,3674277,-0.06704305061383148,2.8572796272558523,1.053778889878387,10.991605237131196,0.0,0,0.0,100.0,0,0.0,10.991605237131196,<20
2026-08-16 00:00:00+02:00,2771,Mikautadze,4,62789547,10.136060148088552,2.6825255157859456,0.5618982648663197,10.979298584227944,0.0,0,0.0,100.0,0,0.0,10.979298584227944,<20
2026-08-16 00:00:00+02:00,2338,Aimar,3,16006929,6.489310540027006,2.582124061155034,1.3129346184041868,10.910139855180399,0.0,0,0.0,100.0,0,0.0,10.910139855180399,<20
2026-08-16 00:00:00+02:00,2386,Nteka,4,1256338,-10.347317815318064,-3.343001561790751,-0.9956090441711875,10.878176626565995,0.0,0,0.0,100.0,0,0.0,10.878176626565995,<20
2026-08-16 00:00:00+02:00,2834,Beitia,2,501311,0.0,0.0,0.0,10.866190673078389,0.0,0,0.0,100.0,0,0.0,10.866190673078389,<20
2026-08-16 00:00:00+02:00,1029,Álvaro García,3,18211353,5.663472049127253,2.223587971091678,1.0127257149142335,10.744293829180412,0.0,0,0.0,100.0,0,0.0,10.744293829180412,<20
2026-08-16 00:00:00+02:00,3119,Amatucci,3,13028381,8.475151898655133,5.930822398526313,1.502288097576466,10.73765591724083,0.0,0,0.0,100.0,0,0.0,10.73765591724083,<20
2026-08-16 00:00:00+02:00,2366,Rico,2,4912863,0.0,0.0,0.0,10.583649939073354,0.0,0,0.0,100.0,0,0.0,10.583649939073354,<20
2026-08-16 00:00:00+02:00,2712,Pablo García,4,2506562,0.0,0.0,0.0,10.570746215757838,0.0,0,0.0,100.0,0,0.0,10.570746215757838,<20
2026-08-16 00:00:00+02:00,2663,Ismael,2,1102887,0.0,0.0,0.0,10.548779194446695,0.0,0,0.0,100.0,0,0.0,10.548779194446695,<20
2026-08-16 00:00:00+02:00,2702,Rafa Mir,4,7018377,0.0,0.0,0.0,10.491107708759696,0.0,0,0.0,100.0,0,0.0,10.491107708759696,<20
2026-08-16 00:00:00+02:00,2779,Juanmi,4,573342,-11.911170928667564,-5.2001349224196085,-1.4352981221988994,10.464958087842858,0.0,0,0.0,100.0,0,0.0,10.464958087842858,<20
2026-08-16 00:00:00+02:00,2334,Juan Cruz,2,3007875,0.0,0.0,0.0,10.426516569698984,0.0,0,0.0,100.0,0,0.0,10.426516569698984,<20
2026-08-16 00:00:00+02:00,2671,Jeremy Toljan,2,4200686,-8.584753121212055,-2.981425131790913,-1.2459781939710641,10.21143408126552,0.0,0,0.0,100.0,0,0.0,10.21143408126552,<20
2026-08-16 00:00:00+02:00,2577,A. Rebbach,4,3689064,-12.970312515850383,-5.184071817257484,-1.7245719738473084,10.210358688997173,0.0,1,-15.018367180631012,0.0,0,0.0,10.210358688997173,<20
2026-08-16 00:00:00+02:00,2295,Febas,3,24378453,5.501987851960499,2.973917476078376,0.5530313960673928,10.13330861609279,0.0,0,0.0,100.0,0,0.0,10.13330861609279,<20
2026-08-16 00:00:00+02:00,3077,Edu Expósito,3,29422533,9.74688511851811,4.186329317098993,1.1869423955737999,10.003402816853864,0.0,0,0.0,100.0,0,0.0,10.003402816853864,<20
2026-08-16 00:00:00+02:00,856,Guridi,3,4848535,-3.402456311269566,-0.01862071440030783,1.2772941225127867,9.997774587205551,0.0,0,0.0,100.0,0,0.0,9.997774587205551,<20
2026-08-16 00:00:00+02:00,1694,Sow,3,8403008,0.0,0.0,0.0,9.99409940909744,0.0,0,0.0,100.0,0,0.0,9.99409940909744,<20
2026-08-16 00:00:00+02:00,2915,Álex Sánchez,3,601574,0.0,0.0,0.0,9.981627345945139,0.0,0,0.0,100.0,0,0.0,9.981627345945139,<20
2026-08-16 00:00:00+02:00,2958,Morcillo,3,701836,0.0,0.0,0.0,9.941524551283965,0.0,0,0.0,100.0,0,0.0,9.941524551283965,<20
2026-08-16 00:00:00+02:00,230,Courtois,1,60825268,7.308166437452493,3.6104889635513273,0.9888042968293025,9.903973135893715,0.0,8,11.447883267897438,100.0,0,11.588959120567282,9.903973135893715,<20
2026-08-16 00:00:00+02:00,2908,Palacios,3,802099,0.0,0.0,0.0,9.901415591275224,0.0,0,0.0,100.0,0,0.0,9.901415591275224,<20
2026-08-16 00:00:00+02:00,1991,Tárrega,2,9056528,1.262022906289899,2.0712746410385328,0.6165068109937567,9.827071252004629,0.0,0,0.0,100.0,0,0.0,9.827071252004629,<20
2026-08-16 00:00:00+02:00,2645,Rego,2,5013126,0.0,0.0,0.0,9.821453337348714,0.0,0,0.0,100.0,0,0.0,9.821453337348714,<20
2026-08-16 00:00:00+02:00,3086,Moleiro,3,67400520,10.842472764660469,2.2995750122921708,0.426553279108777,9.816061496023606,0.0,0,0.0,100.0,0,0.0,9.816061496023606,<20
2026-08-16 00:00:00+02:00,2941,T. Morente,4,1904452,-15.14884190509797,-6.353056645412609,-2.030532057837652,9.801594719460859,0.0,0,0.0,100.0,0,0.0,9.801594719460859,<20
2026-08-16 00:00:00+02:00,2420,Bakambu,4,4211026,0.0,0.0,0.0,9.744195360211407,0.0,0,0.0,100.0,0,0.0,9.744195360211407,<20
2026-08-16 00:00:00+02:00,2761,Oluwaseyi,4,2741774,-11.992252625524094,-4.768398285689873,-1.5150404892038367,9.726063003977231,0.0,0,0.0,100.0,0,0.0,9.726063003977231,<20
2026-08-16 00:00:00+02:00,2473,Gueye,3,49124222,8.149007629903986,2.0812414140004236,0.3184489846213313,9.695198545918903,0.0,0,0.0,100.0,0,0.0,9.695198545918903,<20
2026-08-16 00:00:00+02:00,2337,Kike Barja,4,2513360,-10.472121563795595,-7.337057508420686,-2.1875636049753053,9.548970302702358,0.0,0,0.0,100.0,0,0.0,9.548970302702358,<20
2026-08-16 00:00:00+02:00,2446,Zakharyan,3,1019326,-14.818154393066626,-5.853764414129426,-1.904125830516826,9.483390658794798,0.0,0,0.0,100.0,0,0.0,9.483390658794798,<20
2026-08-16 00:00:00+02:00,2383,Pathé I. Ciss,3,12033660,6.930916890541643,2.8018173728874376,0.6572517050276095,13.88727215291473,4.416666666666666,3,1.4576291325868282,66.66666666666666,1,0.0,9.470605486248063,<20
2026-08-16 00:00:00+02:00,3084,Budimir,4,50978461,8.703284829691588,4.339322621276122,1.116430099045125,9.464397743141422,0.0,0,0.0,100.0,0,0.0,9.464397743141422,<20
2026-08-16 00:00:00+02:00,2679,Becerra,3,581040,0.0,0.0,0.0,9.410477202992336,0.0,0,0.0,100.0,0,0.0,9.410477202992336,<20
2026-08-16 00:00:00+02:00,1191,Hugo Duro,4,8480116,-2.854280894379074,0.12938712443432984,0.4615719604215253,9.297327503218618,0.0,0,0.0,100.0,0,0.0,9.297327503218618,<20
2026-08-16 00:00:00+02:00,2890,Montes,2,601574,0.0,0.0,0.0,9.277917854954282,0.0,0,0.0,100.0,0,0.0,9.277917854954282,<20
2026-08-16 00:00:00+02:00,2549,Navarro,3,2130868,2.6065903417670806,2.5472367317985425,0.9028308525136354,32.4538739782307,23.25,3,-11.882189892928205,0.0,3,0.0,9.203873978230703,<20
2026-08-16 00:00:00+02:00,2587,Josan,3,1098538,-8.694842704567177,-5.911967138418108,-1.7476419355358035,25.705115075693694,16.503509537464158,3,-2.9577359431492334,0.0,3,0.0,9.201605538229536,<20
2026-08-16 00:00:00+02:00,2733,Jano,3,501311,0.0,0.0,0.0,9.177285648718925,0.0,0,0.0,100.0,0,0.0,9.177285648718925,<20
2026-08-16 00:00:00+02:00,2331,Carlos Martín,3,2215971,0.0,0.0,0.0,8.934359555034911,0.0,0,0.0,100.0,0,0.0,8.934359555034911,<20
2026-08-16 00:00:00+02:00,2813,Rayane,4,677197,0.0,0.0,0.0,8.854750325153637,0.0,0,0.0,100.0,0,0.0,8.854750325153637,<20
2026-08-16 00:00:00+02:00,2868,Carlos Macià,3,802099,0.0,0.0,0.0,8.845851793456418,0.0,0,0.0,100.0,0,0.0,8.845851793456418,<20
2026-08-16 00:00:00+02:00,2528,Aidoo Jr,2,2807349,0.0,0.0,0.0,8.797722443325096,0.0,0,0.0,100.0,0,0.0,8.797722443325096,<20
2026-08-16 00:00:00+02:00,2316,Gorosabel,2,2276633,-14.670687073542338,-4.980500541744367,-1.5541556724238879,8.784902968550487,0.0,0,0.0,100.0,0,0.0,8.784902968550487,<20
2026-08-16 00:00:00+02:00,2950,Saravia,2,1503937,0.0,0.0,0.0,8.776226264805242,0.0,0,0.0,100.0,0,0.0,8.776226264805242,<20
2026-08-16 00:00:00+02:00,2883,Purić,2,434872,-2.2961545028892902,0.0,0.0,8.74645076584926,0.0,0,0.0,100.0,0,0.0,8.74645076584926,<20
2026-08-16 00:00:00+02:00,2907,Manuel Ángel,3,701836,0.0,0.0,0.0,8.735164850917116,0.0,0,0.0,100.0,0,0.0,8.735164850917116,<20
2026-08-16 00:00:00+02:00,2843,Xavi Espart,2,701836,0.0,0.0,0.0,8.735164850917116,0.0,0,0.0,100.0,0,0.0,8.735164850917116,<20
2026-08-16 00:00:00+02:00,2803,Kamara,4,2406299,0.0,0.0,0.0,8.731950621697303,0.0,0,0.0,100.0,0,0.0,8.731950621697303,<20
2026-08-16 00:00:00+02:00,2568,Youssef,2,500026,-0.914118805720525,1.6986865280653443,-0.00379965803077723,31.846597561557864,23.25,3,-14.561651380020265,0.0,3,0.0,8.596597561557864,<20
2026-08-16 00:00:00+02:00,2653,Manuel Fernández,2,399102,-4.748016687510144,-2.1453860714180633,-0.27212006267007505,31.8403592,23.25,3,-12.426427755574258,0.0,3,0.0,8.590359200000002,<20
2026-08-16 00:00:00+02:00,265,Zubeldia,2,10047248,2.8377797864216334,2.9339603813923105,1.1063358406522168,8.545563658794684,0.0,0,0.0,100.0,0,0.0,8.545563658794684,<20
2026-08-16 00:00:00+02:00,2682,Januzaj,3,2807349,0.0,0.0,0.0,8.496133055377012,0.0,0,0.0,100.0,0,0.0,8.496133055377012,<20
2026-08-16 00:00:00+02:00,2669,Matías Moreno,2,9023629,0.0,0.0,0.0,8.489351147024877,0.0,0,0.0,100.0,0,0.0,8.489351147024877,<20
2026-08-16 00:00:00+02:00,2797,Hugo Lopez,3,484821,0.0,0.0,0.0,8.42559509423808,0.0,0,0.0,100.0,0,0.0,8.42559509423808,<20
2026-08-16 00:00:00+02:00,2943,Diabate,4,4015452,0.0,0.0,0.0,8.294583879376901,0.0,0,0.0,100.0,0,0.0,8.294583879376901,<20
2026-08-16 00:00:00+02:00,2552,Jonny Otto,2,5399739,-3.6272700890634155,-1.1290509523105885,-0.6634895843393941,8.287995245588402,0.0,0,0.0,100.0,0,0.0,8.287995245588402,<20
2026-08-16 00:00:00+02:00,2437,Aritz,2,3709713,0.0,0.0,0.0,8.281904768118828,0.0,0,0.0,100.0,0,0.0,8.281904768118828,<20
2026-08-16 00:00:00+02:00,2808,Bardghji,4,2906833,-19.473915889592867,-9.261139716842282,-3.07813777965831,8.256408262875784,0.0,0,0.0,100.0,0,0.0,8.256408262875784,<20
2026-08-16 00:00:00+02:00,2602,Álvaro,4,10283491,0.0,0.0,0.0,8.226214665282534,0.0,0,0.0,100.0,0,0.0,8.226214665282534,<20
2026-08-16 00:00:00+02:00,2947,Birma,4,1503937,0.0,0.0,0.0,8.213259420671033,0.0,0,0.0,100.0,0,0.0,8.213259420671033,<20
2026-08-16 00:00:00+02:00,2146,Asencio,2,4444562,-19.077431867225116,-8.514317530857591,-2.772833299462715,8.174783776969099,0.0,0,0.0,100.0,0,0.0,8.174783776969099,<20
2026-08-16 00:00:00+02:00,2559,V. Rosier,2,5550787,-19.081859471386444,-8.676809287781753,-2.8992278871663575,8.167010071424706,0.0,0,0.0,100.0,0,0.0,8.167010071424706,<20
2026-08-16 00:00:00+02:00,2444,Sucic,3,3538310,-5.39923080110848,-1.710362092524725,-0.7569077013521458,8.156100399407249,0.0,0,0.0,100.0,0,0.0,8.156100399407249,<20
2026-08-16 00:00:00+02:00,2790,Cardoso,2,824902,-15.225639634306761,-6.200273131770729,-2.020633936482824,8.081768096897168,0.0,0,0.0,100.0,0,0.0,8.081768096897168,<20
2026-08-16 00:00:00+02:00,2302,R. Brugué,4,2190480,-18.985791224422318,-8.873751656761458,-2.9058477321072305,8.065203364863713,0.0,0,0.0,100.0,0,0.0,8.065203364863713,<20
2026-08-16 00:00:00+02:00,2525,Salinas,2,1032130,-3.5455624398403844,-1.4194009308580493,0.4860106431657674,8.048078309166481,0.0,0,0.0,100.0,0,0.0,8.048078309166481,<20
2026-08-16 00:00:00+02:00,2786,Jordán,3,562079,-2.903838214234508,0.0,0.0,8.034637264696954,0.0,0,0.0,100.0,0,0.0,8.034637264696954,<20
2026-08-16 00:00:00+02:00,255,Le Normand,2,10144161,-0.8025827687316007,3.181749570150677,1.6071788980143145,7.946003516912391,0.0,0,0.0,100.0,0,0.0,7.946003516912391,<20
2026-08-16 00:00:00+02:00,2390,Starfelt,2,13983235,9.883502498799851,3.024347022430535,0.9782076904051372,13.264953553330436,5.333333333333332,3,2.5097876254966995,33.33333333333333,0,0.0,7.931620219997104,<20
2026-08-16 00:00:00+02:00,2648,Jofre,2,601574,0.0,0.0,0.0,7.87049887297257,0.0,0,0.0,100.0,0,0.0,7.87049887297257,<20
2026-08-16 00:00:00+02:00,2664,Joselu,4,601574,0.0,0.0,0.0,7.87049887297257,0.0,0,0.0,100.0,0,0.0,7.87049887297257,<20
2026-08-16 00:00:00+02:00,2755,Ryan,1,13535444,0.0,0.0,0.0,7.748005874242392,0.0,0,0.0,100.0,0,0.0,7.748005874242392,<20
2026-08-16 00:00:00+02:00,2395,Hugo Sotelo,3,1382803,0.0,0.0,0.0,30.914035003739798,23.25,3,-15.030542024793982,0.0,3,0.0,7.664035003739798,<20
2026-08-16 00:00:00+02:00,2542,Rafa Marín,2,9636232,0.0,0.0,0.0,7.593002998496065,0.0,0,0.0,100.0,0,0.0,7.593002998496065,<20
2026-08-16 00:00:00+02:00,2798,Alemâo,4,3659334,-7.31454279136835,-1.8337098400644476,-0.669786637329062,7.5597663046274555,0.0,0,0.0,100.0,0,0.0,7.5597663046274555,<20
2026-08-16 00:00:00+02:00,2955,Ochieng,3,701836,0.0,0.0,0.0,7.52880515055027,0.0,0,0.0,100.0,0,0.0,7.52880515055027,<20
2026-08-16 00:00:00+02:00,2413,Adrián,1,1904987,0.0,0.0,0.0,7.460242587096779,0.0,0,0.0,100.0,0,0.0,7.460242587096779,<20
2026-08-16 00:00:00+02:00,2888,Cestero,3,601574,0.0,0.0,0.0,7.1667893819817134,0.0,0,0.0,100.0,0,0.0,7.1667893819817134,<20
2026-08-16 00:00:00+02:00,2889,Tommy Marqués,2,601574,0.0,0.0,0.0,7.1667893819817134,0.0,0,0.0,100.0,0,0.0,7.1667893819817134,<20
2026-08-16 00:00:00+02:00,2878,Eder García,3,601574,0.0,0.0,0.0,7.1667893819817134,0.0,0,0.0,100.0,0,0.0,7.1667893819817134,<20
2026-08-16 00:00:00+02:00,2961,Miguel Cubo,4,601574,0.0,0.0,0.0,7.1667893819817134,0.0,0,0.0,100.0,0,0.0,7.1667893819817134,<20
2026-08-16 00:00:00+02:00,2879,Asier Hierro,4,601574,0.0,0.0,0.0,7.1667893819817134,0.0,0,0.0,100.0,0,0.0,7.1667893819817134,<20
2026-08-16 00:00:00+02:00,2701,Cabanes,4,601574,0.0,0.0,0.0,7.1667893819817134,0.0,0,0.0,100.0,0,0.0,7.1667893819817134,<20
2026-08-16 00:00:00+02:00,2650,Toni Fernández,4,601574,0.0,0.0,0.0,7.1667893819817134,0.0,0,0.0,100.0,0,0.0,7.1667893819817134,<20
2026-08-16 00:00:00+02:00,2692,Rubo,2,601574,0.0,0.0,0.0,7.1667893819817134,0.0,0,0.0,100.0,0,0.0,7.1667893819817134,<20
2026-08-16 00:00:00+02:00,2717,R. Mendoza,3,849222,-3.802271893138556,-0.9104751903386715,-0.04449152542372881,30.396804131177007,23.25,3,-10.208969198376622,0.0,3,0.0,7.1468041311770065,<20
2026-08-16 00:00:00+02:00,988,Sivera,1,31592971,7.601946747937381,1.6247919042862329,0.3756823808410596,7.091234624826766,0.0,8,16.893061543332767,100.0,0,7.0963843697977325,7.091234624826766,<20
2026-08-16 00:00:00+02:00,2680,A. Castrín,2,4369326,-9.299802712208924,-6.130333967606318,-1.6142037863883758,6.972149965987797,0.0,0,0.0,100.0,0,0.0,6.972149965987797,<20
2026-08-16 00:00:00+02:00,2560,Raba,4,1584046,-14.279096774682332,-5.9669481046419754,-2.0028816750091716,6.9442427808283345,0.0,0,0.0,100.0,0,0.0,6.9442427808283345,<20
2026-08-16 00:00:00+02:00,2957,Yañez,4,701836,0.0,0.0,0.0,6.925625300366847,0.0,0,0.0,100.0,0,0.0,6.925625300366847,<20
2026-08-16 00:00:00+02:00,2865,Gorka Carrera,4,701836,0.0,0.0,0.0,6.925625300366847,0.0,0,0.0,100.0,0,0.0,6.925625300366847,<20
2026-08-16 00:00:00+02:00,2710,D. Pérez,3,701836,0.0,0.0,0.0,6.925625300366847,0.0,0,0.0,100.0,0,0.0,6.925625300366847,<20
2026-08-16 00:00:00+02:00,2703,Redondo,3,868568,-11.332611935727558,-4.127017065931385,-1.5841613326852104,6.907922004955283,0.0,0,0.0,100.0,0,0.0,6.907922004955283,<20
2026-08-16 00:00:00+02:00,2596,V. Chust,2,4663003,-6.984125274329829,-6.984125274329829,-0.34991837588636265,6.862530433714068,0.0,0,0.0,100.0,0,0.0,6.862530433714068,<20
2026-08-16 00:00:00+02:00,2538,I. Lekue,2,3179437,0.0,0.0,0.0,6.858581402476519,0.0,0,0.0,100.0,0,0.0,6.858581402476519,<20
2026-08-16 00:00:00+02:00,2423,Lunin,1,2144162,-8.181034135746481,-2.1276498625599904,-0.6394462179807698,6.842313093461408,0.0,0,0.0,100.0,0,0.0,6.842313093461408,<20
2026-08-16 00:00:00+02:00,2507,Dmitrovic,1,37560135,6.9509587196410285,1.2601478155601025,0.33956914621698747,6.815702219311583,0.0,8,15.469114897430153,100.0,0,6.881704806832731,6.815702219311583,<20
2026-08-16 00:00:00+02:00,2530,Huijsen,2,32460459,4.2714788740651235,5.708335482640631,1.6742371556573912,6.805411103762696,0.0,0,0.0,100.0,0,0.0,6.805411103762696,<20
2026-08-16 00:00:00+02:00,2394,Williot,3,8032504,-4.545633878469689,-0.8921002067044903,-0.39356457804713696,6.796435722824034,0.0,0,0.0,100.0,0,0.0,6.796435722824034,<20
2026-08-16 00:00:00+02:00,2573,Diego Aguado,2,773243,0.0,0.0,0.0,6.785658288335059,0.0,0,0.0,100.0,0,0.0,6.785658288335059,<20
2026-08-16 00:00:00+02:00,2704,L. Pinillos,3,501929,0.0,0.0,0.0,6.642641180160804,0.0,0,0.0,100.0,0,0.0,6.642641180160804,<20
2026-08-16 00:00:00+02:00,2802,Lucas Beltrán,3,9023629,0.0,0.0,0.0,6.612796455632607,0.0,0,0.0,100.0,0,0.0,6.612796455632607,<20
2026-08-16 00:00:00+02:00,2630,Rodríguez,2,9023629,0.0,0.0,0.0,6.612796455632607,0.0,0,0.0,100.0,0,0.0,6.612796455632607,<20
2026-08-16 00:00:00+02:00,204,Aitor Fdez,1,498466,-5.8432187381941825,-2.841850438362252,-1.0381282323628387,6.594791471041688,0.0,0,0.0,100.0,0,0.0,6.594791471041688,<20
2026-08-16 00:00:00+02:00,2758,Arnau Tenas,1,6597370,0.0,0.0,0.0,6.569401185609822,0.0,0,0.0,100.0,0,0.0,6.569401185609822,<20
2026-08-16 00:00:00+02:00,2492,Iago Aspas,4,7158101,-8.351273166968104,-2.466826857896935,-0.5655653048453113,6.565987263940534,0.0,2,-8.504620443224916,0.0,0,0.0,6.565987263940534,<20
2026-08-16 00:00:00+02:00,2421,Chimy Ávila,4,5614701,0.0,0.0,0.0,6.5438199479496655,0.0,0,0.0,100.0,0,0.0,6.5438199479496655,<20
2026-08-16 00:00:00+02:00,2619,Karrikaburu,4,562143,-11.607593523522596,-5.064740522821731,-1.3827463707732117,6.522658232276604,0.0,0,0.0,100.0,0,0.0,6.522658232276604,<20
2026-08-16 00:00:00+02:00,2954,Antañón,3,581040,0.0,0.0,0.0,6.496162640598468,0.0,0,0.0,100.0,0,0.0,6.496162640598468,<20
2026-08-16 00:00:00+02:00,2832,Morcillo,4,581757,0.0,0.0,0.0,6.4949778868388925,0.0,0,0.0,100.0,0,0.0,6.4949778868388925,<20
2026-08-16 00:00:00+02:00,2546,Foulquier,2,2263014,-17.750095588117706,-7.760802374156228,-2.614963550766424,6.481032228111125,0.0,0,0.0,100.0,0,0.0,6.481032228111125,<20
2026-08-16 00:00:00+02:00,2900,Aguirre,3,601574,0.0,0.0,0.0,6.463079890990857,0.0,0,0.0,100.0,0,0.0,6.463079890990857,<20
2026-08-16 00:00:00+02:00,2739,Iván,3,601574,0.0,0.0,0.0,6.463079890990857,0.0,0,0.0,100.0,0,0.0,6.463079890990857,<20
2026-08-16 00:00:00+02:00,2831,Ballestero,2,602316,0.0,0.0,0.0,6.461916183184463,0.0,0,0.0,100.0,0,0.0,6.461916183184463,<20
2026-08-16 00:00:00+02:00,2324,J. M. Giménez,2,4593905,-13.318409350484089,-5.357038376310175,-1.7195161607777028,6.457831989705202,0.0,2,-8.420580628049024,0.0,0,0.0,6.457831989705202,<20
2026-08-16 00:00:00+02:00,2600,Mariano,4,938687,-12.425866027538609,-4.177772242712173,-0.6767659560059804,6.391906993491974,0.0,0,0.0,100.0,0,0.0,6.391906993491974,<20
2026-08-16 00:00:00+02:00,2575,Thomas Partey,3,8021003,0.0,0.0,0.0,6.380509895865027,0.0,0,0.0,100.0,0,0.0,6.380509895865027,<20
2026-08-16 00:00:00+02:00,2425,F. Mendy,2,731626,-13.854497457290845,-5.391803155735904,-2.00168771849927,6.378486640259732,0.0,0,0.0,100.0,0,0.0,6.378486640259732,<20
2026-08-16 00:00:00+02:00,2353,Christensen,2,5013126,0.0,0.0,0.0,6.359209087619767,0.0,0,0.0,100.0,0,0.0,6.359209087619767,<20
2026-08-16 00:00:00+02:00,2708,André Silva,4,12031505,0.0,0.0,0.0,6.2892812085706105,0.0,0,0.0,100.0,0,0.0,6.2892812085706105,<20
2026-08-16 00:00:00+02:00,2925,Luis Vázquez,4,9023629,0.0,0.0,0.0,6.049830048214925,0.0,0,0.0,100.0,0,0.0,6.049830048214925,<20
2026-08-16 00:00:00+02:00,2496,Thierry Correia,2,8021003,0.0,0.0,0.0,6.011063165408333,0.0,0,0.0,100.0,0,0.0,6.011063165408333,<20
2026-08-16 00:00:00+02:00,2783,Szczesny,1,2308693,-13.853581615275429,-5.639302103922559,-1.843370676643779,5.919655262378613,0.0,0,0.0,100.0,0,0.0,5.919655262378613,<20
2026-08-16 00:00:00+02:00,2983,Eric Puerto,1,367523,-0.3919028427862503,0.0,0.0,5.852990799999999,0.0,0,0.0,100.0,0,0.0,5.852990799999999,<20
2026-08-16 00:00:00+02:00,2902,Diatta,3,552258,-4.940770652813781,-4.940770652813781,-1.3347530680025512,5.845296535147945,0.0,0,0.0,100.0,0,0.0,5.845296535147945,<20
2026-08-16 00:00:00+02:00,3061,Andrés,1,401049,0.0,0.0,0.0,5.8395804,0.0,0,0.0,100.0,0,0.0,5.8395804,<20
2026-08-16 00:00:00+02:00,3062,Arriaza,2,401049,0.0,0.0,0.0,5.8395804,0.0,0,0.0,100.0,0,0.0,5.8395804,<20
2026-08-16 00:00:00+02:00,3058,Gabilondo,2,401049,0.0,0.0,0.0,5.8395804,0.0,0,0.0,100.0,0,0.0,5.8395804,<20
2026-08-16 00:00:00+02:00,3063,M. Santaella,2,401049,0.0,0.0,0.0,5.8395804,0.0,0,0.0,100.0,0,0.0,5.8395804,<20
2026-08-16 00:00:00+02:00,3064,Moussa,2,401049,0.0,0.0,0.0,5.8395804,0.0,0,0.0,100.0,0,0.0,5.8395804,<20
2026-08-16 00:00:00+02:00,3060,Luismi,3,401049,0.0,0.0,0.0,5.8395804,0.0,0,0.0,100.0,0,0.0,5.8395804,<20
2026-08-16 00:00:00+02:00,2040,Jauregizar,3,28320536,5.725534092367575,1.3106495259828101,0.2729482797531151,5.838952133395916,0.0,5,13.621352475135277,100.0,0,0.0,5.838952133395916,<20
2026-08-16 00:00:00+02:00,2881,D. Martínez,2,415311,-1.8137844783360089,0.0,0.0,5.8338756,0.0,0,0.0,100.0,0,0.0,5.8338756,<20
2026-08-16 00:00:00+02:00,2812,Javi Serrano,3,429199,-2.1612564967630163,0.0,0.0,5.8283204,0.0,0,0.0,100.0,0,0.0,5.8283204,<20
2026-08-16 00:00:00+02:00,2953,Gattoni,2,435131,-2.3022778045960237,0.0,0.0,5.8259476,0.0,0,0.0,100.0,0,0.0,5.8259476,<20
2026-08-16 00:00:00+02:00,2997,Pablo,2,463623,0.0,0.0,0.0,5.8145508,0.0,0,0.0,100.0,0,0.0,5.8145508,<20
2026-08-16 00:00:00+02:00,2848,P. Meixus,2,484821,0.0,0.0,0.0,5.8060716,0.0,0,0.0,100.0,0,0.0,5.8060716,<20
2026-08-16 00:00:00+02:00,2863,Panach,2,501311,0.0,0.0,0.0,5.7994756,0.0,0,0.0,100.0,0,0.0,5.7994756,<20
2026-08-16 00:00:00+02:00,2966,Bachmann,1,501311,0.0,0.0,0.0,5.7994756,0.0,0,0.0,100.0,0,0.0,5.7994756,<20
2026-08-16 00:00:00+02:00,2858,Huseini,2,501311,0.0,0.0,0.0,5.7994756,0.0,0,0.0,100.0,0,0.0,5.7994756,<20
2026-08-16 00:00:00+02:00,2853,Nordin Al-Lal,4,501311,0.0,0.0,0.0,5.7994756,0.0,0,0.0,100.0,0,0.0,5.7994756,<20
2026-08-16 00:00:00+02:00,2854,Lucas Laso,2,501311,0.0,0.0,0.0,5.7994756,0.0,0,0.0,100.0,0,0.0,5.7994756,<20
2026-08-16 00:00:00+02:00,2855,Yassin T.,2,501311,0.0,0.0,0.0,5.7994756,0.0,0,0.0,100.0,0,0.0,5.7994756,<20
2026-08-16 00:00:00+02:00,2829,Ibon Sánchez,4,501311,0.0,0.0,0.0,5.7994756,0.0,0,0.0,100.0,0,0.0,5.7994756,<20
2026-08-16 00:00:00+02:00,2984,Rubén López,3,501311,0.0,0.0,0.0,5.7994756,0.0,0,0.0,100.0,0,0.0,5.7994756,<20
2026-08-16 00:00:00+02:00,2795,Navarro,2,501311,0.0,0.0,0.0,5.7994756,0.0,0,0.0,100.0,0,0.0,5.7994756,<20
2026-08-16 00:00:00+02:00,2796,Lucas Núñez,3,501311,0.0,0.0,0.0,5.7994756,0.0,0,0.0,100.0,0,0.0,5.7994756,<20
2026-08-16 00:00:00+02:00,2982,I.vidal,2,501311,0.0,0.0,0.0,5.7994756,0.0,0,0.0,100.0,0,0.0,5.7994756,<20
2026-08-16 00:00:00+02:00,2720,R. Chasco,2,501311,0.0,0.0,0.0,5.7994756,0.0,0,0.0,100.0,0,0.0,5.7994756,<20
2026-08-16 00:00:00+02:00,2658,Tristán,1,501311,0.0,0.0,0.0,5.7994756,0.0,0,0.0,100.0,0,0.0,5.7994756,<20
2026-08-16 00:00:00+02:00,2851,Álvaro García,2,501929,0.0,0.0,0.0,5.7992284,0.0,0,0.0,100.0,0,0.0,5.7992284,<20
2026-08-16 00:00:00+02:00,2723,Mauro,3,561590,0.0,0.0,0.0,5.775364,0.0,0,0.0,100.0,0,0.0,5.775364,<20
2026-08-16 00:00:00+02:00,2748,Aimar Blázquez,4,580962,0.0,0.0,0.0,5.767615200000001,0.0,0,0.0,100.0,0,0.0,5.767615200000001,<20
2026-08-16 00:00:00+02:00,2970,Nájera,3,580962,0.0,0.0,0.0,5.767615200000001,0.0,0,0.0,100.0,0,0.0,5.767615200000001,<20
2026-08-16 00:00:00+02:00,2981,Enrique,3,581040,0.0,0.0,0.0,5.767584,0.0,0,0.0,100.0,0,0.0,5.767584,<20
2026-08-16 00:00:00+02:00,2794,Manu G.,1,581040,0.0,0.0,0.0,5.767584,0.0,0,0.0,100.0,0,0.0,5.767584,<20
2026-08-16 00:00:00+02:00,2842,Juan Hernández,3,581040,0.0,0.0,0.0,5.767584,0.0,0,0.0,100.0,0,0.0,5.767584,<20
2026-08-16 00:00:00+02:00,3056,Juanpe,3,581293,0.0,0.0,0.0,5.7674828,0.0,0,0.0,100.0,0,0.0,5.7674828,<20
2026-08-16 00:00:00+02:00,2740,Vilaplana,2,581293,0.0,0.0,0.0,5.7674828,0.0,0,0.0,100.0,0,0.0,5.7674828,<20
2026-08-16 00:00:00+02:00,2901,Fontanet,2,581293,0.0,0.0,0.0,5.7674828,0.0,0,0.0,100.0,0,0.0,5.7674828,<20
2026-08-16 00:00:00+02:00,2886,Izei,3,582010,0.0,0.0,0.0,5.767195999999999,0.0,0,0.0,100.0,0,0.0,5.767195999999999,<20
2026-08-16 00:00:00+02:00,2668,Cayetano,1,601574,0.0,0.0,0.0,5.7593704,0.0,0,0.0,100.0,0,0.0,5.7593704,<20
2026-08-16 00:00:00+02:00,3029,Laro,1,601574,0.0,0.0,0.0,5.7593704,0.0,0,0.0,100.0,0,0.0,5.7593704,<20
2026-08-16 00:00:00+02:00,2719,Stamatakis,1,601574,0.0,0.0,0.0,5.7593704,0.0,0,0.0,100.0,0,0.0,5.7593704,<20
2026-08-16 00:00:00+02:00,2741,Martin Krug,2,601574,0.0,0.0,0.0,5.7593704,0.0,0,0.0,100.0,0,0.0,5.7593704,<20
2026-08-16 00:00:00+02:00,2725,De Las Sias,2,601574,0.0,0.0,0.0,5.7593704,0.0,0,0.0,100.0,0,0.0,5.7593704,<20
2026-08-16 00:00:00+02:00,2724,Adrián Molina,1,601574,0.0,0.0,0.0,5.7593704,0.0,0,0.0,100.0,0,0.0,5.7593704,<20
2026-08-16 00:00:00+02:00,2677,Rafa Romero,1,601574,0.0,0.0,0.0,5.7593704,0.0,0,0.0,100.0,0,0.0,5.7593704,<20
2026-08-16 00:00:00+02:00,2643,Esquivel,1,601574,0.0,0.0,0.0,5.7593704,0.0,0,0.0,100.0,0,0.0,5.7593704,<20
2026-08-16 00:00:00+02:00,3016,Alvaro J.,1,601574,0.0,0.0,0.0,5.7593704,0.0,0,0.0,100.0,0,0.0,5.7593704,<20
2026-08-16 00:00:00+02:00,2744,Juanpe Gil,1,601574,0.0,0.0,0.0,5.7593704,0.0,0,0.0,100.0,0,0.0,5.7593704,<20
2026-08-16 00:00:00+02:00,2699,J. Ives Valou,2,601574,0.0,0.0,0.0,5.7593704,0.0,0,0.0,100.0,0,0.0,5.7593704,<20
2026-08-16 00:00:00+02:00,2745,Edu Altozano,3,601574,0.0,0.0,0.0,5.7593704,0.0,0,0.0,100.0,0,0.0,5.7593704,<20
2026-08-16 00:00:00+02:00,2693,Otorbi,4,601574,0.0,0.0,0.0,5.7593704,0.0,0,0.0,100.0,0,0.0,5.7593704,<20
2026-08-16 00:00:00+02:00,2788,Alex Costa,4,601574,0.0,0.0,0.0,5.7593704,0.0,0,0.0,100.0,0,0.0,5.7593704,<20
2026-08-16 00:00:00+02:00,2972,Damián,2,601574,0.0,0.0,0.0,5.7593704,0.0,0,0.0,100.0,0,0.0,5.7593704,<20
2026-08-16 00:00:00+02:00,2918,Pol Fortuny,3,601574,0.0,0.0,0.0,5.7593704,0.0,0,0.0,100.0,0,0.0,5.7593704,<20
2026-08-16 00:00:00+02:00,2872,Mikel,2,601574,0.0,0.0,0.0,5.7593704,0.0,0,0.0,100.0,0,0.0,5.7593704,<20
2026-08-16 00:00:00+02:00,3021,Andreev,1,601574,0.0,0.0,0.0,5.7593704,0.0,0,0.0,100.0,0,0.0,5.7593704,<20
2026-08-16 00:00:00+02:00,3031,Diego Diaz,4,601574,0.0,0.0,0.0,5.7593704,0.0,0,0.0,100.0,0,0.0,5.7593704,<20
2026-08-16 00:00:00+02:00,2737,Jon De Luis,2,601574,0.0,0.0,0.0,5.7593704,0.0,0,0.0,100.0,0,0.0,5.7593704,<20
2026-08-16 00:00:00+02:00,3033,M. Solorzano,3,601574,0.0,0.0,0.0,5.7593704,0.0,0,0.0,100.0,0,0.0,5.7593704,<20
2026-08-16 00:00:00+02:00,2743,Joan Ruiz,3,601574,0.0,0.0,0.0,5.7593704,0.0,0,0.0,100.0,0,0.0,5.7593704,<20
2026-08-16 00:00:00+02:00,2827,Monreal,2,601574,0.0,0.0,0.0,5.7593704,0.0,0,0.0,100.0,0,0.0,5.7593704,<20
2026-08-16 00:00:00+02:00,2810,Taufik Seidu,3,601574,0.0,0.0,0.0,5.7593704,0.0,0,0.0,100.0,0,0.0,5.7593704,<20
2026-08-16 00:00:00+02:00,2919,Mestanza,3,601574,0.0,0.0,0.0,5.7593704,0.0,0,0.0,100.0,0,0.0,5.7593704,<20
2026-08-16 00:00:00+02:00,2821,Mykyta,4,601574,0.0,0.0,0.0,5.7593704,0.0,0,0.0,100.0,0,0.0,5.7593704,<20
2026-08-16 00:00:00+02:00,2913,Burcio,3,601574,0.0,0.0,0.0,5.7593704,0.0,0,0.0,100.0,0,0.0,5.7593704,<20
2026-08-16 00:00:00+02:00,2914,Bema Sina,2,601574,0.0,0.0,0.0,5.7593704,0.0,0,0.0,100.0,0,0.0,5.7593704,<20
2026-08-16 00:00:00+02:00,2859,Roson,3,601574,0.0,0.0,0.0,5.7593704,0.0,0,0.0,100.0,0,0.0,5.7593704,<20
2026-08-16 00:00:00+02:00,2920,A. Riquelme,3,601574,0.0,0.0,0.0,5.7593704,0.0,0,0.0,100.0,0,0.0,5.7593704,<20
2026-08-16 00:00:00+02:00,2899,Astiazaran,3,601574,0.0,0.0,0.0,5.7593704,0.0,0,0.0,100.0,0,0.0,5.7593704,<20
2026-08-16 00:00:00+02:00,2903,J. Gaitán,3,601574,0.0,0.0,0.0,5.7593704,0.0,0,0.0,100.0,0,0.0,5.7593704,<20
2026-08-16 00:00:00+02:00,2847,R. Arroyo,4,601574,0.0,0.0,0.0,5.7593704,0.0,0,0.0,100.0,0,0.0,5.7593704,<20
2026-08-16 00:00:00+02:00,2849,Óscar Marcos,4,601574,0.0,0.0,0.0,5.7593704,0.0,0,0.0,100.0,0,0.0,5.7593704,<20
2026-08-16 00:00:00+02:00,2898,Kita,2,601574,0.0,0.0,0.0,5.7593704,0.0,0,0.0,100.0,0,0.0,5.7593704,<20
2026-08-16 00:00:00+02:00,2891,Solozabal,3,601574,0.0,0.0,0.0,5.7593704,0.0,0,0.0,100.0,0,0.0,5.7593704,<20
2026-08-16 00:00:00+02:00,2893,Ferri,3,601574,0.0,0.0,0.0,5.7593704,0.0,0,0.0,100.0,0,0.0,5.7593704,<20
2026-08-16 00:00:00+02:00,2830,Pedroarena,3,601574,0.0,0.0,0.0,5.7593704,0.0,0,0.0,100.0,0,0.0,5.7593704,<20
2026-08-16 00:00:00+02:00,2820,J. Benito,1,601574,0.0,0.0,0.0,5.7593704,0.0,0,0.0,100.0,0,0.0,5.7593704,<20
2026-08-16 00:00:00+02:00,2968,Quique T.,2,601574,0.0,0.0,0.0,5.7593704,0.0,0,0.0,100.0,0,0.0,5.7593704,<20
2026-08-16 00:00:00+02:00,2844,David Delgado,2,601574,0.0,0.0,0.0,5.7593704,0.0,0,0.0,100.0,0,0.0,5.7593704,<20
2026-08-16 00:00:00+02:00,2840,Barry,3,601574,0.0,0.0,0.0,5.7593704,0.0,0,0.0,100.0,0,0.0,5.7593704,<20
2026-08-16 00:00:00+02:00,2839,Sierra,2,601574,0.0,0.0,0.0,5.7593704,0.0,0,0.0,100.0,0,0.0,5.7593704,<20
2026-08-16 00:00:00+02:00,2828,Adrián,4,601574,0.0,0.0,0.0,5.7593704,0.0,0,0.0,100.0,0,0.0,5.7593704,<20
2026-08-16 00:00:00+02:00,2835,Fraga,1,601574,0.0,0.0,0.0,5.7593704,0.0,0,0.0,100.0,0,0.0,5.7593704,<20
2026-08-16 00:00:00+02:00,2836,Lebarbier,2,601574,0.0,0.0,0.0,5.7593704,0.0,0,0.0,100.0,0,0.0,5.7593704,<20
2026-08-16 00:00:00+02:00,2884,A. Arcos,3,601574,0.0,0.0,0.0,5.7593704,0.0,0,0.0,100.0,0,0.0,5.7593704,<20
2026-08-16 00:00:00+02:00,2816,A. Martinez,3,601574,0.0,0.0,0.0,5.7593704,0.0,0,0.0,100.0,0,0.0,5.7593704,<20
2026-08-16 00:00:00+02:00,2811,Bladi,2,601574,0.0,0.0,0.0,5.7593704,0.0,0,0.0,100.0,0,0.0,5.7593704,<20
2026-08-16 00:00:00+02:00,2876,Iker Muñoz,2,601574,0.0,0.0,0.0,5.7593704,0.0,0,0.0,100.0,0,0.0,5.7593704,<20
2026-08-16 00:00:00+02:00,2864,Marc Jurado,2,601574,0.0,0.0,0.0,5.7593704,0.0,0,0.0,100.0,0,0.0,5.7593704,<20
2026-08-16 00:00:00+02:00,2873,Santos,2,601574,0.0,0.0,0.0,5.7593704,0.0,0,0.0,100.0,0,0.0,5.7593704,<20
2026-08-16 00:00:00+02:00,2862,Alex Marchal,3,601574,0.0,0.0,0.0,5.7593704,0.0,0,0.0,100.0,0,0.0,5.7593704,<20
2026-08-16 00:00:00+02:00,2791,Montero,1,602316,0.0,0.0,0.0,5.759073599999999,0.0,0,0.0,100.0,0,0.0,5.759073599999999,<20
2026-08-16 00:00:00+02:00,2880,Bujan,4,602316,0.0,0.0,0.0,5.759073599999999,0.0,0,0.0,100.0,0,0.0,5.759073599999999,<20
2026-08-16 00:00:00+02:00,2885,Xanet Olaiz,2,602316,0.0,0.0,0.0,5.759073599999999,0.0,0,0.0,100.0,0,0.0,5.759073599999999,<20
2026-08-16 00:00:00+02:00,2749,Swiderski,1,602316,0.0,0.0,0.0,5.759073599999999,0.0,0,0.0,100.0,0,0.0,5.759073599999999,<20
2026-08-16 00:00:00+02:00,2852,Egoitz M.l.,2,602316,0.0,0.0,0.0,5.759073599999999,0.0,0,0.0,100.0,0,0.0,5.759073599999999,<20
2026-08-16 00:00:00+02:00,3003,Aldasoro,3,607842,0.0,0.0,0.0,5.756863200000001,0.0,0,0.0,100.0,0,0.0,5.756863200000001,<20
2026-08-16 00:00:00+02:00,2722,Mestre,1,677102,0.0,0.0,0.0,5.7291592,0.0,0,0.0,100.0,0,0.0,5.7291592,<20
2026-08-16 00:00:00+02:00,2647,Kochen,1,677102,0.0,0.0,0.0,5.7291592,0.0,0,0.0,100.0,0,0.0,5.7291592,<20
2026-08-16 00:00:00+02:00,3015,A. Vallecillo,3,677197,0.0,0.0,0.0,5.7291212,0.0,0,0.0,100.0,0,0.0,5.7291212,<20
2026-08-16 00:00:00+02:00,2952,Lamini,2,677197,0.0,0.0,0.0,5.7291212,0.0,0,0.0,100.0,0,0.0,5.7291212,<20
2026-08-16 00:00:00+02:00,2875,Mariezkurrena,4,677197,0.0,0.0,0.0,5.7291212,0.0,0,0.0,100.0,0,0.0,5.7291212,<20
2026-08-16 00:00:00+02:00,2967,Mané,3,677197,0.0,0.0,0.0,5.7291212,0.0,0,0.0,100.0,0,0.0,5.7291212,<20
2026-08-16 00:00:00+02:00,2939,G. Villar,3,7018377,0.0,0.0,0.0,5.725998434445515,0.0,0,0.0,100.0,0,0.0,5.725998434445515,<20
2026-08-16 00:00:00+02:00,3020,Carlos,2,701836,0.0,0.0,0.0,5.719265599999999,0.0,0,0.0,100.0,0,0.0,5.719265599999999,<20
2026-08-16 00:00:00+02:00,3024,Sergio,3,701836,0.0,0.0,0.0,5.719265599999999,0.0,0,0.0,100.0,0,0.0,5.719265599999999,<20
2026-08-16 00:00:00+02:00,2974,Noé,3,701836,0.0,0.0,0.0,5.719265599999999,0.0,0,0.0,100.0,0,0.0,5.719265599999999,<20
2026-08-16 00:00:00+02:00,2969,Fabi,3,701836,0.0,0.0,0.0,5.719265599999999,0.0,0,0.0,100.0,0,0.0,5.719265599999999,<20
2026-08-16 00:00:00+02:00,2960,Spina,2,701836,0.0,0.0,0.0,5.719265599999999,0.0,0,0.0,100.0,0,0.0,5.719265599999999,<20
2026-08-16 00:00:00+02:00,2819,Ferrer,1,701836,0.0,0.0,0.0,5.719265599999999,0.0,0,0.0,100.0,0,0.0,5.719265599999999,<20
2026-08-16 00:00:00+02:00,2871,Jon Garcia,3,701836,0.0,0.0,0.0,5.719265599999999,0.0,0,0.0,100.0,0,0.0,5.719265599999999,<20
2026-08-16 00:00:00+02:00,2917,Meso,3,701836,0.0,0.0,0.0,5.719265599999999,0.0,0,0.0,100.0,0,0.0,5.719265599999999,<20
2026-08-16 00:00:00+02:00,2809,M. Santos,1,701836,0.0,0.0,0.0,5.719265599999999,0.0,0,0.0,100.0,0,0.0,5.719265599999999,<20
2026-08-16 00:00:00+02:00,2823,Eder Aller,1,701836,0.0,0.0,0.0,5.719265599999999,0.0,0,0.0,100.0,0,0.0,5.719265599999999,<20
2026-08-16 00:00:00+02:00,2837,Javi Navarro,1,701836,0.0,0.0,0.0,5.719265599999999,0.0,0,0.0,100.0,0,0.0,5.719265599999999,<20
2026-08-16 00:00:00+02:00,3032,Izan,3,701836,0.0,0.0,0.0,5.719265599999999,0.0,0,0.0,100.0,0,0.0,5.719265599999999,<20
2026-08-16 00:00:00+02:00,2585,Kostis,2,701836,0.0,0.0,0.0,5.719265599999999,0.0,0,0.0,100.0,0,0.0,5.719265599999999,<20
2026-08-16 00:00:00+02:00,2662,Risco,3,701836,0.0,0.0,0.0,5.719265599999999,0.0,0,0.0,100.0,0,0.0,5.719265599999999,<20
2026-08-16 00:00:00+02:00,2649,Guille Fernández,3,701836,0.0,0.0,0.0,5.719265599999999,0.0,0,0.0,100.0,0,0.0,5.719265599999999,<20
2026-08-16 00:00:00+02:00,3025,S. Franco,4,701836,0.0,0.0,0.0,5.719265599999999,0.0,0,0.0,100.0,0,0.0,5.719265599999999,<20
2026-08-16 00:00:00+02:00,2747,Alberto F.,1,701836,0.0,0.0,0.0,5.719265599999999,0.0,0,0.0,100.0,0,0.0,5.719265599999999,<20
2026-08-16 00:00:00+02:00,2979,Samu,2,701836,0.0,0.0,0.0,5.719265599999999,0.0,0,0.0,100.0,0,0.0,5.719265599999999,<20
2026-08-16 00:00:00+02:00,2993,Diego Gómez,3,701836,0.0,0.0,0.0,5.719265599999999,0.0,0,0.0,100.0,0,0.0,5.719265599999999,<20
2026-08-16 00:00:00+02:00,2792,Folgado,1,701836,0.0,0.0,0.0,5.719265599999999,0.0,0,0.0,100.0,0,0.0,5.719265599999999,<20
2026-08-16 00:00:00+02:00,2874,Joan Martínez,2,701836,0.0,0.0,0.0,5.719265599999999,0.0,0,0.0,100.0,0,0.0,5.719265599999999,<20
2026-08-16 00:00:00+02:00,2793,Germán,1,701836,0.0,0.0,0.0,5.719265599999999,0.0,0,0.0,100.0,0,0.0,5.719265599999999,<20
2026-08-16 00:00:00+02:00,3006,Mario García,2,733895,0.0,0.0,0.0,5.706442,0.0,0,0.0,100.0,0,0.0,5.706442,<20
2026-08-16 00:00:00+02:00,3054,Recio,2,751968,0.0,0.0,0.0,5.699212800000001,0.0,0,0.0,100.0,0,0.0,5.699212800000001,<20
2026-08-16 00:00:00+02:00,1337,Tenaglia,2,14472093,0.006136323823758975,0.9012940410192639,0.5332912270679007,5.689833107413439,0.0,0,0.0,100.0,0,0.0,5.689833107413439,<20
2026-08-16 00:00:00+02:00,2715,A. Iturbe,1,802099,0.0,0.0,0.0,5.6791604,0.0,0,0.0,100.0,0,0.0,5.6791604,<20
2026-08-16 00:00:00+02:00,2716,Albert,2,802099,0.0,0.0,0.0,5.6791604,0.0,0,0.0,100.0,0,0.0,5.6791604,<20
2026-08-16 00:00:00+02:00,3013,Calera,2,802099,0.0,0.0,0.0,5.6791604,0.0,0,0.0,100.0,0,0.0,5.6791604,<20
2026-08-16 00:00:00+02:00,3030,Aitor Crespo,2,802099,0.0,0.0,0.0,5.6791604,0.0,0,0.0,100.0,0,0.0,5.6791604,<20
2026-08-16 00:00:00+02:00,2867,Valdepeñas,2,802099,0.0,0.0,0.0,5.6791604,0.0,0,0.0,100.0,0,0.0,5.6791604,<20
2026-08-16 00:00:00+02:00,2978,Cristian H.,4,802099,0.0,0.0,0.0,5.6791604,0.0,0,0.0,100.0,0,0.0,5.6791604,<20
2026-08-16 00:00:00+02:00,2572,Fortea,2,802099,0.0,0.0,0.0,5.6791604,0.0,0,0.0,100.0,0,0.0,5.6791604,<20
2026-08-16 00:00:00+02:00,2735,Thiago Pitarch,3,7018377,0.0,0.0,0.0,5.665680595530144,0.0,0,0.0,100.0,0,0.0,5.665680595530144,<20
2026-08-16 00:00:00+02:00,3014,Diego Fuentes,3,902361,0.0,0.0,0.0,5.6390556,0.0,0,0.0,100.0,0,0.0,5.6390556,<20
2026-08-16 00:00:00+02:00,2971,Rios,1,902361,0.0,0.0,0.0,5.6390556,0.0,0,0.0,100.0,0,0.0,5.6390556,<20
2026-08-16 00:00:00+02:00,2567,Raúl Fernández,1,903475,0.0,0.0,0.0,5.63861,0.0,0,0.0,100.0,0,0.0,5.63861,<20
2026-08-16 00:00:00+02:00,2400,Pere Milla,4,9566323,-3.1243126473694165,-0.9217200303501137,-0.18560926666967165,5.634330073376685,0.0,7,4.057192333151798,100.0,0,4.047433021233408,5.634330073376685,<20
2026-08-16 00:00:00+02:00,3010,Suleiman,2,954892,0.0,0.0,0.0,5.6180432,0.0,0,0.0,100.0,0,0.0,5.6180432,<20
2026-08-16 00:00:00+02:00,3052,Darko,3,1002625,0.0,0.0,0.0,5.598949999999999,0.0,0,0.0,100.0,0,0.0,5.598949999999999,<20
2026-08-16 00:00:00+02:00,2996,Escudero,2,1002625,0.0,0.0,0.0,5.598949999999999,0.0,0,0.0,100.0,0,0.0,5.598949999999999,<20
2026-08-16 00:00:00+02:00,2597,Marc Vidal,1,1002625,0.0,0.0,0.0,5.598949999999999,0.0,0,0.0,100.0,0,0.0,5.598949999999999,<20
2026-08-16 00:00:00+02:00,2785,Riedel,2,4532650,-10.188088550722483,-4.23231615537325,-1.4561183887559555,5.589077765398462,0.0,0,0.0,100.0,0,0.0,5.589077765398462,<20
2026-08-16 00:00:00+02:00,2772,C. Soler,3,31955581,3.7153603729232114,3.164308684339839,0.7417490681675859,5.569177081180914,0.0,0,0.0,100.0,0,0.0,5.569177081180914,<20
2026-08-16 00:00:00+02:00,2529,Rubén S.,3,457936,-7.913321857756471,-3.460314114050806,-0.7671038147162582,28.8168256,23.25,3,-16.20495784169645,0.0,3,0.0,5.566825600000001,<20
2026-08-16 00:00:00+02:00,3107,Konaté,2,48735216,10.065167052820884,0.3720887125923317,-0.4333006689540926,5.563305007037055,0.0,5,21.84382574115985,100.0,0,0.0,5.563305007037055,<20
2026-08-16 00:00:00+02:00,2667,A. Primo,1,1102887,0.0,0.0,0.0,5.5588451999999995,0.0,0,0.0,100.0,0,0.0,5.5588451999999995,<20
2026-08-16 00:00:00+02:00,2964,Gragera,3,1195313,0.0,0.0,0.0,5.5218748,0.0,0,0.0,100.0,0,0.0,5.5218748,<20
2026-08-16 00:00:00+02:00,3051,Victor,2,1253280,0.0,0.0,0.0,5.4986880000000005,0.0,0,0.0,100.0,0,0.0,5.4986880000000005,<20
2026-08-16 00:00:00+02:00,2818,Hector Fort,2,3340711,-13.9443802313064,-6.0853047473613895,-1.8590231704422338,5.487853733332016,0.0,0,0.0,100.0,0,0.0,5.487853733332016,<20
2026-08-16 00:00:00+02:00,2922,Osorio,4,1403675,0.0,0.0,0.0,5.43853,0.0,0,0.0,100.0,0,0.0,5.43853,<20
2026-08-16 00:00:00+02:00,2644,Padilla,1,1503937,0.0,0.0,0.0,5.398425199999999,0.0,0,0.0,100.0,0,0.0,5.398425199999999,<20
2026-08-16 00:00:00+02:00,3019,Mata,4,1503937,0.0,0.0,0.0,5.398425199999999,0.0,0,0.0,100.0,0,0.0,5.398425199999999,<20
2026-08-16 00:00:00+02:00,3036,Dani Lorenzo,3,9716466,4.650994470651414,1.752230540478868,0.26136252123976783,5.307196391889052,0.0,0,0.0,100.0,0,0.0,5.307196391889052,<20
2026-08-16 00:00:00+02:00,2718,F. Mastantuono,4,10026254,0.0,0.0,0.0,5.282852029381422,0.0,0,0.0,100.0,0,0.0,5.282852029381422,<20
2026-08-16 00:00:00+02:00,2616,C. Alvarez,3,19742709,4.690836927101799,0.6125823384934799,0.34251542973790816,5.280470068061551,0.0,8,15.55848145168393,100.0,0,2.107960490040039,5.280470068061551,<20
2026-08-16 00:00:00+02:00,2905,K. Tunde,3,8522316,0.0,0.0,0.0,5.2237695322637965,0.0,0,0.0,100.0,0,0.0,5.2237695322637965,<20
2026-08-16 00:00:00+02:00,581,Rioja,3,12229053,-19.993608152255515,-9.050475911830288,-2.9999297230437505,5.206181269037486,0.0,0,0.0,100.0,0,0.0,5.206181269037486,<20
2026-08-16 00:00:00+02:00,2300,Dela,2,14036756,0.0,0.0,0.0,4.999611619564065,0.0,0,0.0,100.0,0,0.0,4.999611619564065,<20
2026-08-16 00:00:00+02:00,3005,Sangalli,4,2506562,0.0,0.0,0.0,4.997375199999999,0.0,0,0.0,100.0,0,0.0,4.997375199999999,<20
2026-08-16 00:00:00+02:00,2396,Franco Cervi,4,2807349,0.0,0.0,0.0,4.8770604,0.0,0,0.0,100.0,0,0.0,4.8770604,<20
2026-08-16 00:00:00+02:00,2940,Fidalgo,3,2649407,-9.033579615664971,-3.128834580143182,-1.1359226344180715,4.8522519766399554,0.0,0,0.0,100.0,0,0.0,4.8522519766399554,<20
2026-08-16 00:00:00+02:00,3018,Eriksson,1,2908104,0.9863527450776122,-1.3146602552899795,-0.5114173434419423,4.8367584,0.0,7,10.214145983673609,100.0,0,7.904721173458715,4.8367584,<20
2026-08-16 00:00:00+02:00,1674,Arda Güler,3,52651995,2.5144228823148063,3.8976583105002294,1.2933721207800646,4.83511188588947,0.0,0,0.0,100.0,0,0.0,4.83511188588947,<20
2026-08-16 00:00:00+02:00,2074,Javi Rodríguez,2,9142733,-8.812074778875541,-8.812074778875541,-2.308651915123688,4.812565345613834,0.0,0,0.0,100.0,0,0.0,4.812565345613834,<20
2026-08-16 00:00:00+02:00,2533,Á. Carreras,2,12241851,-14.538968003243118,-5.8547781896350255,-1.7938050726900745,4.792303603978407,0.0,0,0.0,100.0,0,0.0,4.792303603978407,<20
2026-08-16 00:00:00+02:00,2468,Diego Conde,1,3041589,0.0,0.0,0.0,4.7833644,0.0,0,0.0,100.0,0,0.0,4.7833644,<20
2026-08-16 00:00:00+02:00,2962,Luismi Cruz,4,6004343,0.8895550997899319,1.6251134416076567,0.5694141395801617,4.749076651322625,0.0,0,0.0,100.0,0,0.0,4.749076651322625,<20
2026-08-16 00:00:00+02:00,2607,Ilaix Moriba,3,10086454,-3.939804987343501,-2.5439088240074006,-0.8122975414534503,4.71537439708943,0.0,4,5.571544072622681,100.0,0,0.0,4.71537439708943,<20
2026-08-16 00:00:00+02:00,2429,Fran García,2,9591157,0.0,0.0,0.0,4.679396339830575,0.0,0,0.0,100.0,0,0.0,4.679396339830575,<20
2026-08-16 00:00:00+02:00,2617,Sadiq,4,6807226,-11.97867490085484,-2.9572604148906265,-0.9881367159057488,4.602951824037183,0.0,0,0.0,100.0,0,0.0,4.602951824037183,<20
2026-08-16 00:00:00+02:00,3046,Aaron Ochoa,3,3509188,0.0,0.0,0.0,4.5963248,0.0,0,0.0,100.0,0,0.0,4.5963248,<20
2026-08-16 00:00:00+02:00,2990,Ximo Navarro,2,5556596,-0.020314067356697208,2.5108403363825005,0.7660371459648764,4.584033846786439,0.0,0,0.0,100.0,0,0.0,4.584033846786439,<20
2026-08-16 00:00:00+02:00,3102,Vini Jr.,4,107583315,7.718485541581854,0.9701830008936028,0.04556405890815247,4.575351531124702,0.0,0,0.0,100.0,0,0.0,4.575351531124702,<20
2026-08-16 00:00:00+02:00,1147,Juan Iglesias,2,11807962,-5.783663338923457,-1.9860098855993429,0.827379776753049,4.544955909128659,0.0,0,0.0,100.0,0,0.0,4.544955909128659,<20
2026-08-16 00:00:00+02:00,2431,Brahim,3,10669469,-7.3839981097409275,0.8908242651576859,0.7817063503758296,4.436334491747746,0.0,0,0.0,100.0,0,0.0,4.436334491747746,<20
2026-08-16 00:00:00+02:00,2666,P. Campos,1,1056067,-10.915529491753038,-4.359516575273613,-1.5048470344207527,4.418911552644545,0.0,0,0.0,100.0,0,0.0,4.418911552644545,<20
2026-08-16 00:00:00+02:00,3043,Montero,2,4110764,0.0,0.0,0.0,4.3556944,0.0,0,0.0,100.0,0,0.0,4.3556944,<20
2026-08-16 00:00:00+02:00,74,Yuri,2,12494580,-4.074458227033716,-0.7953628947417314,-0.14383926317981793,4.34855219890011,0.0,0,0.0,100.0,0,0.0,4.34855219890011,<20
2026-08-16 00:00:00+02:00,2565,A. Fortuño,1,538874,-10.796628350460855,-4.635379521366493,-1.2666113337254277,4.330016540663186,0.0,0,0.0,100.0,0,0.0,4.330016540663186,<20
2026-08-16 00:00:00+02:00,2372,Herrera,3,3056483,-4.442890983629365,-1.3329885698643156,-0.5134659914629566,4.270468269669552,0.0,0,0.0,100.0,0,0.0,4.270468269669552,<20
2026-08-16 00:00:00+02:00,2768,Lucas Boyé,4,11994121,-15.083674728585908,-6.362178446249278,-1.858580410224377,4.22429177316676,0.0,0,0.0,100.0,0,0.0,4.22429177316676,<20
2026-08-16 00:00:00+02:00,302,Gayá,2,10919145,-5.396159476442839,-2.0319553359934517,-0.5391980937008691,4.121201797393478,0.0,0,0.0,100.0,0,0.0,4.121201797393478,<20
2026-08-16 00:00:00+02:00,121,Bartra,2,27886319,3.4800722801112585,0.312535117618933,-0.1367079381993457,4.112396038536444,0.0,0,0.0,100.0,0,0.0,4.112396038536444,<20
2026-08-16 00:00:00+02:00,2926,Boselli,2,2649932,-8.319413672036633,-5.093426279695776,-1.130978697842921,4.052108063458634,0.0,0,0.0,100.0,0,0.0,4.052108063458634,<20
2026-08-16 00:00:00+02:00,2932,Ángel Pérez,4,6598219,-8.608634105937332,-3.0896030110256523,-0.9445534598672869,4.041494631606903,0.0,0,0.0,100.0,0,0.0,4.041494631606903,<20
2026-08-16 00:00:00+02:00,2477,I. Akhomach,4,5122165,-13.196223259171763,-5.378300037925047,-1.5594691762491908,4.034752232047711,0.0,0,0.0,100.0,0,0.0,4.034752232047711,<20
2026-08-16 00:00:00+02:00,2379,A. Mumin,2,6015752,0.0,0.0,0.0,4.015924052354286,0.0,0,0.0,100.0,0,0.0,4.015924052354286,<20
2026-08-16 00:00:00+02:00,3041,Rafita,2,5013126,0.0,0.0,0.0,3.9947496,0.0,0,0.0,100.0,0,0.0,3.9947496,<20
2026-08-16 00:00:00+02:00,3009,Castro,2,5013126,0.0,0.0,0.0,3.9947496,0.0,0,0.0,100.0,0,0.0,3.9947496,<20
2026-08-16 00:00:00+02:00,1300,Camavinga,3,10199838,-12.108004089283142,-4.180285964387192,-1.2237984701066509,3.95431116977871,0.0,0,0.0,100.0,0,0.0,3.95431116977871,<20
2026-08-16 00:00:00+02:00,2314,Vivian,2,10512541,-18.758118843367424,-8.463367813956145,-2.840978775007202,3.9318118553195975,0.0,0,0.0,100.0,0,0.0,3.9318118553195975,<20
2026-08-16 00:00:00+02:00,2490,Brais Méndez,3,15039382,0.0,0.0,0.0,3.884468125086523,0.0,0,0.0,100.0,0,0.0,3.884468125086523,<20
2026-08-16 00:00:00+02:00,2415,Llorente ,2,13251307,8.36226388556111,2.4222125916192265,0.8724952784910049,12.197136073061777,8.377474105208805,4,-0.7977037320080038,50.0,2,0.0,3.819661967852973,<20
2026-08-16 00:00:00+02:00,2949,B. Sangare,2,3783066,-5.670987240746231,-2.348726412647,0.32148457295695004,3.7248172044908188,0.0,0,0.0,100.0,0,0.0,3.7248172044908188,<20
2026-08-16 00:00:00+02:00,2389,O. Mingueza,2,15039382,0.0,0.0,0.0,3.7155782066045,0.0,0,0.0,100.0,0,0.0,3.7155782066045,<20
2026-08-16 00:00:00+02:00,2627,Junior,2,3444610,-11.31407768427584,-4.304240843907129,-1.3578081485670923,3.6772426099519735,0.0,0,0.0,100.0,0,0.0,3.6772426099519735,<20
2026-08-16 00:00:00+02:00,2448,Oskarsson,4,7711925,-9.592470498864033,-3.434651970693534,-0.8490525283994629,3.6739638071341894,0.0,0,0.0,100.0,0,0.0,3.6739638071341894,<20
2026-08-16 00:00:00+02:00,1535,Chavarría,2,17526407,-3.6934511638886636,0.0,0.0,3.6714123246519756,0.0,7,13.238668395027684,100.0,0,3.75715051062315,3.6714123246519756,<20
2026-08-16 00:00:00+02:00,3001,Jokin Ezkieta,1,5949251,0.0,0.0,0.0,3.6202995999999996,0.0,0,0.0,100.0,0,0.0,3.6202995999999996,<20
2026-08-16 00:00:00+02:00,2321,J. Musso,1,4422796,-13.292434018929116,-5.302775315493548,-1.5999916346123255,3.617621070472163,0.0,0,0.0,100.0,0,0.0,3.617621070472163,<20
2026-08-16 00:00:00+02:00,2934,Freeman,2,2411337,-11.332909242004161,-4.315630958356729,-1.42398116238855,3.594133323822704,0.0,0,0.0,100.0,0,0.0,3.594133323822704,<20
2026-08-16 00:00:00+02:00,1219,Agirrezabala,1,2802725,-3.607324498591972,-3.607324498591972,3.289559028606976,20.58743176601938,17.03525401601039,3,-3.441140014554899,0.0,3,0.0,3.5521777500089904,<20
2026-08-16 00:00:00+02:00,3038,Rafa R.,3,6263550,0.0,0.0,0.0,3.49458,0.0,0,0.0,100.0,0,0.0,3.49458,<20
2026-08-16 00:00:00+02:00,2782,Nico Gonzalez,3,15039382,0.0,0.0,0.0,3.4340950091344626,0.0,0,0.0,100.0,0,0.0,3.4340950091344626,<20
2026-08-16 00:00:00+02:00,2973,Nsongo Bil,4,6517065,0.0,0.0,0.0,3.3931740000000006,0.0,0,0.0,100.0,0,0.0,3.3931740000000006,<20
2026-08-16 00:00:00+02:00,644,Sergio Herrera,1,39602509,3.0433915031067045,-1.5317751127234345,-0.662748194139348,3.342209112839339,0.0,8,13.854371883667827,100.0,0,7.587573004294359,3.342209112839339,<20
2026-08-16 00:00:00+02:00,2698,Pau Navarro,2,8995994,-6.443115899751381,-2.1994590961141003,-0.6212830998403267,3.2977641677691936,0.0,0,0.0,100.0,0,0.0,3.2977641677691936,<20
2026-08-16 00:00:00+02:00,2326,Koke,3,16231219,-8.538328549941,-5.33824223343446,-1.00073844364965,3.244775803140027,0.0,0,0.0,100.0,0,0.0,3.244775803140027,<20
2026-08-16 00:00:00+02:00,2754,Alfon,4,5976065,-14.851182830446414,-8.855194960979436,-3.008300522980177,3.235127685748622,0.0,0,0.0,100.0,0,0.0,3.235127685748622,<20
2026-08-16 00:00:00+02:00,1989,Sergio Gómez,2,17896815,-1.8648987506933052,-0.34341423083136124,-0.06410995216965366,3.222174820864308,0.0,0,0.0,100.0,0,0.0,3.222174820864308,<20
2026-08-16 00:00:00+02:00,2550,Luiz Felipe,2,3734874,-9.14404232400595,-9.14404232400595,-2.6599362928838493,3.21295979462761,0.0,0,0.0,100.0,0,0.0,3.21295979462761,<20
2026-08-16 00:00:00+02:00,2342,Protesoni,3,2699001,-10.37947421758886,-7.249741062266707,-2.0964554504577055,3.211064637125613,0.0,0,0.0,100.0,0,0.0,3.211064637125613,<20
2026-08-16 00:00:00+02:00,3022,Villalibre,4,7249976,-3.586770199303429,4.469915014523528,1.1113640065782573,3.1000096,0.0,0,0.0,100.0,0,0.0,3.1000096,<20
2026-08-16 00:00:00+02:00,1959,Mouriño,2,40219248,3.708833372940431,-0.44045895182636635,-0.6432248640260311,3.089753735604952,0.0,0,0.0,100.0,0,0.0,3.089753735604952,<20
2026-08-16 00:00:00+02:00,2756,Ramazani,4,16042008,0.0,0.0,0.0,3.008351572945233,0.0,0,0.0,100.0,0,0.0,3.008351572945233,<20
2026-08-16 00:00:00+02:00,2329,Javi Galán,2,12374144,-14.518581284705698,-7.129746654938563,-2.4078881648740156,2.963167930376976,0.0,0,0.0,100.0,0,0.0,2.963167930376976,<20
2026-08-16 00:00:00+02:00,2601,Martim Neto,3,1643001,-8.438427527081144,-3.086770024986256,-1.0172385332486689,26.190026108078815,23.25,3,-12.233193621066048,0.0,3,0.0,2.940026108078815,<20
2026-08-16 00:00:00+02:00,2426,E. Militão,2,11728483,-18.21511704247137,-8.235630368186241,-2.6018388792829903,2.927346472116925,0.0,0,0.0,100.0,0,0.0,2.927346472116925,<20
2026-08-16 00:00:00+02:00,3059,Pastor,2,376322,-3.179728363362243,-1.5132005946025167,-0.037188348359196946,2.8494711999999995,0.0,0,0.0,100.0,0,0.0,2.8494711999999995,<20
2026-08-16 00:00:00+02:00,3057,Carlos Lopez,1,383785,-3.7196572105205066,-1.7296563732268142,-0.11737577946886808,2.846486,0.0,0,0.0,100.0,0,0.0,2.846486,<20
2026-08-16 00:00:00+02:00,2480,Johnny,3,5728479,-14.145053352109535,-5.079952020337173,-1.423305725677529,2.7348737189516914,0.0,0,0.0,100.0,0,0.0,2.7348737189516914,<20
2026-08-16 00:00:00+02:00,2579,Fran González,1,667407,-4.905561983141361,-0.6676658336967345,-0.4177813720238672,2.7330371999999996,0.0,0,0.0,100.0,0,0.0,2.7330371999999996,<20
2026-08-16 00:00:00+02:00,2556,Buchanan,3,18271700,-6.476146905495595,-2.145125253564877,-0.5501021647852864,2.7182291011053525,0.0,0,0.0,100.0,0,0.0,2.7182291011053525,<20
2026-08-16 00:00:00+02:00,3068,Cabrera,2,17006166,2.9426629008155367,2.383484235017832,0.5773590308756941,2.5320333797970824,0.0,0,0.0,100.0,0,0.0,2.5320333797970824,<20
2026-08-16 00:00:00+02:00,1070,De Galarreta,3,12424943,10.343363480077802,3.980196054408379,1.5412105974369001,18.686518669916637,16.25,6,7.807695789906652,50.0,3,20.585804195876825,2.4365186699166372,<20
2026-08-16 00:00:00+02:00,2938,Koski,2,796336,-0.8408781592077591,1.637641112692325,2.0025566733529567,18.33252595491045,15.93244241920883,3,-2.438584017462573,0.0,3,0.0,2.400083535701622,<20
2026-08-16 00:00:00+02:00,2435,Marrero,1,1124857,-13.161389038570508,-5.02574762681941,-1.7884629992290506,2.3706717090853915,0.0,0,0.0,100.0,0,0.0,2.3706717090853915,<20
2026-08-16 00:00:00+02:00,2332,Sorloth,4,22659719,-13.133313342758191,-8.877390515289466,-2.9373176759204758,2.3095314347602165,0.0,0,0.0,100.0,0,0.0,2.3095314347602165,<20
2026-08-16 00:00:00+02:00,3002,Iñigo Vicente,4,19269684,2.67754608256625,2.0885801163468645,0.5459783114541801,2.281997012325822,0.0,0,0.0,100.0,0,0.0,2.281997012325822,<20
2026-08-16 00:00:00+02:00,2453,Agoumé,3,5839881,2.3775388919859894,1.1984637621538106,0.3551683019679809,15.086502249210326,12.841649868429663,3,-3.6439241228148447,33.33333333333333,2,0.0,2.2448523807806637,<20
2026-08-16 00:00:00+02:00,2516,Puado,3,6279004,-19.510814757956393,-8.692062249317772,-2.8633105567356645,2.2296529831801344,0.0,0,0.0,100.0,0,0.0,2.2296529831801344,<20
2026-08-16 00:00:00+02:00,2458,Diakhaby,2,5760894,-11.858231278403524,-4.44473674214748,-1.4016253884275793,2.198732812418813,0.0,0,0.0,100.0,0,0.0,2.198732812418813,<20
2026-08-16 00:00:00+02:00,2713,Ionut Radu,1,38934871,-1.8818337853352887,-2.8125349305662093,-0.7981122150707111,2.174571649837152,0.0,8,15.561638972749464,100.0,0,-0.12225057489497537,2.174571649837152,<20
2026-08-16 00:00:00+02:00,2604,Carreira,2,6742909,-0.47509282892923893,0.4265841677133185,0.12968179031851856,11.464496795140041,9.290486015863092,3,-0.41559334775432627,33.33333333333333,2,0.0,2.1740107792769496,<20
2026-08-16 00:00:00+02:00,3087,Pepe,4,50686818,1.5124929088000896,3.1492198517305283,1.1874389698028862,2.1323502242677588,0.0,0,0.0,100.0,0,0.0,2.1323502242677588,<20
2026-08-16 00:00:00+02:00,356,Gerard,4,27943029,-3.8238804819436347,-0.7303556757714608,0.10466144110582666,2.1209821836661544,0.0,0,0.0,100.0,0,0.0,2.1209821836661544,<20
2026-08-16 00:00:00+02:00,2789,Oso,2,13206750,-5.913089890570157,-2.6219860226319134,0.6517604941182729,2.0444091089783627,0.0,0,0.0,100.0,0,0.0,2.0444091089783627,<20
2026-08-16 00:00:00+02:00,2929,Fer López,3,15039382,0.0,0.0,0.0,1.9985307020372693,0.0,0,0.0,100.0,0,0.0,1.9985307020372693,<20
2026-08-16 00:00:00+02:00,3023,Canales,4,10026254,0.0,0.0,0.0,1.9894984,0.0,0,0.0,100.0,0,0.0,1.9894984,<20
2026-08-16 00:00:00+02:00,2945,Vecino,3,1986837,-15.941711985148343,-6.699146980856964,-2.335633164762047,1.845479355712958,0.0,0,0.0,100.0,0,0.0,1.845479355712958,<20
2026-08-16 00:00:00+02:00,1033,Catena,2,33949160,-6.114749696282688,-2.0867629651076753,-0.5377831007900924,1.7968043981058732,0.0,0,0.0,100.0,0,0.0,1.7968043981058732,<20
2026-08-16 00:00:00+02:00,3027,Facu,2,3059782,-1.7290180519954765,0.18479846031842698,-0.3303015516355139,1.7760871999999999,0.0,0,0.0,100.0,0,0.0,1.7760871999999999,<20
2026-08-16 00:00:00+02:00,2519,A. Batalla,1,40067753,-4.2829190564332205,-2.3080558949215577,-0.6910008757130846,1.7719985445652515,0.0,8,16.7873523020239,100.0,0,1.343188444849595,1.7719985445652515,<20
2026-08-16 00:00:00+02:00,2467,Júnior R.,1,38033274,-7.251614171933193,-2.7453347158348493,-0.5941412935647945,1.7528511131244358,0.0,8,12.367653456894233,100.0,0,11.890672057624823,1.7528511131244358,<20
2026-08-16 00:00:00+02:00,2358,F. De Jong,3,25953214,-20.325433521788188,-9.240746159199574,-3.052301382220799,1.7210456734440165,0.0,0,0.0,100.0,0,0.0,1.7210456734440165,<20
2026-08-16 00:00:00+02:00,2963,Quagliata,2,3244856,-0.5399586571164442,-1.4125519392054562,-0.7700524489478253,1.7020576,0.0,0,0.0,100.0,0,0.0,1.7020576,<20
2026-08-16 00:00:00+02:00,91,Iñaki Williams,4,27360660,-6.753920534990565,-1.77038454997435,-0.3929650296727878,1.6081483414508275,0.0,0,0.0,100.0,0,0.0,1.6081483414508275,<20
2026-08-16 00:00:00+02:00,2656,Jon Martin,2,30078766,0.0,0.0,0.0,1.5763058010203386,0.0,0,0.0,100.0,0,0.0,1.5763058010203386,<20
2026-08-16 00:00:00+02:00,2430,Valverde,3,69031659,-4.015818780659226,-0.5945893335445713,0.26292423102451024,1.5269805409138442,0.0,0,0.0,100.0,0,0.0,1.5269805409138442,<20
2026-08-16 00:00:00+02:00,701,Barrenetxea,3,32862621,-6.08529604220532,-1.2860981029187877,-0.2133339211957121,1.521485459117823,0.0,0,0.0,100.0,0,0.0,1.521485459117823,<20
2026-08-16 00:00:00+02:00,2965,M. Loureiro,2,3715099,-1.9181551917046353,-2.218771968935087,-1.0507781090202264,1.5139603999999998,0.0,0,0.0,100.0,0,0.0,1.5139603999999998,<20
2026-08-16 00:00:00+02:00,2354,Eric,2,44534752,-7.01905933037566,-2.247228769778639,-0.4755344997497293,1.5044430919925182,0.0,0,0.0,100.0,0,0.0,1.5044430919925182,<20
2026-08-16 00:00:00+02:00,2770,Antony,4,58748446,-4.059781400757711,-0.29742700649438164,0.20918089799762604,1.4844080584985462,0.0,0,0.0,100.0,0,0.0,1.4844080584985462,<20
2026-08-16 00:00:00+02:00,2635,Rashford,4,53640466,0.0,0.0,0.0,1.4679216246928202,0.0,0,0.0,100.0,0,0.0,1.4679216246928202,<20
2026-08-16 00:00:00+02:00,2428,Rüdiger,2,27972981,-0.989889408962012,1.2787202920107934,0.8458758666566637,1.4594914486279422,0.0,0,0.0,100.0,0,0.0,1.4594914486279422,<20
2026-08-16 00:00:00+02:00,274,Remiro,1,43040286,-5.496082109657719,-2.2466518167659277,-0.5174330367621468,1.4560002381644646,0.0,8,14.283953462876013,100.0,0,9.791652283257024,1.4560002381644646,<20
2026-08-16 00:00:00+02:00,1480,Tchouaméni,3,41544723,-8.69745552429899,-3.6398181991675367,-0.962499782769229,1.4522502252171308,0.0,0,0.0,100.0,0,0.0,1.4522502252171308,<20
2026-08-16 00:00:00+02:00,886,De Frutos,4,45879388,-7.307939154648848,-3.8159336104734862,-1.087001093361103,1.4312890718303977,0.0,8,16.754710521068013,100.0,0,2.456511420925672,1.4312890718303977,<20
2026-08-16 00:00:00+02:00,2924,Zaid Romero,2,28061835,-6.705497825276476,-3.4414605853583606,0.1418988574435181,1.4135450039766342,0.0,0,0.0,100.0,0,0.0,1.4135450039766342,<20
2026-08-16 00:00:00+02:00,2217,Cucho,4,44416290,-7.564075392059287,-2.2460397150601588,-0.5571414556023536,1.4108937659283716,0.0,1,9.409353094127418,100.0,0,0.0,1.4108937659283716,<20
2026-08-16 00:00:00+02:00,1787,Prados,3,1425623,-11.779663114642508,-4.56853369534585,-1.368203520273641,1.4028954358901342,0.0,0,0.0,100.0,0,0.0,1.4028954358901342,<20
2026-08-16 00:00:00+02:00,2799,Amrabat,3,20052510,0.0,0.0,0.0,1.372230542045194,0.0,0,0.0,100.0,0,0.0,1.372230542045194,<20
2026-08-16 00:00:00+02:00,3012,Maguette,3,4088223,-4.910385019829802,-2.234283906388215,-0.708747378506608,1.3647108000000003,0.0,0,0.0,100.0,0,0.0,1.3647108000000003,<20
2026-08-16 00:00:00+02:00,2543,Natan,2,39829866,-8.626495377283456,-4.373814317139225,-1.4238912662511294,1.3641354789728224,0.0,0,0.0,100.0,0,0.0,1.3641354789728224,<20
2026-08-16 00:00:00+02:00,2531,Trent,2,22781237,-7.71275692884408,-3.2154845456734167,-0.7560168625452678,1.331505103666379,0.0,0,0.0,100.0,0,0.0,1.331505103666379,<20
2026-08-16 00:00:00+02:00,2322,Oblak,1,52330272,-5.517653680975525,-2.011375983822767,-0.5059359983280978,1.3249182678303935,0.0,5,13.56772358379079,100.0,0,0.0,1.3249182678303935,<20
2026-08-16 00:00:00+02:00,1210,Giuliano,4,43571509,-8.08042542880357,-2.420459864329497,-0.6386567231230261,1.300544047411042,0.0,8,15.230280163720074,100.0,0,4.807401739066522,1.300544047411042,<20
2026-08-16 00:00:00+02:00,2355,Kounde,2,40955364,-9.90349849602546,-3.8670725456446604,-1.0466037722811083,1.2533970723183738,0.0,7,14.86172829875465,100.0,0,4.260075640647338,1.2533970723183738,<20
2026-08-16 00:00:00+02:00,3088,Julián Alvarez,4,70546928,1.4782128441050566,1.1453260688089142,0.165822475517193,1.2274556115785051,0.0,0,0.0,100.0,0,0.0,1.2274556115785051,<20
2026-08-16 00:00:00+02:00,2417,Lo Celso,3,36748891,-11.805547322491607,-7.770632721085861,-2.6437561304824975,1.079397652208516,0.0,8,16.431060013223597,100.0,0,3.3446645839166322,1.079397652208516,<20
2026-08-16 00:00:00+02:00,2906,Cancelo,2,46150015,0.0,0.0,0.0,1.0732390877879459,0.0,0,0.0,100.0,0,0.0,1.0732390877879459,<20
2026-08-16 00:00:00+02:00,2469,Costa,2,1252543,-10.962186707839466,-4.164144924852732,-1.22780856280158,1.0645010457392148,0.0,0,0.0,100.0,0,0.0,1.0645010457392148,<20
2026-08-16 00:00:00+02:00,1565,Barrios,3,41747606,-7.355309544215244,-0.06736444312140144,0.2918769083125209,1.022014691493128,0.0,0,0.0,100.0,0,0.0,1.022014691493128,<20
2026-08-16 00:00:00+02:00,67,Marcos Llorente,2,50412682,-8.263464450034881,-2.9659840051947874,-0.8280642315891077,1.0182622962478634,0.0,0,0.0,100.0,0,0.0,1.0182622962478634,<20
2026-08-16 00:00:00+02:00,2728,Renato Veiga,2,39193607,-10.072670839547056,-3.518261064272637,-0.8740064475790116,1.0120698170665094,0.0,7,15.593678185763121,100.0,0,3.4590488472010428,1.0120698170665094,<20
2026-08-16 00:00:00+02:00,2471,Kambwala,2,1138833,-12.11304583370955,-4.759782161458769,-1.5315430601117463,0.8780918712401198,0.0,0,0.0,100.0,0,0.0,0.8780918712401198,<20
2026-08-16 00:00:00+02:00,2534,Álex Baena,3,53098589,-10.841724508585482,-4.087652631577806,-1.2836808906285402,0.8349248853549267,0.0,8,15.303323626651512,100.0,0,6.256350007109866,0.8349248853549267,<20
2026-08-16 00:00:00+02:00,1775,Pau Cubarsí,2,77521144,-8.869550391073993,-2.9231594298527868,-0.5177019861555588,0.8040817010302809,0.0,8,15.674164359367191,100.0,0,5.815274175388108,0.8040817010302809,<20
2026-08-16 00:00:00+02:00,2318,O. Sancet,3,47005338,-9.849510273764,-4.737035169524502,-1.4272344663188687,0.7587790702976474,0.0,8,17.111128280295894,100.0,0,3.821708384475558,0.7587790702976474,<20
2026-08-16 00:00:00+02:00,3075,Javi Guerra,3,24183434,0.2662856922996808,1.3483280738589456,0.7002210343300684,0.7454540226908914,0.0,0,0.0,100.0,0,0.0,0.7454540226908914,<20
2026-08-16 00:00:00+02:00,2465,Fran Pérez,3,776513,-12.26634880462783,-4.669109748387136,-1.508111968117828,23.889394799999998,23.25,3,-16.849541397947288,0.0,3,0.0,0.639394799999998,<20
2026-08-16 00:00:00+02:00,2562,Marc Pubill,2,58782961,-12.40130443057785,-4.84702453034425,-1.4206368436015053,0.6067517875914187,0.0,8,18.823207631737553,100.0,0,1.318936350827446,0.6067517875914187,<20
2026-08-16 00:00:00+02:00,2850,H. González,3,1378212,-8.359725174658248,-8.359725174658248,-2.278240116056874,0.4837185183895277,0.0,0,0.0,100.0,0,0.0,0.4837185183895277,<20
2026-08-16 00:00:00+02:00,1221,Gavi,3,32111326,-14.20815176456205,-5.975836524293628,-1.7798343515416704,0.3633193679596626,0.0,0,0.0,100.0,0,0.0,0.3633193679596626,<20
2026-08-16 00:00:00+02:00,2912,Julio Díaz,2,461586,-1.6965107165979487,-1.6965107165979487,-0.793717317996299,22.99217627738912,22.63898005183897,3,-8.535436410762701,0.0,3,0.0,0.35319622555014973,<20
2026-08-16 00:00:00+02:00,3069,Blanco,3,14970656,-1.9423344011565713,0.05693036650243435,0.1537362731169715,0.011737600000000016,0.0,0,0.0,100.0,0,0.0,0.011737600000000016,<20
2026-08-16 00:00:00+02:00,3091,Oyarzabal,4,62905318,-5.307221530877864,-2.1001432423060953,-0.46460113943997894,0.0,0.0,0,0.0,100.0,0,0.0,0.0,<20
2026-08-16 00:00:00+02:00,3090,Isco,3,54899202,-5.439813142220916,-2.077120721561913,-0.48999511143198066,0.0,0.0,0,0.0,100.0,0,0.0,0.0,<20
2026-08-16 00:00:00+02:00,3123,Marcos Alonso,2,29194974,-5.11319896565982,-1.1520946091260178,-0.4516895659809142,0.0,0.0,0,0.0,100.0,0,0.0,0.0,<20
2026-08-16 00:00:00+02:00,3122,Djalo,4,1042067,-15.989371162021254,-6.5780260901293754,-2.21925499991555,0.0,0.0,0,0.0,100.0,0,0.0,0.0,<20
2026-08-16 00:00:00+02:00,3121,Dieng,3,4596041,-13.520374275062217,-6.24855172031149,-2.1827357474004483,0.0,0.0,0,0.0,100.0,0,0.0,0.0,<20
2026-08-16 00:00:00+02:00,3117,Vargas,4,25880676,-7.3180447912884095,-3.368750673470106,-1.026131057636279,0.0,0.0,0,0.0,100.0,0,0.0,0.0,<20
2026-08-16 00:00:00+02:00,3110,C. Pérez,4,1174121,-17.59230079781242,-7.520764332213563,-2.446236715485604,0.0,0.0,0,0.0,100.0,0,0.0,0.0,<20
2026-08-16 00:00:00+02:00,140,Iván Villar,1,963997,-11.982553499982652,-4.639726975962014,-1.4767294260490615,0.0,0.0,0,0.0,100.0,0,0.0,0.0,<20
2026-08-16 00:00:00+02:00,68,Unai Simón,1,54032285,-8.809071181273419,-3.078476261482172,-0.8037402843685771,1.301690893385933,9.012551011255743,8,10.124457628179723,87.5,1,13.916780025012763,0.0,<20
2026-08-16 00:00:00+02:00,3111,Cabello,2,819073,-15.347591703769847,-6.261387253600432,-2.176410731688674,0.0,0.0,0,0.0,100.0,0,0.0,0.0,<20
2026-08-16 00:00:00+02:00,3115,Diaby,2,1067303,-13.114517885838675,-4.651626090343514,-1.718924095509084,0.0,0.0,0,0.0,100.0,0,0.0,0.0,<20
2026-08-16 00:00:00+02:00,3113,Tenés,4,495557,-9.463162779480921,-4.124030467832523,-1.0202430767079784,0.0,0.0,0,0.0,100.0,0,0.0,0.0,<20
2026-08-16 00:00:00+02:00,3112,Endrick,4,6696239,-7.508684218486636,-1.9631270947935584,-0.35327491350791423,0.0,0.0,0,0.0,100.0,0,0.0,0.0,<20
2026-08-16 00:00:00+02:00,3092,Olmo,3,62376614,-7.798038362562139,-3.1351307064219105,-0.8240446092795829,0.0,0.0,0,0.0,100.0,0,0.0,0.0,<20
2026-08-16 00:00:00+02:00,3098,Q. Hartman,2,8753133,-11.7815363869177,-4.930205733426305,-1.5150120659998039,0.0,0.0,0,0.0,100.0,0,0.0,0.0,<20
2026-08-16 00:00:00+02:00,2398,F. Calero,2,2858839,-18.532748886637023,-8.573470742022913,-2.871681134810759,14.108291279548565,16.825451073011763,3,-3.250410066374329,0.0,3,0.0,0.0,<20
2026-08-16 00:00:00+02:00,3100,Pedri,3,88567616,-2.3522280261323805,0.3510432217583324,0.32931034480805516,0.0,0.0,0,0.0,100.0,0,0.0,0.0,<20
2026-08-16 00:00:00+02:00,927,Berenguer,4,8930593,-6.0077083296058165,-1.7125424737607524,-0.4642871074702555,5.524082592649037,12.115255226234304,6,5.452289710482229,66.66666666666666,2,13.219085687928084,0.0,<20
2026-08-16 00:00:00+02:00,2540,C. Rivero,1,490094,-8.832950753193025,-3.633121039146943,-0.9859103710497925,0.0,0.0,0,0.0,100.0,0,0.0,0.0,<20
2026-08-16 00:00:00+02:00,2532,Ruggeri,2,5956370,-13.626326266870532,-5.592938105718563,-1.7959378424707504,7.163199510216234,17.504417442211533,3,-3.8676522201923027,0.0,3,0.0,0.0,<20
2026-08-16 00:00:00+02:00,2936,Egiluz,2,413952,-5.6536860866354575,-2.516266834967278,-0.4109127652408218,0.0,0.0,0,0.0,100.0,0,0.0,0.0,<20
2026-08-16 00:00:00+02:00,2363,Letacek,1,696155,-13.238847879000126,-5.474085841921599,-1.7632117406335992,0.0,0.0,0,0.0,100.0,0,0.0,0.0,<20
2026-08-16 00:00:00+02:00,2359,Ferran,4,55168717,-19.352658836709967,-8.917803265573284,-3.0407221038357313,1.2567508744735412,3.75,4,7.136930924917398,75.0,1,0.0,0.0,<20
2026-08-16 00:00:00+02:00,3099,Fornals,3,57625840,-6.4747165770787305,-1.9463898148380065,-0.5205534660524885,0.0,0.0,0,0.0,100.0,0,0.0,0.0,<20
2026-08-16 00:00:00+02:00,2434,Rodrygo,4,2972801,-14.659852394435093,-6.29013985233641,-1.8421755580891854,10.315748234297107,15.152811223469866,3,-5.744979900124122,33.33333333333333,2,0.0,0.0,<20
2026-08-16 00:00:00+02:00,3101,Bellingham,3,88904293,-3.131986091078645,-0.047552132662445325,0.3426756995544504,0.0,0.0,0,0.0,100.0,0,0.0,0.0,<20
2026-08-16 00:00:00+02:00,3089,Ez Abde,4,44395627,-15.512756013952883,-6.480111078867445,-1.9570786762407206,0.0,0.0,0,0.0,100.0,0,0.0,0.0,<20
2026-08-16 00:00:00+02:00,2623,Dolan,4,6005273,-2.9033253735465063,-0.2135548862810261,-0.15933878394781456,11.312918520915712,16.849763836512764,3,-3.2725125786479694,0.0,3,0.0,0.0,<20
2026-08-16 00:00:00+02:00,2621,Gorrotxa,3,6221614,-16.964945875723163,-7.37440465902004,-2.47306164548906,6.2684698857884795,15.22659984076779,6,4.01612753497674,50.0,3,13.281332979483976,0.0,<20
2026-08-16 00:00:00+02:00,3011,Jorge Salinas,2,5574497,-7.334993197857891,-7.334993197857891,-0.7355845269583743,0.0,0.0,0,0.0,100.0,0,0.0,0.0,<20
2026-08-16 00:00:00+02:00,2696,Ruben,1,565082,-6.066086632733462,-4.231668110044725,-1.3968210760320858,0.0,0.0,0,0.0,100.0,0,0.0,0.0,<20
2026-08-16 00:00:00+02:00,2977,Riki,3,1002760,-13.957642956309538,-5.6223217571437845,-1.929411396515167,0.0,0.0,0,0.0,100.0,0,0.0,0.0,<20
2026-08-16 00:00:00+02:00,2991,D. Villares,3,2490703,-10.663963191029033,-2.9578211647307215,-1.0464267183463765,0.0,0.0,0,0.0,100.0,0,0.0,0.0,<20
2026-08-16 00:00:00+02:00,2992,Jose Angel,3,1003320,-15.57288625076364,-6.530702743189538,-2.152542637352349,0.0,0.0,0,0.0,100.0,0,0.0,0.0,<20
2026-08-16 00:00:00+02:00,2989,Dani Barcia,2,1303312,-12.094114346070677,-4.614164077057404,-1.4524533069796244,0.0,0.0,0,0.0,100.0,0,0.0,0.0,<20
2026-08-16 00:00:00+02:00,2988,Germán,1,593635,-10.268076455072443,-3.833630325611534,-1.4479785243634589,0.0,0.0,0,0.0,100.0,0,0.0,0.0,<20
2026-08-16 00:00:00+02:00,2294,R.P. Bigas,2,5051643,-15.783576503491096,-6.898408701743677,-2.3640886284393385,8.644052373983408,18.207508523466004,3,-4.506825930423639,0.0,3,0.0,0.0,<20
2026-08-16 00:00:00+02:00,2975,A. Ferllo,1,4650459,-10.91653243208918,-4.584674487352254,-1.6568030069324053,0.0,0.0,0,0.0,100.0,0,0.0,0.0,<20
2026-08-16 00:00:00+02:00,3017,Guliashvili,4,2019126,-19.67344658975584,-8.802185358944213,-2.988479459729038,0.0,0.0,0,0.0,100.0,0,0.0,0.0,<20
2026-08-16 00:00:00+02:00,2998,Patiño,3,507500,-9.25589836660617,-4.253051167546785,-1.0925617708621609,0.0,0.0,0,0.0,100.0,0,0.0,0.0,<20
2026-08-16 00:00:00+02:00,3007,Arana,4,782536,-8.597619092115345,-3.35518085026238,-1.1359056608302684,0.0,0.0,0,0.0,100.0,0,0.0,0.0,<20
2026-08-16 00:00:00+02:00,3008,Manu Hernando,2,1743424,-10.053500766139226,-3.921030500822783,-1.5120410803360091,0.0,0.0,0,0.0,100.0,0,0.0,0.0,<20
2026-08-16 00:00:00+02:00,2603,Ferran Jutglà,4,9506551,4.404342731705507,2.497711293857793,0.5148204773595718,11.880632177540955,22.222427946540076,3,-8.156752678672795,0.0,3,0.0,0.0,<20
2026-08-16 00:00:00+02:00,3000,Iñigo,2,749996,-13.209673817070474,-5.275189671656796,-1.7689541088301013,0.0,0.0,0,0.0,100.0,0,0.0,0.0,<20
2026-08-16 00:00:00+02:00,2987,Comas,2,707715,-14.208460415747389,-5.967364976276429,-1.932758087916382,0.0,0.0,0,0.0,100.0,0,0.0,0.0,<20
2026-08-16 00:00:00+02:00,2980,Eddahchouri,4,1855900,-10.42223038462114,-4.022928172081269,-1.331668924393444,0.0,0.0,0,0.0,100.0,0,0.0,0.0,<20
2026-08-16 00:00:00+02:00,2976,A. Alti,2,4477457,-12.922858149147123,-6.2821592379258755,-1.8684083812526202,0.0,0.0,0,0.0,100.0,0,0.0,0.0,<20
2026-08-16 00:00:00+02:00,3039,Murillo,2,2017995,-19.21078590725151,-8.543996881967985,-2.9341566794741305,0.0,0.0,0,0.0,100.0,0,0.0,0.0,<20
2026-08-16 00:00:00+02:00,3042,Einar,2,3901324,-8.444490545642886,-0.993937302213684,-0.5910785035931774,0.0,0.0,0,0.0,100.0,0,0.0,0.0,<20
2026-08-16 00:00:00+02:00,3037,C. Puga,2,5243145,-6.347258263647951,-1.8914792215155412,-0.7291275177950851,0.0,0.0,0,0.0,100.0,0,0.0,0.0,<20
2026-08-16 00:00:00+02:00,3055,Haitam,4,418777,-5.93043681403843,-2.630606081038664,-0.45378263122614015,0.0,0.0,0,0.0,100.0,0,0.0,0.0,<20
2026-08-16 00:00:00+02:00,3126,Uche,4,20405835,-20.742687341006356,-9.520794201551134,-3.186851220101772,0.0,0.0,0,0.0,100.0,0,0.0,0.0,<20
2026-08-16 00:00:00+02:00,3127,Moscardo,3,9249675,-14.789497791266179,-6.421283522212169,-2.127816040386127,0.0,0.0,0,0.0,100.0,0,0.0,0.0,<20
2026-08-16 00:00:00+02:00,3045,Niño,4,2485055,-9.898279765994515,-7.508815312777049,-2.671481416930871,0.0,0.0,0,0.0,100.0,0,0.0,0.0,<20
2026-08-16 00:00:00+02:00,3047,Dani Sánchez,2,718142,-13.87697636042674,-5.979589298455778,-1.9633486411366727,0.0,0.0,0,0.0,100.0,0,0.0,0.0,<20
2026-08-16 00:00:00+02:00,3048,Ramon,3,820236,-8.90123181186631,-2.964871560088868,-1.5040329698436887,0.0,0.0,0,0.0,100.0,0,0.0,0.0,<20
2026-08-16 00:00:00+02:00,3049,Lobete,4,774568,-13.761249299963147,-6.439580615548148,-2.114618836574199,0.0,0.0,0,0.0,100.0,0,0.0,0.0,<20
2026-08-16 00:00:00+02:00,3050,Jauregi,4,1306593,-15.924335357268793,-5.8912290962311635,-2.002707577842863,0.0,0.0,0,0.0,100.0,0,0.0,0.0,<20
2026-08-16 00:00:00+02:00,3044,Dotor,3,3548785,-11.512676346421555,-8.423816204831356,-2.6994384795077924,0.0,0.0,0,0.0,100.0,0,0.0,0.0,<20
2026-08-16 00:00:00+02:00,3035,Izan M.,3,6331579,-5.762236542393143,-2.3895793485042427,-0.994468175001255,0.0,0.0,0,0.0,100.0,0,0.0,0.0,<20
2026-08-16 00:00:00+02:00,3026,Pablo Ramón,2,510551,-5.491496935490738,-1.1590628375840695,-0.8432820022800854,0.0,0.0,0,0.0,100.0,0,0.0,0.0,<20
2026-08-16 00:00:00+02:00,3034,Joaquín,4,6704555,-10.564960160414824,-3.8486056405391436,-1.3027285240061532,0.0,0.0,0,0.0,100.0,0,0.0,0.0,<20
2026-08-16 00:00:00+02:00,3065,Laporte,2,53175636,-12.518091099962733,-5.8641831937738225,-1.6982694092573851,0.0,0.0,8,15.289760443892481,100.0,0,10.658850424863445,0.0,<20
2026-08-16 00:00:00+02:00,1218,Álex Balde,2,23283990,-1.609944110249308,1.722822925758297,0.891169605347841,2.1090314274600988,9.039417935676472,6,7.043642630473218,83.33333333333334,1,13.23574356076253,0.0,<20
2026-08-16 00:00:00+02:00,3067,Affengruber,2,32752877,-0.029759518368292017,-1.9305997918656077,-1.0571216090571636,0.0,0.0,0,0.0,100.0,0,0.0,0.0,<20
2026-08-16 00:00:00+02:00,3070,Chupe,4,50669666,-3.417896760732702,-4.744291913990992,-1.7037794088682012,0.0,0.0,8,12.693208816317153,100.0,0,11.988880278328855,0.0,<20
2026-08-16 00:00:00+02:00,3074,Germán V.,3,23302377,-1.6997791423568935,-0.10255377417566326,0.13392082887646764,0.0,0.0,0,0.0,100.0,0,0.0,0.0,<20
2026-08-16 00:00:00+02:00,3073,Andrés Martín,4,19005850,-5.508811176517557,-1.7547710257097893,-0.5879407188543473,0.0,0.0,0,0.0,100.0,0,0.0,0.0,<20
2026-08-16 00:00:00+02:00,3072,Larrubia,3,53552819,-1.84029404203782,-4.4786795685068,-1.5573433492131088,0.0,0.0,8,12.562689101959217,100.0,0,10.469078939032215,0.0,<20
2026-08-16 00:00:00+02:00,3071,B. Iglesias,4,26847444,-7.97830055420846,-2.619689075870438,-0.701223366438789,0.0,0.0,0,0.0,100.0,0,0.0,0.0,<20
2026-08-16 00:00:00+02:00,3080,Dumfries,2,57034720,-13.521742182689495,-5.780215178659661,-1.6360369250144553,0.0,0.0,3,12.92816647101379,100.0,0,0.0,0.0,<20
2026-08-16 00:00:00+02:00,3076,Yeremay,4,50616368,-13.913595294249545,-6.464208313500364,-1.8553005993073226,0.0,0.0,8,14.574602655392127,100.0,0,11.922241542298535,0.0,<20
2026-08-16 00:00:00+02:00,3078,T. Martínez,4,25050128,-2.3013815762095837,-0.3282942414677775,0.10545986375017193,0.0,0.0,0,0.0,100.0,0,0.0,0.0,<20
2026-08-16 00:00:00+02:00,3079,Lookman,4,76185001,-1.1741947970292976,-3.2284468249118543,-1.0099145485006196,0.0,0.0,5,17.13076107750094,100.0,0,0.0,0.0,<20
2026-08-16 00:00:00+02:00,3083,Nico Williams,4,63595418,-11.256900604516614,-4.054580462608523,-1.0881307283586077,0.0,0.0,0,0.0,100.0,0,0.0,0.0,<20
2026-08-16 00:00:00+02:00,3082,Lejeune,2,38315814,-1.2622063179970757,0.38791118901747357,0.27130118634536704,0.0,0.0,0,0.0,100.0,0,0.0,0.0,<20
2026-08-16 00:00:00+02:00,3081,Ratiu,2,35597698,-1.7607543054201764,0.4037931959903014,0.42524944311162366,0.0,0.0,0,0.0,100.0,0,0.0,0.0,<20
2026-08-16 00:00:00+02:00,3085,Guedes,4,33135587,-19.352169535457257,-8.839834605623516,-2.906969793541123,0.0,0.0,0,0.0,100.0,0,0.0,0.0,<20
2026-08-16 00:00:00+02:00,3103,Mbappé,4,128763909,-1.5131483948266358,-1.3534355894416017,-0.6304580687231421,0.0,0.0,0,0.0,100.0,0,0.0,0.0,<20
2026-08-16 00:00:00+02:00,3104,Lamine Yamal,4,126122321,-1.7278998162894088,-1.296892083997554,-0.539392737608749,0.0,0.0,0,0.0,100.0,0,0.0,0.0,<20
2026-08-16 00:00:00+02:00,3106,Cucurella,2,81601459,1.7561183388530885,-2.8747893694167987,-0.9597472168972856,0.0,0.0,6,17.82122387231512,100.0,0,13.90197219761517,0.0,<20
2026-08-16 00:00:00+02:00,3128,Guido Rodríguez,3,25562022,-5.697497591805687,-1.894920884665877,-0.6764579394963871,0.0,0.0,0,0.0,100.0,0,0.0,0.0,<20
